id_principal,es,en,versiones,popularidad,origen,clave
36760,SuperMario,SuperMario,15,999,tabla: Super Mario Bros.,supermario
61,Elreydelosluchadores'98,TheKingofFighters'98,27,990,tabla: The King of Fighters '98,thekingoffighters98
287,StreetFighterII',StreetFighterII',32,990,tabla: Street Fighter II,streetfighterii
732,TetrisVersion1,TetrisVersion1,11,990,tabla: Tetris,tetris
60,Elreydelosluchadores'97,TheKingofFighters'97,32,985,tabla: The King of Fighters '97,thekingoffighters97
36800,SuperMarioWorld,SuperMarioWorld,3,985,tabla: Super Mario World,supermarioworld
3,Tekken3Todoslospersonajes,Tekken3Unlockallcharacters,2,980,tabla: Tekken 3,tekken3unlockallcharacters
13,SuperMario64,SuperMario64,3,975,tabla: Super Mario 64,supermario64
280,MetalSlug3,MetalSlug3,2,975,tabla: Metal Slug 3,metalslug3
36774,SuperMario3,SuperMario3,5,975,tabla: Super Mario Bros. 3,supermario3
65,Elreydelosluchadores2002,TheKingofFighters'2002,6,965,tabla: The King of Fighters 2002,thekingoffighters2002
842,Pacman,PacMan,4,965,tabla: Pac-Man,pacman
14,SuperMarioKart64,MarioKartKart64,3,960,tabla: Mario Kart 64,mariokartkart64
190,Cadillacs&Dinosaurs3P,Cadillacs&Dinosaurs3P,47,960,tabla: Cadillacs & Dinosaurs (y sus hacks),cadillacsdinosaurs
278,BabosaMetálica,MetalSlug,1,960,tabla: Metal Slug,metalslug
36796,SuperMarioKart (E),SuperMarioKart (E),1,955,tabla: Super Mario Kart,supermariokart
6,MortalKombat2,MortalKombat2,2,950,tabla: Mortal Kombat II,mortalkombat2
286,MetalSlugX,MetalSlugX,11,950,tabla: Metal Slug X,metalslugx
1004,ContraUSA,ContraUSA,8,950,tabla: Contra,contra
33914,Sonic1,Sonic1,9,945,tabla: Sonic the Hedgehog,sonic1
7,MortalKombat3,MortalKombat3,2,940,tabla: Mortal Kombat 3,mortalkombat3
22748,SuperStreetFighterIIX:GrandMasterChallenge,SuperStreetFighterIIX:GrandMasterChallenge,2,940,tabla: Super Street Fighter II,superstreetfighteriixgrandmasterchallenge
9,MARVELVS.CAPCOM2,MARVELVS.CAPCOM2,2,930,tabla: Marvel vs. Capcom 2,marvelvscapcom2
1141,Galaga,Galaga,1,930,tabla: Galaga,galaga
6919,ChronoTrigger (EE.UU.),ChronoTrigger (USA),18,930,tabla: Chrono Trigger,chronotrigger
22741,StreetFighterIII'3rdStrike,StreetFighterIII'3rdStrike,2,930,tabla: Street Fighter III: 3rd Strike,streetfighteriii3rdstrike
475,DobleDragón,DoubleDragon,10,920,tabla: Double Dragon,doubledragon
489,Luchafinal,FinalFight,1,920,tabla: Final Fight,finalfight
652,TeenageMutantNinjaTurtlesReinoUnido,TeenageMutantNinjaTurtlesUK,37,920,tabla: Teenage Mutant Ninja Turtles,teenagemutantninjaturtles
2,Tekken2,Tekken2,2,910,tabla: Tekken 2,tekken2
258,Guerrerosdeldestino3P,WarriorsOfFate3P,15,905,tabla: Warriors of Fate (Sangokushi II),warriorsoffate
12,CrashTeamRacing,CrashTeamRacing,2,900,tabla: Crash Bandicoot / Crash Team Racing,crashteamracing
63,Elreydelosluchadores2000,TheKingofFighters'2000,5,900,tabla: The King of Fighters 2000,thekingoffighters2000
177,CaballerosdelaMesaRedonda3P,KnightsoftheRoundTable3P,8,900,tabla: Knights of the Round,knightsoftheroundtable
242,CaballerosdelvalorV111,KnightsofValourV111,17,900,tabla: Knights of Valour (Sangoku Senki),knightsofvalour
279,MetalSlug2,MetalSlug2,1,900,tabla: Metal Slug 2,metalslug2
344,SamuraiShodown2,SamuraiShodown2,4,900,tabla: Samurai Shodown II,samuraishodown2
763,BubbleBobble,BubbleBobble,1,900,tabla: Bubble Bobble,bubblebobble
1411,SuperContra,SuperContra,1,900,tabla: Super Contra,supercontra
1557,Megaman2,MegaMan2,9,900,tabla: Mega Man 2,megaman2
2499,EdiciónSuperContraInvincible,SuperContraInvincibleEdition,9,900,tabla: Super Contra,supercontrainvincibleedition
6870,CapitánComando (Europa),CaptainCommando (Europe),25,900,tabla: Captain Commando,captaincommando
11595,1942versiónestadounidense,1942USversion,19,900,tabla: 1942,1942
22753,StreetFighterAlpha2,StreetFighterAlpha2,2,900,tabla: Street Fighter Alpha 2,streetfighteralpha2
36769,SuperMario2,SuperMario2,5,900,tabla: Super Mario Bros. 2,supermario2
36793,SuperMarioAll-Stars (USA),SuperMarioAll-Stars (USA),1,900,tabla: Super Mario All-Stars,supermarioallstars
284,MetalSlug5,MetalSlug5,1,895,tabla: Metal Slug 5,metalslug5
33911,Sonic3,Sonic3,9,895,tabla: Sonic 3,sonic3
62,Elreydelosluchadores'99,TheKingofFighters'99,10,890,tabla: The King of Fighters '99,thekingoffighters99
210,ViajealOeste,OrientalLegend,32,890,tabla: Oriental Legend,orientallegend
4,Tekken5 3D,Tekken5 3D,2,885,tabla: Tekken 5 / Dark Resurrection,tekken53d
1442,Dungeons&Dragons:ShadowoverMystara,Dungeons&Dragons:ShadowoverMystara,2,885,tabla: Dungeons & Dragons (Capcom),dungeonsdragonsshadowovermystara
1443,Dungeons&Dragons:TowerofDoom,Dungeons&Dragons:TowerofDoom,1,885,tabla: Dungeons & Dragons (Capcom),dungeonsdragonstowerofdoom
184,Dobledragon2,DoubleDragon2,13,880,tabla: Double Dragon II,doubledragon2
237,CaballerosdelValor2V1064P,KnightsofValour2V1064P,9,880,tabla: Knights of Valour 2,knightsofvalour2
282,MetalSlug4,MetalSlug4,2,880,tabla: Metal Slug 4,metalslug4
319,RaidenVersion1,RaidenVersion1,3,880,tabla: Raiden,raiden
624,SnowBros,SnowBros,9,880,tabla: Snow Bros.,snowbros
777,PuzzleBobble,PuzzleBobble,2,880,tabla: Puzzle Bobble / Bust-a-Move,puzzlebobble
837,Megahombre,MegaMan,9,880,tabla: Mega Man,megaman
845,1943,1943,12,880,tabla: 1943,1943
1708,GoldenAxe,GoldenAxe,1,880,tabla: Golden Axe,goldenaxe
1713,AlienVs.Depredador,AlienVs.Predator,17,880,tabla: Alien vs. Predator,alienvspredator
1751,Castigador,Punisher,24,880,tabla: The Punisher,punisher
1759,Bomberman,Bomberman,40,880,tabla: Bomberman,bomberman
2335,Castlevania,Castlevania,49,880,tabla: Castlevania,castlevania
6856,BustAMove (EstadosUnidos),BustAMove (USA),9,880,tabla: Puzzle Bobble / Bust-a-Move,bustamove
21690,Mario_bros,Mario_bros,10,880,tabla: Mario Bros.,mariobros
22659,Simpsons,Simpsons,4,880,tabla: The Simpsons (arcade),simpsons
22690,MarvelVsCapcom,MarvelVsCapcom,2,880,tabla: Marvel vs. Capcom,marvelvscapcom
22764,Garou,Garou,2,880,tabla: Garou: Mark of the Wolves,garou
30782,MetalGearSolidGhostTowerVersiónjaponesa,MetalGearSolidGhostTowerJapaneseVersion,8,880,tabla: Metal Gear Solid,metalgearsolidghosttower
30784,EdiciónestadounidensedeMetalGearSolid,MetalGearSolidUSEdition,8,880,tabla: Metal Gear Solid,metalgearsolid
30785,TorrefantasmadeMetalGearSolid1,MetalGearSolid1GhostTower,8,880,tabla: Metal Gear Solid,metalgearsolid1ghosttower
30953,RockmanX1,RockmanX1,8,880,tabla: Mega Man X,rockmanx1
30955,MegaManX1generaciónversiónestadounidense,MegaManX1generationUSversion,12,880,tabla: Mega Man X,megamanx1generation
1408,Strikers1945I,Strikers1945I,1,875,tabla: Strikers 1945,strikers1945i
1,Tekken,Tekken,2,870,tabla: Tekken,tekken
5,Tekken6 3D,Tekken6 3D,2,870,tabla: Tekken 6,tekken63d
72,Elreydeloscombatientes'96,TheKingofFighters'96,4,870,tabla: The King of Fighters '96,thekingoffighters96
343,SamuraiShodown,SamuraiShodown,4,870,tabla: Samurai Shodown,samuraishodown
22752,StreetFighterAlpha,StreetFighterAlpha,2,870,tabla: Street Fighter Alpha,streetfighteralpha
2204,NinjaGaiden3InvincibleEdition,NinjaGaiden3InvincibleEdition,14,865,tabla: Ninja Gaiden,ninjagaiden3invincibleedition
2755,NinjaGaiden,NinjaGaiden,11,865,tabla: Ninja Gaiden,ninjagaiden
8,MortalKombat4,MortalKombat4,7,860,tabla: Mortal Kombat 4,mortalkombat4
15,SuperMarioParty64,SuperMarioParty64,3,860,tabla: Mario Party,supermarioparty64
28,Banjo 3D,Banjo 3D,3,860,tabla: Banjo-Kazooie,banjo3d
59,N64InterestelarFirefox,N64LylatWars (Europe) -- 3D,3,860,tabla: Star Fox / Lylat Wars,lylatwars3d
64,Elreydelosluchadores2001,TheKingofFighters'2001,8,860,tabla: The King of Fighters 2001,thekingoffighters2001
71,Elreydelosluchadores'95,TheKingofFighters'95,2,860,tabla: The King of Fighters '95,thekingoffighters95
413,SuperPunchOutB,SuperPunchOutB,1,860,tabla: Punch-Out!!,superpunchoutb
465,Ghouls'nGhosts,Ghouls'nGhosts,1,860,tabla: Ghosts 'n Goblins,ghoulsnghosts
498,Ghosts'nGoblins,Ghosts'nGoblins,1,860,tabla: Ghosts 'n Goblins,ghostsngoblins
1499,Fueradeejecución,OutRun,23,860,tabla: Out Run,outrun
7549,SpaceCruiser (versiónjaponesa),Gradius (Japan),11,860,tabla: Gradius,gradius
7582,AlienFighter (versiónestadounidense),RType (USA),8,860,tabla: R-Type,rtype
8792,DisneyAladdin,Aladdin,63,860,tabla: Aladdin,aladdin
8842,ReyLeóndeDisney1.5,LionKing1.5：The,9,860,tabla: The Lion King,lionking15the
11647,TortugasNinja2,TeenageMutantNinjaTurtles2,22,860,tabla: TMNT II / III,teenagemutantninjaturtles2
11648,TortugasNinjamutantesadolescentes3,TeenageMutantNinjaTurtles3,22,860,tabla: TMNT II / III,teenagemutantninjaturtles3
22693,NBAJam,NBAJam,2,860,tabla: NBA Jam,nbajam
22740,StreetFighterIII'2Impact,StreetFighterIII'2ndImpact,2,860,tabla: Street Fighter III,streetfighteriii2ndimpact
22742,StreetFighterIII:NuevaGeneración,StreetFighterIII'NewGeneration,2,860,tabla: Street Fighter III,streetfighteriiinewgeneration
30383,ElReyLeónElReyElfo,TheLionKingTheElfKing,9,860,tabla: The Lion King,thelionkingtheelfking
30679,VersiónestadounidensedeXMen,XMenUSVersion,14,860,tabla: X-Men,xmen
31004,ElReyLeónEdiciónEuropea,TheLionKingEuropeanEdition,12,860,tabla: The Lion King,thelionking
31020,ResidentEvilfinalmenteescapó,ResidentEvilfinallyescaped,8,860,tabla: Resident Evil,residentevilfinallyescaped
31021,ResidentEvilGaidenVersióneuropea,ResidentEvilGaidenEuropeanVersion,4,860,tabla: Resident Evil,residentevilgaiden
33856,LionKing (WorldEdition),LionKing (WorldEdition),9,860,tabla: The Lion King,lionking
36694,TeenageMutantNinjaTurtles2TimeandSpaceBattle4P,TeenageMutantNinjaTurtles2TimeandSpaceBattle4P,1,860,tabla: TMNT II / III,teenagemutantninjaturtles2timeandspacebattle
36797,SuperMarioRPG (J),SuperMarioRPG (J),1,860,tabla: Super Mario RPG,supermariorpg
66,Elreydelosluchadores2003,TheKingofFighters'2003,4,850,tabla: The King of Fighters 2003,thekingoffighters2003
350,TheLastBlade2,TheLastBlade2,5,850,tabla: The Last Blade 2,thelastblade2
3008,IslaAventura,AdventureIsland,58,850,tabla: Adventure Island,adventureisland
8702,CollegeInspectionStrengthenedSeriesEnglishWord2000WordsRedEditionrev1,MortalKombatAdvance,13,850,tabla: Ultimate Mortal Kombat 3,mortalkombatadvance
22754,MarvelSuperHeroesVs.luchadorcallejero,MarvelSuperHeroesVs.StreetFighter,2,850,tabla: Marvel Super Heroes vs. Street Fighter,marvelsuperheroesvsstreetfighter
70,Elreydeloscombatientes'94,TheKingofFighters'94,2,840,tabla: The King of Fighters '94,thekingoffighters94
328,Especialfuriafatal,FatalFurySpecial,1,840,tabla: Fatal Fury Special,fatalfuryspecial
846,1944USAEdiciónPhoenix,1944USAPhoenixEdition,1,840,tabla: 1944: The Loop Master,1944usaphoenixedition
930,RaidenDXReinoUnido,RaidenDXUK,1,840,tabla: Raiden II / DX,raidendx
1376,1944,1944,1,840,tabla: 1944: The Loop Master,1944
1617,BattleToads,BattleToads,1,840,tabla: Battletoads,battletoads
2214,1944EdiciónSuperInvencible,1944SuperInvincibleEdition,14,840,tabla: 1944: The Loop Master,1944superinvincibleedition
2334,Castlevania2CharacterModifiedVersion,Castlevania2CharacterModifiedVersion,12,840,tabla: Castlevania (secuelas),castlevania2charactermodifiedversion
6756,BattletoadsenBattlemaniacs (Europa),BattletoadsinBattlemaniacs (Europe),25,840,tabla: Battletoads,battletoadsinbattlemaniacs
6759,BattletoadsDoubleDragon (Europa),BattletoadsDoubleDragon (Europe),16,840,tabla: Battletoads,battletoadsdoubledragon
6886,CastlevaniaDraculaX (EstadosUnidos),CastlevaniaDraculaX (USA),9,840,tabla: Castlevania (secuelas),castlevaniadraculax
8295,XiaoLongsudánkhamees (congeladodetemporada,SpyroSeasonofIce,12,840,tabla: Spyro,spyroseasonofice
8461,GorriónDragón2TemporadadelasLlamas,Spyro2SeasonofFlame,10,840,tabla: Spyro,spyro2seasonofflame
8657,LittleDragonSparrowTemporadacongelada,SpyroAdvance,9,840,tabla: Spyro,spyroadvance
22703,Silenthill,SilentHill,3,840,tabla: Silent Hill,silenthill
30540,Castlevania2,Castlevania2,21,840,tabla: Castlevania (secuelas),castlevania2
30541,Castlevania3,Castlevania3,21,840,tabla: Castlevania (secuelas),castlevania3
349,Laultimacuchilla,TheLastBlade,5,830,tabla: The Last Blade,thelastblade
2380,MegaMan3InvincibleEdition,MegaMan3InvincibleEdition,14,830,tabla: Mega Man 3-6,megaman3invincibleedition
2381,MegaMan4InvincibleEdition,MegaMan4InvincibleEdition,14,830,tabla: Mega Man 3-6,megaman4invincibleedition
2382,MegaMan5InvincibleEdition,MegaMan5InvincibleEdition,14,830,tabla: Mega Man 3-6,megaman5invincibleedition
2383,MegaMan6InvincibleEdition,MegaMan6InvincibleEdition,14,830,tabla: Mega Man 3-6,megaman6invincibleedition
30950,MegaMan3,MegaMan3,8,830,tabla: Mega Man 3-6,megaman3
30951,MegaMan4,MegaMan4,8,830,tabla: Mega Man 3-6,megaman4
30952,MegaMan5,MegaMan5,8,830,tabla: Mega Man 3-6,megaman5
11,TemadeDragonBallGT,DragonBallGT,2,820,tabla: Dragon Ball Z / GT,dragonballgt
57,N64ZeroRacingX,N64F-ZeroX (USA) -- 3D,3,820,tabla: F-Zero,fzerox3d
173,NinjaBaseballBatman,NinjaBaseballBatman,2,820,tabla: Ninja Baseball Bat Man,ninjabaseballbatman
185,Dobledragon3,DoubleDragon3,24,820,tabla: Double Dragon III,doubledragon3
345,SamuraiShodown3,SamuraiShodown3,3,820,tabla: Samurai Shodown III-V,samuraishodown3
346,SamuraiShodown4,SamuraiShodown4,3,820,tabla: Samurai Shodown III-V,samuraishodown4
347,SamuraiShodown4rev1,SamuraiShodown5,5,820,tabla: Samurai Shodown III-V,samuraishodown5
435,Comandobiónico,Bioniccommando,1,820,tabla: Bionic Commando,bioniccommando
527,Maestrodekungfu,KungFuMaster,1,820,tabla: Kung-Fu Master,kungfumaster
656,Elreydelosdragonespirata3P,TheKingofDragonsBootleg3P,1,820,tabla: The King of Dragons,thekingofdragonsbootleg
681,StriderHiryu,StriderHiryu,1,820,tabla: Strider,striderhiryu
849,AeroFighters2,AeroFighters2,1,820,tabla: Aero Fighters,aerofighters2
850,AeroFighters3,AeroFighters3,1,820,tabla: Aero Fighters,aerofighters3
1017,FroggerER,FroggerER,1,820,tabla: Frogger,froggerer
1071,Strider1,Strider1,1,820,tabla: Strider,strider1
1140,DodonpachiDai,DodonpachiDai,1,820,tabla: DoDonPachi,dodonpachidai
1158,Comando (Sega),Commando (Sega),1,820,tabla: Commando,commando
1169,1943Kai,1943Kai,23,820,tabla: 1943 Kai,1943kai
1196,AvionesdecombateShikoku,AeroFighters,10,820,tabla: Aero Fighters,aerofighters
1244,DoDonPachi,DoDonPachi,1,820,tabla: DoDonPachi,dodonpachi
1413,MarvelSuperHeroes,MarvelSuperHeroes,1,820,tabla: Marvel Super Heroes,marvelsuperheroes
1712,OperaciónLobo,OperationWolf,32,820,tabla: Operation Wolf,operationwolf
1716,Alassonoras,SonicWings,1,820,tabla: Aero Fighters,sonicwings
6692,ArkanoidDohItAgain (Europa),ArkanoidDohItAgain (Europe),25,820,tabla: Arkanoid,arkanoiddohitagain
7842,Teppanyaki (versiónjaponesa),XeviousFardrautDensetsu (Japan),10,820,tabla: Xevious,xeviousfardrautdensetsu
8316,Ranasapoinevitablementelaaventura,Frogger'sAdventuresTempleoftheFrog,12,820,tabla: Frogger,froggersadventurestempleofthefrog
8468,Ranagranexploración,FroggerAdvanceTheGreatQuest,10,820,tabla: Frogger,froggeradvancethegreatquest
8477,SieteDragonBallsZLeyendadelPatrimonioWukong,DragonBallZTheLegacyofGoku,10,820,tabla: Dragon Ball Z / GT,dragonballzthelegacyofgoku
8543,FrogAdventure2BastePerdido,Frogger'sAdventures2TheLostWand,9,820,tabla: Frogger,froggersadventures2thelostwand
8767,SevenDragonBallsZLeyendadellegadodeWukong2,DragonBallZTheLegacyofGokuII,9,820,tabla: Dragon Ball Z / GT,dragonballzthelegacyofgokuii
8782,FrogAdventure2MagicNationalAdventure,FroggerMahounoKuninoDaibouken,9,820,tabla: Frogger,froggermahounokuninodaibouken
31191,DragonBallZ:GokuFlyingLegend,DragonBallZ:GokuFlyingLegend,7,820,tabla: Dragon Ball Z / GT,dragonballzgokuflyinglegend
31194,DragonBallZLegendarySuperWarriorsversióneuropea,DragonBallZLegendarySuperWarriorsEuropeanVersion,4,820,tabla: Dragon Ball Z / GT,dragonballzlegendarysuperwarriors
36579,XMen:Hijosdelátomo,XMen:ChildrenoftheAtom,1,820,tabla: X-Men (Capcom),xmenchildrenoftheatom
36728,DragonBallZSuperWukongbiografíadespertarcapítulo,DragonBallZSuperWukongAwakeningChapter,1,820,tabla: Dragon Ball Z / GT,dragonballzsuperwukongawakeningchapter
36729,DragonBallZSuperWukongChuanartículosemocionantesrepentinos,DragonBallZSuperWukongTransmissionandShockChapter,1,820,tabla: Dragon Ball Z / GT,dragonballzsuperwukongtransmissionandshockchapter
36730,DragonBallZ:SuperButoden5VersiónenChino,DragonBallZ:SuperButoden5ChineseVersion,1,820,tabla: Dragon Ball Z / GT,dragonballzsuperbutoden5
36731,DragonBallZ3:FierceWarDayonEarth,DragonBallZ3:FierceWarDayonEarth,1,820,tabla: Dragon Ball Z / GT,dragonballz3fiercewardayonearth
36732,DragonBallZ2:TheGodofFuryEdition,DragonBallZ2:TheGodofFuryEdition,2,820,tabla: Dragon Ball Z / GT,dragonballz2thegodoffuryedition
10,Sangrientorugido2,BloodyRoar2,2,800,tabla: Bloody Roar,bloodyroar2
54,N64Locomotoratodoterreno64,N64Excitebike64 (Europe) -- 3D,3,800,tabla: Excitebike,excitebike643d
68,EdicióndeldécimoaniversariodeElreydelosluchadores',TheKingOfFighters10thAnniversary,2,800,tabla: The King of Fighters 10th Anniversary,thekingoffighters10thanniversary
156,Elreydelosluchadores'10moAniversario2005Único,TheKingofFighters10thAnniversary'2005Unique,1,800,tabla: The King of Fighters 10th Anniversary,thekingoffighters10thanniversary2005unique
285,MetalSlug6,MetalSlug6,1,800,tabla: Metal Slug 6,metalslug6
326,FatalFury1,FatalFury1,1,800,tabla: Fatal Fury,fatalfury1
327,FatalFury3,FatalFury3,1,800,tabla: Fatal Fury,fatalfury3
620,Soldadosdechoque2,ShockTroopers2,1,800,tabla: Shock Troopers,shocktroopers2
621,ShockTroopersversión2,ShockTroopersVersion2,1,800,tabla: Shock Troopers,shocktroopers
844,1941Contraataque,1941CounterAttack,12,800,tabla: 1941: Counter Attack,1941counterattack
1394,GuerrerosNocturnos:LaVenganzaDeLosDarkstalkers,NightWarriors:Darkstalkers'Revenge,1,800,tabla: Darkstalkers,nightwarriorsdarkstalkersrevenge
1401,Columns'97,Columns'97,1,800,tabla: Columns,columns97
1454,VampireSavior2:TheLordofVampire,VampireSavior2:TheLordofVampire,1,800,tabla: Darkstalkers,vampiresavior2thelordofvampire
1456,Vampire:TheNightWarriors,Vampire:TheNightWarriors,2,800,tabla: Darkstalkers,vampirethenightwarriors
1493,Darkstalkers:TheNightWarriors,Darkstalkers:TheNightWarriors,1,800,tabla: Darkstalkers,darkstalkersthenightwarriors
1572,Columnas2,Columns2,1,800,tabla: Columns,columns2
1599,PuyoPuyo,PuyoPuyo,1,800,tabla: Puyo Puyo,puyopuyo
1631,SpaceHarrier,SpaceHarrier,9,800,tabla: Space Harrier,spaceharrier
1691,Guerrerosdelanoche,NightWarriors,1,800,tabla: Darkstalkers,nightwarriors
1692,VampireHunter2:DarkstalkersRevenge,VampireHunter2:DarkstalkersRevenge,1,800,tabla: Darkstalkers,vampirehunter2darkstalkersrevenge
2267,VersiónDragonQuest4HACK,DragonQuest4HACKVersion,12,800,tabla: Dragon Quest,dragonquest4hackversion
6940,Columnas (Japón),Columns (Japan),31,800,tabla: Columns,columns
7590,Shinobi (versiónjaponesa),Shinobi (Japan),11,800,tabla: Shinobi,shinobi
7792,Afterburner2 (versiónjaponesa),AfterBurnerII (Japan),21,800,tabla: After Burner,afterburnerii
8282,Lasburbujasmágicaspullpullpullpullpullbattledelasburbujas1,MinnadePuyoPuyo,12,800,tabla: Puyo Puyo,minnadepuyopuyo
8312,Supercopainternacional,InternationalSuperstarSoccer,12,800,tabla: ISS / Winning Eleven,internationalsuperstarsoccer
8347,Truronickmetida2increíblelaberinto,DragonQuestCharactersTorneconoDaibouken2AdvanceFushigino,11,800,tabla: Dragon Quest,dragonquestcharacterstorneconodaibouken2advancefushigino
8362,MagiaDaHuiZhanvesicular1,PuyoPop,12,800,tabla: Puyo Puyo,puyopop
8491,JLeagueSoccergana11personasen2002,J.LeagueWinningElevenAdvance2002,10,800,tabla: ISS / Winning Eleven,jleaguewinningelevenadvance2002
8532,TonyAbbottHawkePatinajeProfesional4,TonyHawk'sProSkater4,9,800,tabla: Tony Hawk's Pro Skater,tonyhawksproskater4
8552,FútboldelaFIFA2003,FIFA (M6) (FIFA足球2003),9,800,tabla: FIFA,fifa
8572,Jim2,EarthwormJim2,14,800,tabla: Earthworm Jim,earthwormjim2
8577,ReyBestiaGuardiándelReino,AlteredBeastGuardianoftheRealms,9,800,tabla: Altered Beast,alteredbeastguardianoftherealms
8637,Partidointernacionaldefútboldesuperestrellas,InternationalSuperstarSoccerAdvance,9,800,tabla: ISS / Winning Eleven,internationalsuperstarsocceradvance
8654,Lehman3Lasturbascausanestragos,Rayman3,18,800,tabla: Rayman,rayman3
8686,Valienteluchadragónmonstruoartículo3Corazóndelabrigada,DragonQuestMonstersCaravanHeart,9,800,tabla: Dragon Quest,dragonquestmonsterscaravanheart
8752,TonyAbbottHawkerProSkateboard3,TonyHawk'sProSkater3,9,800,tabla: Tony Hawk's Pro Skater,tonyhawksproskater3
11615,FIFAFootball2000versiónestadounidense,FIFAFootball2000USVersion,7,800,tabla: FIFA,fifafootball2000
11623,DragonQuestIII,DragonQuestIII,10,800,tabla: Dragon Quest,dragonquestiii
22710,Tonyhawkeproskateboard2,TonyHawk'sProSkater2,4,800,tabla: Tony Hawk's Pro Skater,tonyhawksproskater2
22771,LaextrañaaventuradeJoJo,JoJo'sBizarreAdventure,2,800,tabla: JoJo's Bizarre Adventure,jojosbizarreadventure
23750,GBATruronickmetida2increíblelaberinto,GBADragonQuestCharactersTorneconoDaibouken2AdvanceFush,1,800,tabla: Dragon Quest,dragonquestcharacterstorneconodaibouken2advancefush
30377,PríncipedePersia,PrinceofPersia,18,800,tabla: Prince of Persia,princeofpersia
30786,Engranajedemetal2,Metalgear2,8,800,tabla: Metal Gear,metalgear2
36795,SuperMarioCollection,SuperMarioCollection,2,800,tabla: Super Mario Land / Collection,supermariocollection
16,SuperMarioTennis64,SuperMarioTennis64,3,780,tabla: Super Mario (otros),supermariotennis64
50,N64Carrerasnovedosas,N64Cruis'nExotica (USA) -- 3D,3,780,tabla: Cruis'n,cruisnexotica3d
51,N64Carrerasamericanas,N64Cruis'nUSA (USA) -- 3D,3,780,tabla: Cruis'n,cruisn3d
314,luchadorcallejero,StreetFighter,27,780,tabla: Street Fighter,streetfighter
322,Artedelalucha,ArtOfFighting,17,780,tabla: Art of Fighting,artoffighting
323,Artedelalucha2,ArtOfFighting2,1,780,tabla: Art of Fighting,artoffighting2
324,Artedelalucha3,ArtofFighting3,1,780,tabla: Art of Fighting,artoffighting3
418,Héroesdelmundo,WorldHeroes,1,780,tabla: World Heroes,worldheroes
419,Héroesdelmundo2,WorldHeroes2,1,780,tabla: World Heroes,worldheroes2
420,Héroesdelmundoperfecto,WorldHeroesPerfect,1,780,tabla: World Heroes,worldheroesperfect
532,Lemmings,Lemmings,1,780,tabla: Lemmings,lemmings
645,SuperPang,SuperPang,1,780,tabla: Pang,superpang
701,WonderBoy3,WonderBoy3,1,780,tabla: Wonder Boy,wonderboy3
702,WonderBoyDeluxe,WonderBoyDeluxe,1,780,tabla: Wonder Boy,wonderboydeluxe
731,TetrisJP1,TetrisJP1,1,780,tabla: Tetris (otras versiones),tetrisjp1
1006,Detana!!Abejagemela,Detana!!TwinBee,21,780,tabla: TwinBee,detanatwinbee
1041,Mercenarios3P,Mercs3P,1,780,tabla: Mercs,mercs
1108,Galaga88,Galaga88,1,780,tabla: Galaga (otras),galaga88
1139,BombjackTwin,BombjackTwin,1,780,tabla: Bomb Jack,bombjacktwin
1142,TetrisElAbsolutoElGranMaestro2,TetrisTheAbsoluteTheGrandMaster2,1,780,tabla: Tetris (otras versiones),tetristheabsolutethegrandmaster2
1179,Partegalaxiana,GalaxianPart,1,780,tabla: Galaxian,galaxianpart
1248,WonderBoyenMonsterLand,WonderBoyinMonsterLand,1,780,tabla: Wonder Boy,wonderboyinmonsterland
1263,Deporteshiperactivos,HyperSports,2,780,tabla: Track & Field,hypersports
1333,Track&Field (HyperOlympic),Track&Field (HyperOlympic),1,780,tabla: Track & Field,trackfield
1453,TetrisJP2,TetrisJP2,1,780,tabla: Tetris (otras versiones),tetrisjp2
1603,PangPom's,PangPom's,1,780,tabla: Pang,pangpoms
1634,Aférrate,HangOn,1,780,tabla: Hang-On,hangon
1724,Cábala,Cabal,1,780,tabla: Cabal,cabal
1730,BombJack,BombJack,1,780,tabla: Bomb Jack,bombjack
2258,AdventureIsland3enchino,AdventureIsland3ChineseVersion,35,780,tabla: Adventure Island (secuelas),adventureisland3
2261,AdventureIsland4InvincibleEdition,AdventureIsland4InvincibleEdition,14,780,tabla: Adventure Island (secuelas),adventureisland4invincibleedition
2488,ContraForce,ContraForce,7,780,tabla: Contra (otras),contraforce
2500,Contra2InvincibleEdition,Contra2InvincibleEdition,9,780,tabla: Contra (otras),contra2invincibleedition
2502,Contra1InvincibleEdition,Contra1InvincibleEdition,9,780,tabla: Contra (otras),contra1invincibleedition
6573,ContraIIITheAlienWars (EstadosUnidos),ContraIIITheAlienWars (USA),7,780,tabla: Contra (otras),contraiiithealienwars
6574,ContraSpirits (Japón),ContraSpirits (Japan),7,780,tabla: Contra (otras),contraspirits
7568,LittleBee (versiónestadounidense),Galaga'90 (USA),8,780,tabla: Galaga (otras),galaga90
8330,AltacógrafoKuangBiaoauto,Cruis'nVelocity,12,780,tabla: Cruis'n,cruisnvelocity
8359,Súperdeportivoedicióninvierno2002,HyperSports2002Winter,12,780,tabla: Track & Field,hypersports2002winter
8542,SoulDomeAlienWarEX,ContraAdvanceTheAlienWarsEX,9,780,tabla: Contra (otras),contraadvancethealienwarsex
8574,Legadooscuro,GauntletDarkLegacy,9,780,tabla: Gauntlet,gauntletdarklegacy
11620,IslaAventura2,AdventureIsland2,31,780,tabla: Adventure Island (secuelas),adventureisland2
22603,3DCarrerasmundiales,3D0149-Cruis'nWorld (USA) (Nintendo) (96Mb) .3D-- 3D,3,780,tabla: Cruis'n,cruisnworld3d
30448,VersióndeTetrisDXJapónEE.UU.,TetrisDXJapanUSVersion,5,780,tabla: Tetris (otras versiones),tetrisdxjapan
36776,SuperMario3B+SE1,SuperMario3B+SE1,1,780,tabla: Super Mario (otros),supermario3bse1
36782,SuperMarioBros.4,SuperMarioBros.4,1,780,tabla: Super Mario (otros),supermariobros4
36801,Tetris&Dr.Mario (E),Tetris&Dr.Mario (E),1,780,tabla: Tetris (otras versiones),tetrisdrmario
32,StreetFighterEX,StreetFighterEX,3,770,tabla: Street Fighter EX,streetfighterex
17,Bomberman 3D,Bomberman 3D,1,760,tabla: Bomberman (otros),bomberman3d
25,NarutoUltimateNinja,NarutoUltimateNinja,1,760,tabla: Naruto,narutoultimateninja
37,N64Sra.PacManMazeMadness,N64Ms.PacManMazeMadness 3D,3,760,tabla: Pac-Man (otros),mspacmanmazemadness3d
570,NeoBomberMan,NeoBomberMan,1,760,tabla: Neo Bomberman,neobomberman
603,Robocop,Robocop,13,760,tabla: RoboCop,robocop
604,Robocop2,Robocop2,9,760,tabla: RoboCop,robocop2
685,TumblePop,TumblePop,1,760,tabla: Tumble Pop,tumblepop
812,TazónTecmo,TecmoBowl,1,760,tabla: Tecmo Bowl,tecmobowl
817,Windjammers,Windjammers,1,760,tabla: Windjammers,windjammers
874,Estrellaardiente,BlazingStar,1,760,tabla: Blazing Star,blazingstar
886,Donpachi,Donpachi,1,760,tabla: DonPachi,donpachi
964,TigerHeli,TigerHeli,1,760,tabla: Tiger-Heli,tigerheli
988,AkumaJouDracula,AkumaJouDracula,10,760,tabla: Castlevania (otros),akumajoudracula
1024,Armadehumo,Gun.Smoke,1,760,tabla: Gun.Smoke,gunsmoke
1135,Sra.PacManHeartBurn,Ms.PacManHeartBurn,1,760,tabla: Pac-Man (otros),mspacmanheartburn
1275,BurgerTime,BurgerTime,1,760,tabla: BurgerTime,burgertime
1306,MsPacmanPart1,MsPacmanPart1,1,760,tabla: Pac-Man (otros),mspacmanpart1
1309,Ms.PacManPlus,Ms.PacManPlus,1,760,tabla: Pac-Man (otros),mspacmanplus
1362,Ms.PacmanChampionEdition,Ms.PacmanChampionEdition,1,760,tabla: Pac-Man (otros),mspacmanchampionedition
1366,PacManGalaxian1,PacManGalaxian1,1,760,tabla: Pac-Man (otros),pacmangalaxian1
1367,PacManGalaxian2,PacManGalaxian2,1,760,tabla: Pac-Man (otros),pacmangalaxian2
1370,Gunbird,Gunbird,1,760,tabla: Gunbird,gunbird
1560,Pacmania,PacMania,1,760,tabla: Pac-Man (otros),pacmania
1715,Estampidosupersónico,SonicBoom,1,760,tabla: Sonic (otros),sonicboom
1745,SpiderMan:ElVideojuego,SpiderMan:TheVideogame,1,760,tabla: Spider-Man,spidermanthevideogame
1897,NarutoNaruto (Chineseversion),NarutoNaruto (Chineseversion),12,760,tabla: Naruto,narutonaruto
2169,BombermanJack (Japaneseversion),BombermanJack (Japaneseversion),12,760,tabla: Bomberman (otros),bombermanjack
2277,EdiciónPacManInvincible,PacManInvincibleEdition,14,760,tabla: Pac-Man (otros),pacmaninvincibleedition
2333,Castlevania1CharacterSkullEdition,Castlevania1CharacterSkullEdition,12,760,tabla: Castlevania (otros),castlevania1characterskulledition
2337,CastlevaniaSideStoryInvincibleEdition,CastlevaniaSideStoryInvincibleEdition,14,760,tabla: Castlevania (otros),castlevaniasidestoryinvincibleedition
2378,MegaMan1InvincibleEdition,MegaMan1InvincibleEdition,14,760,tabla: Mega Man (otros),megaman1invincibleedition
2379,MegaMan2InvincibleEdition,MegaMan2InvincibleEdition,14,760,tabla: Mega Man (otros),megaman2invincibleedition
2395,Bomberman1InvincibleEdition,Bomberman1InvincibleEdition,14,760,tabla: Bomberman (otros),bomberman1invincibleedition
2396,EdiciónBombermanInvincible,BombermanInvincibleEdition,14,760,tabla: Bomberman (otros),bombermaninvincibleedition
2429,TigerHelicopterInvincibleEdition,TigerHelicopterInvincibleEdition,14,760,tabla: Tiger-Heli,tigerhelicopterinvincibleedition
2443,Batman1rageneración,Batman1stgeneration,12,760,tabla: Batman,batman1stgeneration
2444,Batman2InvincibleEdition,Batman2InvincibleEdition,14,760,tabla: Batman,batman2invincibleedition
2445,EdiciónBatmanInvincible,BatmanInvincibleEdition,14,760,tabla: Batman,batmaninvincibleedition
6540,Bomberman'93 (USversion),Bomberman'93 (USversion),31,760,tabla: Bomberman (otros),bomberman93
6575,Supermansónico,SonicSuperman,7,760,tabla: Sonic (otros),sonicsuperman
6576,SupersónicoSuperman2,SonicSuperman2,7,760,tabla: Sonic (otros),sonicsuperman2
6639,AkumajouDraculaXX (Japón),AkumajouDraculaXX (Japan),9,760,tabla: Castlevania (otros),akumajoudraculaxx
6725,Batman (EstadosUnidos),Batman (USA),21,760,tabla: Batman,batman
6727,BatmanForever (Europa),BatmanForever (Europe),25,760,tabla: Batman,batmanforever
6730,BatmanReturns (Europa),BatmanReturns (Europe),25,760,tabla: Batman,batmanreturns
6809,BomberManBDaman (Japón),BomberManBDaman (Japan),9,760,tabla: Bomberman (otros),bombermanbdaman
6874,CaptainTsubasaIIIKouteinoChousen (Japón),CaptainTsubasaIIIKouteinoChousen (Japan),9,760,tabla: Captain Tsubasa,captaintsubasaiiikouteinochousen
6875,CaptainTsubasaIVPronoRivaltachi (Japón),CaptainTsubasaIVPronoRivaltachi (Japan),9,760,tabla: Captain Tsubasa,captaintsubasaivpronorivaltachi
6876,CaptainTsubasaJTheWaytoWorldYouth (Japón),CaptainTsubasaJTheWaytoWorldYouth (Japan),9,760,tabla: Captain Tsubasa,captaintsubasajthewaytoworldyouth
6877,CaptainTsubasaVHashanoShougouCampione (Japón),CaptainTsubasaVHashanoShougouCampione (Japan),9,760,tabla: Captain Tsubasa,captaintsubasavhashanoshougoucampione
6887,CastlevaniaVampire'sKiss (Europa),CastlevaniaVampire'sKiss (Europe),7,760,tabla: Castlevania (otros),castlevaniavampireskiss
7707,Bomberman'94 (versiónjaponesa),Bomberman'94 (Japan),22,760,tabla: Bomberman (otros),bomberman94
7710,BombermanPlayerBattle (versiónjaponesa),BombermanUsersBattle (Japan),11,760,tabla: Bomberman (otros),bombermanusersbattle
8145,DragonBallAdventureA,DragonBallAdventureA,6,760,tabla: Dragon Ball,dragonballadventurea
8149,Rockmancero,RockmanZERO,6,760,tabla: Mega Man (otros),rockmanzero
8206,SonicAdventure,SonicAdventure,12,760,tabla: Sonic (otros),sonicadventure
8225,Ciudaddelosdemonioselciclodelaluna,AkumajouDraculaCircleoftheMoon,12,760,tabla: Castlevania (otros),akumajoudraculacircleofthemoon
8238,Laleyendabombman,BombermanStory,12,760,tabla: Bomberman (otros),bombermanstory
8244,Laobracompletadepacelf,PacManCollection,17,760,tabla: Pac-Man (otros),pacmancollection
8306,Batmanvenganza,BatmanVengeance,12,760,tabla: Batman,batmanvengeance
8320,Loscuadradosdeladestrucción,RampagePuzzleAttack,12,760,tabla: Rampage,rampagepuzzleattack
8322,Parquejurásicosuperior3isladeacciónofensiva,JurassicParkIIIIslandAttack,12,760,tabla: Jurassic Park,jurassicparkiiiislandattack
8398,LasrocasyElFloyd,Rockman&Forte,12,760,tabla: Mega Man (otros),rockmanforte
8428,ParqueJurásico3GendeADN,JurassicParkIIIUshinawaretaIdenshi,12,760,tabla: Jurassic Park,jurassicparkiiiushinawaretaidenshi
8430,AlcatrazConciertodelaNocheBlanca,CastlevaniaHarmonyofDissonance,12,760,tabla: Castlevania (otros),castlevaniaharmonyofdissonance
8441,RockmanZERO1,MegamanZero,12,760,tabla: Mega Man (otros),megamanzero
8515,Bomba.Jetsbombarderos,BombermanJettersDensetsunoBomberman,9,760,tabla: Bomberman (otros),bombermanjettersdensetsunobomberman
8520,LockeNetworkBatallaEXE2,MegamanBattleNetwork2,9,760,tabla: Mega Man (otros),megamanbattlenetwork2
8566,GolperápidoenlavidarealDeadlyAlliance,MortalKombatDeadlyAlliance,9,760,tabla: Mortal Kombat (otros),mortalkombatdeadlyalliance
8605,SonicAventura2,SonicAdvance2,18,760,tabla: Sonic (otros),sonicadvance2
8695,AllAmericanStarBaseball2004,BombermanMax2BlueAdvance,9,760,tabla: Bomberman (otros),bombermanmax2blueadvance
8696,ColecciónDreamStar123Generationrev1,BombermanMax2RedAdvance,9,760,tabla: Bomberman (otros),bombermanmax2redadvance
8732,AlborotadorestraviesosEdEddyEddychicosmolestosparaunagranaventuradesorden,RockmanZero2,9,760,tabla: Mega Man (otros),rockmanzero2
8734,NinjadefuegoNinjamásfuerteGrancolección1,NarutoNinjutsuZenkai!SaikyouNinjaDaikesshuu,9,760,tabla: Naruto,narutoninjutsuzenkaisaikyouninjadaikesshuu
8735,CiudaddemonioXiaoYueyuanDance,CastlevaniaAkatsukinoMinuet,9,760,tabla: Castlevania (otros),castlevaniaakatsukinominuet
8759,Fiestademármolsónico,SonicPinballParty,9,760,tabla: Sonic (otros),sonicpinballparty
8777,RockmanBattleNetworkEXE3EdiciónAzul,MegamanBattleNetwork3Blue,9,760,tabla: Mega Man (otros),megamanbattlenetwork3blue
8779,RockmanCombatNetworkEXE3EdiciónBlanca,MegamanBattleNetwork3White,9,760,tabla: Mega Man (otros),megamanbattlenetwork3white
8797,RockmanEXECampeonatodeChipdeBatalla,RockmanEXEBattleChipGP,9,760,tabla: Mega Man (otros),rockmanexebattlechipgp
8809,Lagentereallucharápidamenteelcampodelucha,MortalKombatTournamentEdition,9,760,tabla: Mortal Kombat (otros),mortalkombattournamentedition
8819,NinjadeFuegoWoodLeafWar,NarutoKonohaSenki,9,760,tabla: Naruto,narutokonohasenki
8837,JurassicParkFoundingTravel,JurassicParkInstituteTourDinosaurRescue,9,760,tabla: Jurassic Park,jurassicparkinstitutetourdinosaurrescue
8847,Blast.BomberJetscoleccióncompetitivadejuegos,BombermanJettersGameCollection,9,760,tabla: Bomberman (otros),bombermanjettersgamecollection
8848,RockmanZERO2,MegamanZero2,9,760,tabla: Mega Man (otros),megamanzero2
22715,JurassicPark3dnagene,JurassicParkIIITheDNAFactor,4,760,tabla: Jurassic Park,jurassicparkiiithednafactor
22718,Spidermanunaamenazadesconocida,SpiderManMysterio'sMenace,4,760,tabla: Spider-Man,spidermanmysteriosmenace
22736,PuñoA,TekkenAdvance,4,760,tabla: Tekken (otros),tekkenadvance
22737,Sonicmetida1,SonicAdvance,4,760,tabla: Sonic (otros),sonicadvance
22760,Dragonball1,Dragonball1,2,760,tabla: Dragon Ball,dragonball1
22761,Dragonball2,Dragonball2,2,760,tabla: Dragon Ball,dragonball2
30378,RockmanX5,RockmanX5,9,760,tabla: Mega Man (otros),rockmanx5
30404,AventuradeDragonBall,DragonBallAdventure,9,760,tabla: Dragon Ball,dragonballadventure
30405,DragonBallFighting2005,DragonBallFighting2005,9,760,tabla: Dragon Ball,dragonballfighting2005
30434,QBertAmericanEdition,QBertAmericanEdition,5,760,tabla: Q*bert,qbert
30538,CastlevaniaPrince,CastlevaniaPrince,9,760,tabla: Castlevania (otros),castlevaniaprince
30542,CastlevaniaDX,CastlevaniaDX,9,760,tabla: Castlevania (otros),castlevaniadx
30618,Batman2,Batman2,8,760,tabla: Batman,batman2
30619,Batman3,Batman3,8,760,tabla: Batman,batman3
30620,BatmanTheJoker'sRevengeversióneuropea,BatmanRevengeoftheJokerEuropeanVersion,13,760,tabla: Batman,batmanrevengeofthejoker
30908,RobocopcontraTerminator,Robocopvs.Terminator,8,760,tabla: RoboCop,robocopvsterminator
30909,ColordeRobocop,Robocopcolor,8,760,tabla: RoboCop,robocopcolor
30956,RockmanX2,RockmanX2,8,760,tabla: Mega Man (otros),rockmanx2
30958,MegaManX2GenerationVersióndeEE.UU.,MegaManX2GenerationUSVersion,12,760,tabla: Mega Man (otros),megamanx2generation
30959,RockmanX3,RockmanX3,8,760,tabla: Mega Man (otros),rockmanx3
33814,BatmanReturn (WorldEdition),BatmanReturn (WorldEdition),9,760,tabla: Batman,batmanreturn
33815,BatmanJuke'sRevenge (US),BatmanJuke'sRevenge (US),5,760,tabla: Batman,batmanjukesrevenge
33871,ParqueJurásico3,JurassicPark3,9,760,tabla: Jurassic Park,jurassicpark3
33872,ParqueJurásico2,JurassicPark2,9,760,tabla: Jurassic Park,jurassicpark2
33873,ParqueJurásico,JurassicPark,21,760,tabla: Jurassic Park,jurassicpark
33874,SpiderMan,SpiderMan,9,760,tabla: Spider-Man,spiderman
33875,SpiderMan5,Spiderman5,9,760,tabla: Spider-Man,spiderman5
33876,SpiderMan3,SpiderMan3,9,760,tabla: Spider-Man,spiderman3
33877,SpiderMan2,SpiderMan2,9,760,tabla: Spider-Man,spiderman2
33907,Sonicysussocios3,Sonicandpartner3,9,760,tabla: Sonic (otros),sonicandpartner3
33908,SonicandPartners2,Sonicandpartner2,9,760,tabla: Sonic (otros),sonicandpartner2
33909,SonicandPartners1,Sonicandpartner1,9,760,tabla: Sonic (otros),sonicandpartner1
33910,Sonic 3D,Sonic3D,9,760,tabla: Sonic (otros),sonic3d
33913,Sonic1cambiodeimagen,Sonic1characterversion,9,760,tabla: Sonic (otros),sonic1characterversion
33934,SonicImpact 3D,SonicImpact3D,5,760,tabla: Sonic (otros),sonicimpact3d
34007,SonicFox2,SonicFox2,5,760,tabla: Sonic (otros),sonicfox2
34042,SpiderManandVirulentMassacre (JapaneseEdition),SpiderManandVirulentMassacre (JapaneseEdition),4,760,tabla: Spider-Man,spidermanandvirulentmassacre
34103,BatmanandRobin (Americanversion),BatmanandRobin (Americanversion),5,760,tabla: Batman,batmanandrobin
34457,SonicFox (Americanversion),SonicFox (Americanversion),8,760,tabla: Sonic (otros),sonicfox
36720,BombermanWorld4P,BombermanWorld4P,2,760,tabla: Bomberman (otros),bombermanworld
808,SuperSidekicks1,SuperSidekicks1,1,740,tabla: Super Sidekicks,supersidekicks1
809,SuperSidekicks2,SuperSidekicks2,1,740,tabla: Super Sidekicks,supersidekicks2
810,SuperSidekicks3,SuperSidekicks3,1,740,tabla: Super Sidekicks,supersidekicks3
926,ParodioDA!,ParodiusDA!,1,740,tabla: Parodius,parodiusda
7600,SpoofSpaceCruiser (versiónjaponesa),Parodiusda!ShinwaKaraOwaraihe (Japan),11,740,tabla: Parodius,parodiusdashinwakaraowaraihe
8305,Harrypottermisteriosapiedrademagia,HarryPotterandtheSorcerer'sStone,22,740,tabla: Harry Potter,harrypotterandthesorcerersstone
8364,Harrypotterpiedrademagiamisteriosa,HarryPottertoKenjanoIshi,12,740,tabla: Harry Potter,harrypottertokenjanoishi
8541,HarryEstilosPorterlacámaradesecretosquedesaparece,HarryPotterandtheChamberofSecrets,13,740,tabla: Harry Potter,harrypotterandthechamberofsecrets
11632,HarryPotterylaPiedraFilosofal,HarryPotterandthePhilosopher'sStone,6,740,tabla: Harry Potter,harrypotterandthephilosophersstone
30795,HarryPotter,HarryPotter,8,740,tabla: Harry Potter,harrypotter
30796,HarryPotter2Lacámaraperdida,HarryPotter2TheLostChamber,8,740,tabla: Harry Potter,harrypotter2thelostchamber
30797,HarryPotter3,HarryPotter3,8,740,tabla: Harry Potter,harrypotter3
67,LaResurreccióndelReydelosLuchadores2002,TheKingofFighters'2002Resurrection,1,720,tabla: The King of Fighters (otros),thekingoffighters2002resurrection
69,Elreydelosluchadores'2002Magic,TheKingofFighters'2002Magic,1,720,tabla: The King of Fighters (otros),thekingoffighters2002magic
76,Elreydelosluchadores'973q,TheKingofFighters'version3,2,720,tabla: The King of Fighters (otros),thekingoffighters
77,Elreydelosluchadores'97décimoaniversariodelaediciónchina,TheKingofFighters'9710thAnniversaryChineseEdition,1,720,tabla: The King of Fighters (otros),thekingoffighters9710thanniversary
132,Labatalladelmileniodelreydelosluchadores,TheKingofFighters'99MillenniumBattle,1,720,tabla: The King of Fighters (otros),thekingoffighters99millenniumbattle
151,Elreydelosluchadores2002Super,TheKingofFighters'2002Super,1,720,tabla: The King of Fighters (otros),thekingoffighters2002super
153,Elreydelosluchadores'2004HeroPlus,TheKingofFighters'2004HeroPlus,1,720,tabla: The King of Fighters (otros),thekingoffighters2004heroplus
154,LaResurreccióndelReydelosLuchadores2004,TheKingofFighters'2004Resurrection,1,720,tabla: The King of Fighters (otros),thekingoffighters2004resurrection
155,Elreydelosluchadores'2004UltraPlus,TheKingofFighters'2004UltraPlus,1,720,tabla: The King of Fighters (otros),thekingoffighters2004ultraplus
340,Poderinstinto1,PowerInstinct1,1,720,tabla: Power Instinct,powerinstinct1
341,Poderinstinto2,PowerInstinct2,1,720,tabla: Power Instinct,powerinstinct2
342,Poderinstinto3,PowerInstinct3,1,720,tabla: Power Instinct,powerinstinct3
521,Reydelosmonstruos,KingOfTheMonsters,1,720,tabla: King of the Monsters,kingofthemonsters
522,Reydelosmonstruos2,KingOfTheMonsters2,1,720,tabla: King of the Monsters,kingofthemonsters2
438,Tigrenegro,BlackTiger,1,700,tabla: Black Tiger,blacktiger
439,SangreBros,BloodBros,1,700,tabla: Blood Bros.,bloodbros
456,ChikiChikiChicos,ChikiChikiBoys,1,700,tabla: Chiki Chiki Boys,chikichikiboys
757,RallyX,RallyX,1,700,tabla: Rally-X,rallyx
772,Gotamágica1,MagicalDrop1,1,700,tabla: Magical Drop,magicaldrop1
773,Gotamágica2,MagicalDrop2,1,700,tabla: Magical Drop,magicaldrop2
774,Gotamágica3,MagicalDrop3,1,700,tabla: Magical Drop,magicaldrop3
867,Batsugun,Batsugun,2,700,tabla: Batsugun,batsugun
888,EspRa.De.,EspRa.De.,1,700,tabla: ESP Ra.De.,esprade
968,Truxton,Truxton,1,700,tabla: Truxton,truxton
1079,BatsugunVersiónEspecial,BatsugunSpecialVersion,1,700,tabla: Batsugun,batsugunspecialversion
1252,Mappy,Mappy,1,700,tabla: Mappy,mappy
1505,Pulstar,Pulstar,1,700,tabla: Pulstar,pulstar
1680,Sauce,Willow,1,700,tabla: Willow,willow
8233,Elreydeljuegoelmonstruodelosbloquesdemazmorra,YuGiOh!DungeonDiceMonsters,12,700,tabla: Yu-Gi-Oh!,yugiohdungeondicemonsters
8349,Juegoreyes6,YuGiOh!DuelMonsters6Expert2,12,700,tabla: Yu-Gi-Oh!,yugiohduelmonsters6expert2
8350,AsideroreyQuanHuangEXnuevasangre,KingofFightersEX：TheNeoBlood,24,700,tabla: King of Fighters EX,kingoffightersextheneoblood
8619,LuchandoreypuñoreyEX2sangrerugiente,KingofFightersEX2：TheHowlingBlood,9,700,tabla: King of Fighters EX,kingoffightersex2thehowlingblood
22711,Juegorey5dobledemonio,YuGiOh!DuelMonsters5Expert1,4,700,tabla: Yu-Gi-Oh!,yugiohduelmonsters5expert1
30380,YuGiOh4thGenerationHippocampusVersiónjaponesa,YuGiOh4thGenerationHippocampusJapaneseVersion,9,700,tabla: Yu-Gi-Oh!,yugioh4thgenerationhippocampus
338,Maestroninja,NinjaMaster's,1,680,tabla: Ninja Master's,ninjamasters
914,Últimorecurso,LastResort,1,680,tabla: Last Resort,lastresort
8635,BebéDigitalHistoriadelAlma,DigimonBattleSpirit,27,680,tabla: Digimon,digimonbattlespirit
11656,DigimonAdventure2CrystalEdition,DigimonAdventure2CrystalEdition,10,680,tabla: Digimon,digimonadventure2crystaledition
30872,DigimonDiosdelMar,DigimonGodoftheSea,8,680,tabla: Digimon,digimongodofthesea
30873,CuerpodecohetesDigimon,DigimonRocketCorps,8,680,tabla: Digimon,digimonrocketcorps
30874,ContraataquedeDigimonChaomengmeng,DigimonChaomengmengCounterattack,8,680,tabla: Digimon,digimonchaomengmengcounterattack
30875,DigimonDX6,DigimonDX6,8,680,tabla: Digimon,digimondx6
30876,DigimonFightingKing,DigimonFightingKing,8,680,tabla: Digimon,digimonfightingking
30877,EdicióndeluchadeDigimon,DigimonFightingEdition,8,680,tabla: Digimon,digimonfightingedition
30878,DigimonCrystalEditionII,DigimonCrystalEditionII,8,680,tabla: Digimon,digimoncrystaleditionii
30879,Digimon,Digimon,16,680,tabla: Digimon,digimon
30881,DigimonAdventure2EmeraldEdition,DigimonAdventure2EmeraldEdition,8,680,tabla: Digimon,digimonadventure2emeraldedition
30882,Digimon2,Digimon2,8,680,tabla: Digimon,digimon2
30883,EdicióndecristaldeDigimonDragon3,DigimonDragon3CrystalEdition,8,680,tabla: Digimon,digimondragon3crystaledition
30884,DigimonAdventure9Tyrannosaurus2002,DigimonAdventure9Tyrannosaurus2002,8,680,tabla: Digimon,digimonadventure9tyrannosaurus2002
524,EncuentroKizuna,KizunaEncounter,1,650,tabla: Kizuna Encounter,kizunaencounter
7603,SengokuSparrow (versiónjaponesa),SengokuMahjong (Japan),11,650,tabla: Sengoku,sengokumahjong
22757,3CountBout,3CountBout,2,650,tabla: 3 Count Bout,3countbout
22758,3CountBout2,3CountBout2,2,650,tabla: 3 Count Bout,3countbout2
22768,Sengoku,Sengoku,2,650,tabla: Sengoku,sengoku
22769,Sengoku2,Sengoku2,2,650,tabla: Sengoku,sengoku2
22770,Sengoku3,Sengoku3,2,650,tabla: Sengoku,sengoku3
408,Ragnagard,Ragnagard,1,620,tabla: Ragnagard,ragnagard
34,N64Dragonvolador,N64FlyingDragon 3D,3,494,estimada,flyingdragon3d
35,N64GanbareGoemonDeroderoDouchuuObakeTenkomori,N64GanbareGoemonDeroderoDouchuuObakeTenkomori 3D,3,494,estimada,ganbaregoemonderoderodouchuuobaketenkomori3d
36,N64Gex3CubiertaprofundaGecko,N64Gex 3DeepCoverGecko 3D,3,494,estimada,gex3deepcovergecko3d
38,N64LamborghiniRacing,N64AutomobiliLamborghini (USA) 3D,3,494,estimada,automobililamborghini3d
39,N64Escarabajodecarrerasdeaventuras,N64BeetleAdventureRacing! (USA) 3D,3,494,estimada,beetleadventureracing3d
40,N64esquíalpino,N64BigMountain2000 (USA) 3D,3,494,estimada,bigmountain20003d
41,N64BuckHornet,N64BuckBumble (Europe) -- 3D,3,494,estimada,buckbumble3d
42,N64BubbleShooter2-EdiciónArcade,N64Bust-A-Move2-ArcadeEdition (Europe) -- 3D,3,494,estimada,bustamove2arcadeedition3d
43,N64BubbleDragon 3DX,N64Bust-A-Move 3DX (Europe) -- 3D,3,494,estimada,bustamove3dx3d
44,N64CarrerasdeCalifornia,N64CaliforniaSpeed (USA) -- 3D,3,494,estimada,californiaspeed3d
46,N64CuteQracing,N64ChoroQ64 (Japan) -- 3D,3,494,estimada,choroq643d
47,N64CuteQRacing2,N64ChoroQ64II-HachaMechaGrandPrixRace (Japan) -- 3D,3,494,estimada,choroq64iihachamechagrandprixrace3d
48,N64Niñosúperesquí,N64ChouSnoboKids (Japan) -- 3D,3,494,estimada,chousnobokids3d
49,N64Edicióndecampeonato,N64City-TourGP-Zen-NihonGTSenshuken (Japan) -- 3D,3,494,estimada,citytourgpzennihongtsenshuken3d
53,N64DerbyDestructionCar64,N64DestructionDerby64 (USA) -- 3D,3,494,estimada,destructionderby643d
55,N64Motocicletaextrema-GXG2,N64Extreme-GXG2 (Europe) -- 3D,3,494,estimada,extremegxg23d
56,N64F1InternationalRacingGrandPrix2,N64F-1WorldGrandPrixII (Europe) -- 3D,3,494,estimada,f1worldgrandprixii3d
58,N64CampeonatodecarrerasdeF1,N64F1RacingChampionship (Europe) -- 3D,3,494,estimada,f1racingchampionship3d
8661,Buscadoresdeoro,LodeRunner,10,474,estimada,loderunner
1341,Rabiolepus,RabioLepus,23,473,estimada,rabiolepus
1652,Darío,Darius,12,473,estimada,darius
45,N64Frenomalvado64,N64Carmageddon64 (USA) -- 3D,2,449,estimada,carmageddon643d
442,Laaventuradebonk,Bonk'sAdventure,9,439,estimada,bonksadventure
450,Cadash,Cadash,9,439,estimada,cadash
474,Dondokodon,DonDokoDon,23,439,estimada,dondokodon
482,Dragonninja,Dragonninja,12,439,estimada,dragonninja
499,Boinaverde,GreenBeret,8,439,estimada,greenberet
514,JigokuMeguri,JigokuMeguri,12,439,estimada,jigokumeguri
530,Leyendadelhéroetonma,LegendofHeroTonma,17,439,estimada,legendofherotonma
553,MizubakuDaibouken,MizubakuDaibouken,12,439,estimada,mizubakudaibouken
573,Historiadenuevazelanda,NewZealandStory,13,439,estimada,newzealandstory
579,Espírituninja,NinjaSpirit,9,439,estimada,ninjaspirit
630,LlavedeSolomon,SolomonsKey,13,439,estimada,solomonskey
647,Superhombre,Superman,6,439,estimada,superman
675,Sueñof1,F1Dream,12,439,estimada,f1dream
694,Volfied,Volfied,12,439,estimada,volfied
730,TangTang,TangTang,13,439,estimada,tangtang
771,Burbujamágica,MagicBubble,32,439,estimada,magicbubble
784,2020SuperBéisbol,2020SuperBaseball,19,439,estimada,2020superbaseball
825,PacLand,PacLand,17,439,estimada,pacland
873,BlazeOn,BlazeOn,10,439,estimada,blazeon
941,Salamandraj,SalamanderJ,12,438,estimada,salamander
990,Asterix,Asterix,9,438,estimada,asterix
1015,Zonadefantasia,FantasyZone,17,438,estimada,fantasyzone
1160,Falcon,Falcon,16,438,estimada,falcon
1221,Romperatravés,BreakThru,10,438,estimada,breakthru
1300,KikiKaikai,KikiKaikai,12,438,estimada,kikikaikai
1400,Puzznic,Puzznic,21,438,estimada,puzznic
1482,Luchadorcampeón,ChampionWrestler,23,438,estimada,championwrestler
1529,BrazosLateralesHyperDyne,SideArmsHyperDyne,16,438,estimada,sidearmshyperdyne
1558,Camelería,Cameltry,10,438,estimada,cameltry
1658,MisiónAcrobat,AcrobatMission,10,438,estimada,acrobatmission
1687,TakedaShingen,TakedaShingen,12,438,estimada,takedashingen
3036,Batalladetanques,Tankbattle,33,437,estimada,tankbattle
30803,EdiciónEuropeaInternacionaldeKarate,InternationalKarateEuropeanEdition,13,430,estimada,internationalkarate
11638,EdicióneuropeadelpatoDonald,DonaldDuckEuropeanEdition,35,427,estimada,donaldduck
23,Guardiadecristal,CrystalDefenders,1,404,estimada,crystaldefenders
26,ShinSangokuMusou5,ShinSangokuMusou5,3,404,estimada,shinsangokumusou5
27,Knight,Knight,3,404,estimada,knight
29,Diosdiabloeléctrico,Electricgoddevil,3,404,estimada,electricgoddevil
30,Yuehuaespadachín 3D,YuehuaSwordsman 3D,3,404,estimada,yuehuaswordsman3d
31,kov7sprt,kov7sprt,3,404,estimada,kov7sprt
186,PeterPan,PeterPan,1,404,estimada,peterpan
22739,HyperStreetFighterII:Laedicióndeaniversario,HyperStreetFighterII:TheAnniversaryEdition,3,404,estimada,hyperstreetfighteriitheanniversaryedition
1732,BattleCross,BattleCross,10,403,estimada,battlecross
1740,Área88,Area88,10,403,estimada,area88
1974,MickeyMouse (JapaneseEdition),MickeyMouse (JapaneseEdition),12,402,estimada,mickeymouse
1997,Noah'sArk (Americanversion),Noah'sArk (Americanversion),12,402,estimada,noahsark
30632,VersióndeStarWarsEE.UU.,StarWarsUSVersion,11,402,estimada,starwars
6530,SuperVolleyball (JapaneseVersion),SuperVolleyball (JapaneseVersion),20,397,estimada,supervolleyball
6572,DaMakaiVillage (versiónjaponesa),DaiMakaimura (SuperGrafx) (Japan),11,397,estimada,daimakaimura
6651,AlfredChicken (Europa),AlfredChicken (Europe),7,397,estimada,alfredchicken
6661,AmericaOudanUltraQuiz (Japón),AmericaOudanUltraQuiz (Japan),9,397,estimada,americaoudanultraquiz
6673,Otromundo (Europa),AnotherWorld (Europe),11,397,estimada,anotherworld
6680,GrandeséxitosdeArcadeTheAtariCollection1 (Europa),Arcade'sGreatestHitsTheAtariCollection1 (Europe),14,397,estimada,arcadesgreatesthitstheataricollection1
6699,AshitanoJoe (Japón),AshitanoJoe (Japan),9,397,estimada,ashitanojoe
6770,SegundodeBeethoven (EE.UU.),Beethoven's2nd (USA),9,397,estimada,beethovens2nd
6791,BishoujoSenshiSailorMoon (Japón),BishoujoSenshiSailorMoon (Japan),9,397,estimada,bishoujosenshisailormoon
6805,BlockKuzushi (Japón),BlockKuzushi (Japan),9,397,estimada,blockkuzushi
6868,CapitánAméricaylosVengadores (Europa),CaptainAmericaandtheAvengers (Europe),16,397,estimada,captainamericaandtheavengers
6883,Casper (Europa),Casper (Europe),25,397,estimada,casper
6924,ClassicRoad (Japón),ClassicRoad (Japan),9,397,estimada,classicroad
6936,Clockwerx (Japón),Clockwerx (Japan),9,397,estimada,clockwerx
6939,CollegeSlam (EstadosUnidos),CollegeSlam (USA),7,397,estimada,collegeslam
6955,CosmoGangThePuzzle (Japón),CosmoGangThePuzzle (Japan),9,397,estimada,cosmogangthepuzzle
6956,CosmoGangTheVideo (Japón),CosmoGangTheVideo (Japan),7,397,estimada,cosmogangthevideo
8342,Guerrerodragón.,BreathofFire,21,397,estimada,breathoffire
8346,Guerrerodragón2misióndelhijo,BreathofFireIIShimeinoKo,21,397,estimada,breathoffireiishimeinoko
8650,Tiradesuperluna,ArcherMaclean'sSuperDropzone,16,397,estimada,archermacleanssuperdropzone
8826,Lasespinasnegrasseránextrañossoldados,Blackthorne,18,397,estimada,blackthorne
30976,Carnedecañónversióneuropea,CannonFodderEuropeanVersion,11,397,estimada,cannonfodder
31067,LabellaylaBestia,BeautyandtheBeast,20,397,estimada,beautyandthebeast
7532,TaiPingJi (versiónjaponesa),NHKTaigaDramaTaiheiki (Japan),11,396,estimada,nhktaigadramataiheiki
7538,Guerradesimulaciónespacial (versiónjaponesa),Nectaris (Japan),22,396,estimada,nectaris
7543,YoukaiDoZhongji (versiónjaponesa),YoukaiDouchuuki (Japan),11,396,estimada,youkaidouchuuki
7566,LittleMaster (versiónjaponesa),ObocchamaKun (Japan),11,396,estimada,obocchamakun
7573,Sombrerocuadrado (versiónjaponesa),Hatris (Japan),11,396,estimada,hatris
7576,PhantomFighter (versiónjaponesa),ImageFight (Japan),21,396,estimada,imagefight
7594,P47FreedomFighter (versiónjaponesa),P47TheFreedomFighter (Japan),22,396,estimada,p47thefreedomfighter
7598,Lasaventurasdelpatoextraño (versiónestadounidense),DarkwingDuck (USA),15,396,estimada,darkwingduck
7602,JackieChan (versiónjaponesa),JackieChan (Japan),11,396,estimada,jackiechan
7609,Helicópterodecombate (versiónjaponesa),ThunderBlade (Japan),21,396,estimada,thunderblade
7618,Rastan2 (versiónjaponesa),RastanSagaII (Japan),22,396,estimada,rastansagaii
7647,MobilityPower (versiónjaponesa),HeavyUnit (Japan),21,396,estimada,heavyunit
7661,FerrocarrilEléctricoMomotaro (versiónjaponesa),SuperMomotarouDentetsu (Japan),22,396,estimada,supermomotaroudentetsu
7690,Titan (versiónjaponesa),Titan (Japan),11,396,estimada,titan
7691,TerryBear (versiónestadounidense),TaleSpin (USA),8,396,estimada,talespin
7706,FlameFightingBall (versiónjaponesa),HonoonoToukyuujiDodgeDanpei (Japan),11,396,estimada,honoonotoukyuujidodgedanpei
7727,ElectronicKnight (versiónjaponesa),CyberKnight (Japan),11,396,estimada,cyberknight
7738,Juntosporunmomento (versiónjaponesa),MaisonIkkoku (Japan),11,396,estimada,maisonikkoku
7741,Shanghai (versiónjaponesa),Shanghai (Japan),11,396,estimada,shanghai
7747,UltimateTiger (versiónjaponesa),KyuukyokuTiger (Japan),11,396,estimada,kyuukyokutiger
7762,BoxBoy (versiónestadounidense),Boxyboy (USA),15,396,estimada,boxyboy
7768,TheUltimateDetective (versiónjaponesa),DieHard (Japan),11,396,estimada,diehard
7774,Tenis (versiónjaponesa),ProTennisWorldCourt (Japan),22,396,estimada,protennisworldcourt
7784,EstadioMundialdeBéisbolProfesional (versiónjaponesa),ProYakyuuWorldStadium (Japan),11,396,estimada,proyakyuuworldstadium
7790,BloodWolf (versiónestadounidense),BloodyWolf (USA),8,396,estimada,bloodywolf
7802,SuperMomotaroDentetsu2 (versiónjaponesa),SuperMomotarouDentetsuII (Japan),11,396,estimada,supermomotaroudentetsuii
7806,SuperLeagueBaseball (versiónjaponesa),PowerLeague (Japan),31,396,estimada,powerleague
7808,SuperRacing (versiónjaponesa),PowerDrift (Japan),21,396,estimada,powerdrift
7835,Urbanismo (versiónjaponesa),Populous (Japan),20,396,estimada,populous
7864,TrebleWhistle (versiónestadounidense),Klax (USA),7,396,estimada,klax
7888,Voluntario (versiónestadounidense),Vigilante (USA),7,396,estimada,vigilante
7913,AVPoker (versiónjaponesa),AVPoker (Japan),10,396,estimada,avpoker
7919,Ligadehockeydevideooficialdehockey (versióndeEE.UU.),HittheIceVHLtheOfficialVideoHockeyLeague (USA),7,396,estimada,hittheicevhltheofficialvideohockeyleague
8142,SanGuoZhi,Sangokushi,6,396,estimada,sangokushi
8218,PinkPanther (Europeanedition),PinkPanther (Europeanedition),12,396,estimada,pinkpanther
8242,Lasaventurasdemaya,PitfallTheMayanAdventure,12,396,estimada,pitfallthemayanadventure
8272,Blastingbaseball2002,HighHeatMajorLeagueBaseball2002,12,396,estimada,highheatmajorleaguebaseball2002
8285,Deprimitivos,PrehistorikMan,12,395,estimada,prehistorikman
8287,Supercopadelaunióneuropea,EuropeanSuperLeague,12,395,estimada,europeansuperleague
8291,destructor,Doom,20,395,estimada,doom
8319,Davidbakerkhandefútbol,DavidBeckhamSoccer,12,395,estimada,davidbeckhamsoccer
8335,Matthoffmandemotocrossenbicicleta,MatHoffman'sProBMX,12,395,estimada,mathoffmansprobmx
8354,Rebeladoplan,Creatures,12,395,estimada,creatures
8368,Virtualdelajedrecista,VirtualKasparov,12,395,estimada,virtualkasparov
8388,ReinaAngelique,FushiginoKuninoAngelique,12,395,estimada,fushiginokuninoangelique
8402,NFLCrazyMartonFútbolAmericano2003,MaddenNFL2003,12,395,estimada,maddennfl2003
8411,Carreradepotenciaoffroader,ATVQuadPowerRacing,12,395,estimada,atvquadpowerracing
8432,CarrerasdeKnicks,NicktoonsRacing,12,395,estimada,nicktoonsracing
8439,TigerWoodsGolf,TigerWoodsPGATourGolf,12,395,estimada,tigerwoodspgatourgolf
8440,VelocidadRugby2,Speedball2BrutalDeluxe,12,395,estimada,speedball2brutaldeluxe
8442,Tiracómica,ComixZone,12,395,estimada,comixzone
8455,ColinMcRaeRallyRacing2,ColinMcRaeRally2.0,11,395,estimada,colinmcraerally20
8475,Muchachodelbalompié,SoccerKid,10,395,estimada,soccerkid
8488,Elguardiándelacorona,DefenderoftheCrown,10,395,estimada,defenderofthecrown
8490,Glaciación,IceAge,20,395,estimada,iceage
8504,¿Quiénquieresermillonario?,WhoWantstoBeaMillionaire,9,395,estimada,whowantstobeamillionaire
8519,Ratasdelafamilia2,StuartLittle2,9,395,estimada,stuartlittle2
8526,MejorBéisbolProfesional,BestPlayProYakyuu,9,395,estimada,bestplayproyakyuu
8547,Defensores,Defender,9,395,estimada,defender
8551,LeyendafantasmaElregresodelamomia,Mummy：The,9,395,estimada,mummythe
8555,Leopardotraviesorosado,PinkPantherPinkadelicPursuit,18,395,estimada,pinkpantherpinkadelicpursuit
8556,Venganzaninja,RevengeofShinobi：The,9,395,estimada,revengeofshinobithe
8601,Unpasodentrodelacortinalalucha,HajimenoIppoTheFighting!,9,395,estimada,hajimenoippothefighting
8616,Superburbujaestéreo,SuperBubblePop,9,395,estimada,superbubblepop
8634,Cochepequeñoenminiatura,MicroMachines,9,395,estimada,micromachines
8652,Luchacontranueveserpientes,StrikeForceHydra,9,395,estimada,strikeforcehydra
8653,Tenisestrellamundial,WorldTennisStars,9,395,estimada,worldtennisstars
8665,TokaWorldTourRacing,TOCAWorldTouringCars,9,395,estimada,tocaworldtouringcars
8672,LostVikingsgrupode3hombres,LostVikings：The,9,395,estimada,lostvikingsthe
8678,Bloquesdeanimalesguárdalos,AnimalSnapRescueThem2by2,9,395,estimada,animalsnaprescuethem2by2
8679,Elúltimojuegomental,UltimateBrainGames,9,395,estimada,ultimatebraingames
8688,Laverdaderadiosafuereencarnada,ShinMegamiTensei,9,395,estimada,shinmegamitensei
8691,TennisPrince2003EdiciónRojarev1,SantaClausSavestheEarth,9,395,estimada,santaclaussavestheearth
8701,TokaWorldTourRacingrev1,FreestyleScooter,9,395,estimada,freestylescooter
8705,CochedelCampeonatodeRallydeSegarev1,ExcitingBass,9,395,estimada,excitingbass
8737,MedalladeHonorResistenciaSubterránearev1,MedalofHonorUnderground,18,395,estimada,medalofhonorunderground
8748,Amodelajedrez,Chessmaster,9,395,estimada,chessmaster
8754,Esunextrañohulkdisfrazado,IncredibleHulk：The,9,395,estimada,incrediblehulkthe
8776,Carrerasdelaroca,Rockn'RollRacing,9,395,estimada,rocknrollracing
8793,CTSpecialForces2regresaalastrincheras,CTSpecialForcesBacktoHell,9,395,estimada,ctspecialforcesbacktohell
8794,Leyendasdefantasía,TalesofPhantasia,9,395,estimada,talesofphantasia
8798,Lacarreraenvivodecochesderallymásimportantedelmundo,TopGearRally,9,395,estimada,topgearrally
8805,NFLCrazyMartonFútbolAmericano2004,MaddenNFL2004,9,395,estimada,maddennfl2004
8822,Ataquedeardilla,Mr.Nutz,9,395,estimada,mrnutz
8830,Motocicletasviolentas,RoadRashJailbreak,9,395,estimada,roadrashjailbreak
8840,Diosaverdaderareencarnada2,ShinMegamiTenseiII,9,395,estimada,shinmegamitenseiii
9028,Galácticodeavionesdecombate,Phalanx,10,395,estimada,phalanx
507,HatenaSatena,HatenaSatena,11,394,estimada,hatenasatena
876,Bombardeo,Bomber,10,394,estimada,bomber
884,Daisenpu,Daisenpu,12,394,estimada,daisenpu
1546,RyuKyu,RyuKyu,12,393,estimada,ryukyu
1618,SegaNinja,SegaNinja,13,393,estimada,seganinja
1656,InvestigaciónCriminalEspecial,SpecialCriminalInvestigation,12,393,estimada,specialcriminalinvestigation
1820,SuperSpyHunter (US),SuperSpyHunter (US),26,393,estimada,superspyhunter
11619,TintínenelTíbetEdicióneuropea,TintininTibetEuropeanEdition,6,392,estimada,tintinintibet
11622,BladeWarriorversiónestadounidense,BladeWarriorUSVersion,16,392,estimada,bladewarrior
34153,Pinball (Europeanversion),Pinball (Europeanversion),10,392,estimada,pinball
30437,SDGundamGaiden,SDGundamGaiden,9,389,estimada,sdgundamgaiden
30444,MisiónImposibleMisiónImposibleVersióndeEE.UU.,MissionImpossibleUSVersion,5,389,estimada,missionimpossible
30478,Godzilla,Godzilla,10,389,estimada,godzilla
30494,VersióndeMonopolyUS,MonopolyUSVersion,10,389,estimada,monopoly
30697,AllStarBaseball2001EuropeanEdition,AllStarBaseball2001EuropeanEdition,4,389,estimada,allstarbaseball2001
30770,VersióneuropeadePocketMusic,PocketMusicEuropeanVersion,4,389,estimada,pocketmusic
30812,EdicióneuropeaHolyMagicCentury,HolyMagicCenturyEuropeanEdition,4,389,estimada,holymagiccentury
30867,Boxeo,Boxing,13,389,estimada,boxing
1649,SpaceCruiser,SpaceCruiser,25,388,estimada,spacecruiser
31010,VersióneuropeadeCatwoman,CatwomanEuropeanVersion,8,388,estimada,catwoman
31069,TigerWoodsPGATour2000EdiciónEE.UU.,TigerWoodsPGATour2000USEdition,4,388,estimada,tigerwoodspgatour2000
31086,VersióneuropeadelosPitufos,SmurfsEuropeanVersion,8,388,estimada,smurfs
31092,CrayónShinChan2,CrayonShinChan2,8,388,estimada,crayonshinchan2
33855,LostWorld (AmericanEdition),LostWorld (AmericanEdition),5,388,estimada,lostworld
33897,ToyStory,ToyStory,9,388,estimada,toystory
33976,SummerChallenge (USEdition),SummerChallenge (USEdition),5,388,estimada,summerchallenge
33978,Chess (Americanversion),Chess (Americanversion),5,388,estimada,chess
33995,Stargate (Americanversion),Stargate (Americanversion),5,388,estimada,stargate
34052,ThemePark (Americanversion),ThemePark (Americanversion),5,388,estimada,themepark
34076,NBAAllStarChallenge (USA),NBAAllStarChallenge (USA),5,388,estimada,nbaallstarchallenge
34225,Wolverine (AmericaandEurope),Wolverine (AmericaandEurope),9,388,estimada,wolverine
34355,Shanghai2 (Americanedition),Shanghai2 (Americanedition),5,388,estimada,shanghai2
34401,Hombreprimitivo,TheHumans,8,388,estimada,thehumans
6720,BassMastersClassic (EstadosUnidos),BassMastersClassic (USA),34,387,estimada,bassmastersclassic
320,CrouchingTigerHiddenDragon2003,CrouchingTigerHiddenDragon2003,2,384,estimada,crouchingtigerhiddendragon2003
336,Reydegladiador,KingOfGladiator,2,384,estimada,kingofgladiator
613,Buscarojo,SearchEye,2,384,estimada,searcheye
657,LaleyendadeKage,TheLegendofKage,2,384,estimada,thelegendofkage
11629,EdicióneuropeadeSnoopyTennis,SnoopyTennisEuropeanEdition,14,382,estimada,snoopytennis
30752,PocketBowlingversiónamericana,PocketBowlingAmericanVersion,12,379,estimada,pocketbowling
30831,EdiciónjaponesadeHollywoodPinball,HollywoodPinballJapaneseEdition,12,379,estimada,hollywoodpinball
31025,VersiónmillonariadeEE.UU.,MillionaireUSVersion,12,378,estimada,millionaire
2076,Titanic (ChineseversionofMarsTechnology),Titanic (ChineseversionofMarsTechnology),12,362,estimada,titanic
2411,Gatoyratón,Catandmouse,27,362,estimada,catandmouse
11627,TombRaider,tombRaider,26,362,estimada,tombraider
30870,VersióndeFireHeroesUS,FireHeroesUSVersion,16,362,estimada,fireheroes
31061,EdicióneuropeadeRobinHood,RobinHoodEuropeanEdition,15,362,estimada,robinhood
1763,Escaladordehielorev1,IceClimber,7,358,estimada,iceclimber
1767,LittleNemoTheDreamMaster,LittleNemoTheDreamMaster,7,358,estimada,littlenemothedreammaster
1779,Metalmax,MetalMax,7,358,estimada,metalmax
1784,Elcirco,TheCircus,7,358,estimada,thecircus
1792,Atrain (Japaneseversion),Atrain (Japaneseversion),12,358,estimada,atrain
1842,MajorLeagueBaseball (JapaneseVersion),MajorLeagueBaseball (JapaneseVersion),12,357,estimada,majorleaguebaseball
1849,Undergroundadventure (Japaneseversion),Undergroundadventure (Japaneseversion),12,357,estimada,undergroundadventure
1888,BadNewsBaseball,BadNewsBaseball,12,357,estimada,badnewsbaseball
1893,BacktotheFuture (USEdition),BacktotheFuture (USEdition),12,357,estimada,backtothefuture
1916,FamilyBoxing (JapaneseVersion),FamilyBoxing (JapaneseVersion),12,357,estimada,familyboxing
2056,LittleSamson,LittleSamson,12,357,estimada,littlesamson
2074,Solomon'sKey2 (JapaneseVersion),Solomon'sKey2 (JapaneseVersion),12,357,estimada,solomonskey2
2099,Kingofkings (Americanversion),Kingofkings (Americanversion),12,357,estimada,kingofkings
2192,OlympicGames (Americanedition),OlympicGames (Americanedition),12,357,estimada,olympicgames
2194,TheBattleofOlympus (USA),TheBattleofOlympus (USA),12,357,estimada,thebattleofolympus
2218,SuperShinobi2,SuperShinobi2,12,357,estimada,supershinobi2
2278,Jimmyk,Jimmy,12,357,estimada,jimmy
2305,LaSirenita,Thelittlemermaid,14,357,estimada,thelittlemermaid
2427,Piscinaamericana,AmericanPool,12,357,estimada,americanpool
2455,Supertanquedebatalla,Superbattletank,12,357,estimada,superbattletank
2826,SpecialForces (USEdition),SpecialForces (USEdition),11,356,estimada,specialforces
2869,Starfighter (MSsinicization),Starfighter (MSsinicization),11,356,estimada,starfighter
1845,MissileTank (ChineseVersion),MissileTank (ChineseVersion),24,352,estimada,missiletank
6527,Icehockey (Japaneseversion),Icehockey (Japaneseversion),12,352,estimada,icehockey
6539,NewAdventureIsland (USversion),NewAdventureIsland (USversion),12,352,estimada,newadventureisland
6543,04Champion (versiónjaponesa),Zero4Champ (Japan),21,352,estimada,zero4champ
6545,AtomicBoy (versiónjaponesa),AtomicRoboKidSpecial (Japan),11,352,estimada,atomicrobokidspecial
6547,BlowingSugarCrisis (versiónjaponesa),BubblegumCrash!KnightSabers2034 (Japan),11,352,estimada,bubblegumcrashknightsabers2034
6548,Viajandoporelmundo (versiónjaponesa),WorldCircuit (Japan),11,352,estimada,worldcircuit
6550,OperaciónDoraemonLabyrinth (versiónjaponesa),DoraemonMeikyuuDaiSakusen (Japan),22,352,estimada,doraemonmeikyuudaisakusen
6552,NochesárabesdeDoraemonNobiNobita (versiónjaponesa),DoraemonNobitanoDorabianNight (Japan),22,352,estimada,doraemonnobitanodorabiannight
6553,Speed​​ofGomora (versiónjaponesa),GomolaSpeed (Japan),22,352,estimada,gomolaspeed
6554,Holahermano (versiónestadounidense),"Yo,Bro (USA)",16,352,estimada,yobro
6555,TheGreatDevilUnderground (versiónjaponesa),SindibadChiteinoDaiMakyuu (Japan),11,352,estimada,sindibadchiteinodaimakyuu
6556,Exploradordemazmorras (versiónestadounidense),DungeonExplorer (USA),15,352,estimada,dungeonexplorer
6558,FieldFootball (versiónjaponesa),KickBall (Japan),22,352,estimada,kickball
6559,CityHunter (versiónjaponesa),CityHunter (Japan),11,352,estimada,cityhunter
6560,CourageAlphaZonedeKeith (versiónestadounidense),KeithCourageinAlphaZones (USA),15,352,estimada,keithcourageinalphazones
6562,AlienTitans (versiónestadounidense),Turrican (USA),8,352,estimada,turrican
6563,NightCreature (versiónestadounidense),NightCreatures (USA),8,352,estimada,nightcreatures
6564,EarthCrisisNaturalLife (versiónjaponesa),DaichiKunCrisisDoNatural (Japan),22,352,estimada,daichikuncrisisdonatural
6565,Escudodelatierra (versiónjaponesa),GaianoMonshou (Japan),21,352,estimada,gaianomonshou
6568,DariusBeginning (versiónjaponesa),DariusAlpha (Japan),22,352,estimada,dariusalpha
6569,GrandSumoHeiseiVersion (versiónjaponesa),TsuppariOozumouHeiseiBan (Japan),11,352,estimada,tsupparioozumouheiseiban
6570,controladorf1 (versiónjaponesa),F1PilotYou'reKingofKings (Japan),22,352,estimada,f1pilotyourekingofkings
6571,BattleRoyale (versiónestadounidense),BattleRoyale (USA),8,352,estimada,battleroyale
6580,3JigenKakutouBallz (Japón),3JigenKakutouBallz (Japan),9,352,estimada,3jigenkakutouballz
6581,3NinjasKickBack (EE.UU.),3NinjasKickBack (USA),9,352,estimada,3ninjaskickback
6582,3x3ojosJuumaHoukan (Japón),3x3EyesJuumaHoukan (Japan),7,352,estimada,3x3eyesjuumahoukan
6583,3x3ojosSeimaKourinden (Japón),3x3EyesSeimaKourinden (Japan),9,352,estimada,3x3eyesseimakourinden
6584,4ninShougi (Japón),4ninShougi (Japan),9,352,estimada,4ninshougi
6585,46OkunenMonogatariHarukanaruEdene (Japón),46OkunenMonogatariHarukanaruEdene (Japan),9,352,estimada,46okunenmonogatariharukanaruedene
6588,90minutos:primergoleuropeo (Europa),90MinutesEuropeanPrimeGoal (Europe),7,352,estimada,90minuteseuropeanprimegoal
6589,Aaahh!!!Monstruosreales (Europa),Aaahh!!!RealMonsters (Europe),16,352,estimada,aaahhrealmonsters
6592,ABCMondayNightFootball (EstadosUnidos),ABCMondayNightFootball (USA),18,352,estimada,abcmondaynightfootball
6593,AcceleBrid (Japón),AcceleBrid (Japan),9,352,estimada,accelebrid
6594,AceoNerae! (Japón),AceoNerae! (Japan),9,352,estimada,aceonerae
6595,FábricadeanimaciónACME (Europa),ACMEAnimationFactory (Europe),16,352,estimada,acmeanimationfactory
6598,ActionPachio (Japón),ActionPachio (Japan),9,352,estimada,actionpachio
6599,ActRaiser (Europa),ActRaiser (Europe),39,352,estimada,actraiser
6604,Actraiser2 (Europa),Actraiser2 (Europe),16,352,estimada,actraiser2
6606,ActRaiser2ChinmokuenoSeisen (Japón),ActRaiser2ChinmokuenoSeisen (Japan),9,352,estimada,actraiser2chinmokuenoseisen
6607,ValoresdelafamiliaAddams (Europa),AddamsFamilyValues (Europe),16,352,estimada,addamsfamilyvalues
6612,"FamiliaAddams,LaBúsquedadeltesorodePugsley (Europa)","AddamsFamily,ThePugsley'sScavengerHunt (Europe)",16,352,estimada,addamsfamilythepugsleysscavengerhunt
6614,MazmorrasydragonesavanzadosEyeoftheBeholder (EE.UU.),AdvancedDungeons&DragonsEyeoftheBeholder (USA),9,352,estimada,advanceddungeonsdragonseyeofthebeholder
6622,AdventuresofYogiBear (EstadosUnidos),AdventuresofYogiBear (USA),9,352,estimada,adventuresofyogibear
6624,AerotheAcroBat (Europa),AerotheAcroBat (Europe),16,352,estimada,aerotheacrobat
6626,AerotheAcroBat2 (Europa),AerotheAcroBat2 (Europe),16,352,estimada,aerotheacrobat2
6628,Aerobiz (EstadosUnidos),Aerobiz (USA),9,352,estimada,aerobiz
6629,AerobizSupersonic (EstadosUnidos),AerobizSupersonic (USA),9,352,estimada,aerobizsupersonic
6630,AguriSuzukiF1SuperDriving (Europa),AguriSuzukiF1SuperDriving (Europe),7,352,estimada,agurisuzukif1superdriving
6632,Caballeríaaérea (Europa),AirCavalry (Europe),16,352,estimada,aircavalry
6634,GestióndelaireOozoraniKakeru (Japón),AirManagementOozoraniKakeru (Japan),9,352,estimada,airmanagementoozoranikakeru
6635,AirManagementIIKoukuuOuoMezase (Japón),AirManagementIIKoukuuOuoMezase (Japan),9,352,estimada,airmanagementiikoukuuouomezase
6636,AkagawaJirouMajotachinoNemuri (Japón),AkagawaJirouMajotachinoNemuri (Japan),9,352,estimada,akagawajiroumajotachinonemuri
6637,AkazukinChacha (Japón),AkazukinChacha (Japan),9,352,estimada,akazukinchacha
6648,AlbertOdyssey (Japón),AlbertOdyssey (Japan),9,352,estimada,albertodyssey
6649,AlbertOdyssey2JashinnoTaidou (Japón),AlbertOdyssey2JashinnoTaidou (Japan),7,352,estimada,albertodyssey2jashinnotaidou
6650,Alcahest (Japón),Alcahest (Japan),9,352,estimada,alcahest
6652,AlicenoPaintAdventure (Japón),AlicenoPaintAdventure (Japan),9,352,estimada,alicenopaintadventure
6653,Alien3 (Europa),Alien3 (Europe),25,352,estimada,alien3
6659,Campeonatodefútbolamericano (Europa),AllAmericanChampionshipFootball (Europe),7,352,estimada,allamericanchampionshipfootball
6660,"AmazingSpiderMan,TheLethalFoes (Japón)","AmazingSpiderMan,TheLethalFoes (Japan)",9,352,estimada,amazingspidermanthelethalfoes
6662,Cúpuladebatallaestadounidense (Japón),AmericanBattleDome (Japan),9,352,estimada,americanbattledome
6663,Gladiadoresamericanos (EE.UU.),AmericanGladiators (USA),9,352,estimada,americangladiators
6664,"AmericanTail,AnFievelGoesWest (EstadosUnidos)","AmericanTail,AnFievelGoesWest (USA)",9,352,estimada,americantailanfievelgoeswest
6666,AndreAgassiTennis (EstadosUnidos),AndreAgassiTennis (USA),18,352,estimada,andreagassitennis
6667,Angelique (Japón),Angelique (Japan),9,352,estimada,angelique
6668,AngeliqueVoiceFantasy (Japón),AngeliqueVoiceFantasy (Japan),7,352,estimada,angeliquevoicefantasy
6669,AnimalBurandenBrutal (Japón),AnimalBurandenBrutal (Japan),9,352,estimada,animalburandenbrutal
6670,Animaniacs (Europa),Animaniacs (Europe),25,352,estimada,animaniacs
6674,¡AokiDensetsuShoot! (Japón),AokiDensetsuShoot! (Japan),9,352,estimada,aokidensetsushoot
6675,ApocalipsisII (Europa),ApocalypseII (Europe),7,352,estimada,apocalypseii
6676,AppleseedPrometheusnoShintaku (Japón),AppleseedPrometheusnoShintaku (Japan),9,352,estimada,appleseedprometheusnoshintaku
6677,Aqutallion (Japón),Aqutallion (Japan),9,352,estimada,aqutallion
6678,ArabianNightsSabakunoSeireiOu (Japón),ArabianNightsSabakunoSeireiOu (Japan),9,352,estimada,arabiannightssabakunoseireiou
6679,AraigumaRascal (Japón),AraigumaRascal (Japan),9,352,estimada,araigumarascal
6682,Arcana (EstadosUnidos),Arcana (USA),9,352,estimada,arcana
6684,ArcusOdyssey (EstadosUnidos),ArcusOdyssey (USA),9,352,estimada,arcusodyssey
6685,ArcusSpirits (Japón),ArcusSpirits (Japan),9,352,estimada,arcusspirits
6686,ArdyLightfoot (Europa),ArdyLightfoot (Europe),25,352,estimada,ardylightfoot
6690,Aretha (Japón),Aretha (Japan),9,352,estimada,aretha
6691,ArethaIIArielnoFushiginaTabi (Japón),ArethaIIArielnoFushiginaTabi (Japan),9,352,estimada,arethaiiarielnofushiginatabi
6698,AsameshimaeNyanko (Japón),AsameshimaeNyanko (Japan),9,352,estimada,asameshimaenyanko
6700,AsterixyObelix (Europa),Asterix&Obelix (Europe),7,352,estimada,asterixobelix
6702,"Atlas,TheRenaissanceVoyager (Japón)","Atlas,TheRenaissanceVoyager (Japan)",16,352,estimada,atlastherenaissancevoyager
6704,Axelay (Europa),Axelay (Europe),25,352,estimada,axelay
6707,LagunadeBahamut (Japón),BahamutLagoon (Japan),9,352,estimada,bahamutlagoon
6708,BakukyuuRenpatsu!!SuperBDaman (Japón),BakukyuuRenpatsu!!SuperBDaman (Japan),9,352,estimada,bakukyuurenpatsusuperbdaman
6709,BakumatsuKourindenOni (Japón),BakumatsuKourindenOni (Japan),9,352,estimada,bakumatsukourindenoni
6710,BakutouDochersBumpsjimawaOosawagi (Japón),BakutouDochersBumpsjimawaOosawagi (Japan),9,352,estimada,bakutoudochersbumpsjimawaoosawagi
6711,Pistoladebalasdebolas (Japón),BallBulletGun (Japan),9,352,estimada,ballbulletgun
6712,Ballz 3DLuchandoensumomentomásBallziest (EE.UU.),Ballz3DFightingatItsBallziest (USA),9,352,estimada,ballz3dfightingatitsballziest
6713,Barbarroja (Japón),Barbarossa (Japan),9,352,estimada,barbarossa
6714,BarbieSuperModel (EstadosUnidos),BarbieSuperModel (USA),9,352,estimada,barbiesupermodel
6715,BarbieVacationAdventure (EE.UU.),BarbieVacationAdventure (USA),9,352,estimada,barbievacationadventure
6716,BarkleynoPowerDunk (Japón),BarkleynoPowerDunk (Japan),9,352,estimada,barkleynopowerdunk
6717,Barkley¡CállateyJam! (Europa),BarkleyShutUpandJam! (Europe),16,352,estimada,barkleyshutupandjam
6723,Bassin'sBlackBass (EstadosUnidos),Bassin'sBlackBass (USA),9,352,estimada,bassinsblackbass
6724,¡¡Bastardo!!AnkokunoHakaishin (Japón),Bastard!!AnkokunoHakaishin (Japan),9,352,estimada,bastardankokunohakaishin
6734,BattleBlaze (EstadosUnidos),BattleBlaze (USA),18,352,estimada,battleblaze
6735,Cochesdebatalla (EE.UU.),BattleCars (USA),9,352,estimada,battlecars
6736,BattleClash (Europa),BattleClash (Europe),16,352,estimada,battleclash
6738,"ComandantedebatallaHachibushuu,ShuranoHeihou (Japón)","BattleCommanderHachibushuu,ShuranoHeihou (Japan)",9,352,estimada,battlecommanderhachibushuushuranoheihou
6740,BattleDodgeBall (Japón),BattleDodgeBall (Japan),9,352,estimada,battledodgeball
6741,BattleDodgeBallII (Japón),BattleDodgeBallII (Japan),9,352,estimada,battledodgeballii
6743,BattleGrandPrix (EE.UU.),BattleGrandPrix (USA),18,352,estimada,battlegrandprix
6744,BattleJockey (Japón),BattleJockey (Japan),9,352,estimada,battlejockey
6745,BattleMasterKyuukyokunoSenshitachi (Japón),BattleMasterKyuukyokunoSenshitachi (Japan),9,352,estimada,battlemasterkyuukyokunosenshitachi
6746,BattlePinball (Japón),BattlePinball (Japan),9,352,estimada,battlepinball
6747,BattleRacers (Japón),BattleRacers (Japan),9,352,estimada,battleracers
6748,BattleRobotRetsuden (Japón),BattleRobotRetsuden (Japan),9,352,estimada,battlerobotretsuden
6749,BattleSoccerFieldnoHasha (Japón),BattleSoccerFieldnoHasha (Japan),9,352,estimada,battlesoccerfieldnohasha
6750,BattleSoccer2 (Japón),BattleSoccer2 (Japan),9,352,estimada,battlesoccer2
6751,BattleSubmarine (Japón),BattleSubmarine (Japan),9,352,estimada,battlesubmarine
6752,BattleTycoonFlashHidersSFX (Japón),BattleTycoonFlashHidersSFX (Japan),9,352,estimada,battletycoonflashhiderssfx
6753,BattleZequeDen (Japón),BattleZequeDen (Japan),9,352,estimada,battlezequeden
6754,BattleTech (Japón),BattleTech (Japan),9,352,estimada,battletech
6755,BattleTech3050 (Japón),BattleTech3050 (Japan),9,352,estimada,battletech3050
6762,BazookaBlitzkrieg (EstadosUnidos),BazookaBlitzkrieg (USA),9,352,estimada,bazookablitzkrieg
6765,BeavisyButtHead (Europa),BeavisandButtHead (Europe),16,352,estimada,beavisandbutthead
6767,Bebe'sKids (EstadosUnidos),Bebe'sKids (USA),9,352,estimada,bebeskids
6768,Beethoven¡Lamejortravesuracanina! (Europa),BeethovenTheUltimateCanineCaper! (Europe),16,352,estimada,beethoventheultimatecaninecaper
6771,BenkeiGaidenSunanoShou (Japón),BenkeiGaidenSunanoShou (Japan),9,352,estimada,benkeigaidensunanoshou
6772,LomejordelomejorCampeonatodeKarate (Europa),BestoftheBestChampionshipKarate (Europe),16,352,estimada,bestofthebestchampionshipkarate
6774,BestShotProGolf (Japón),BestShotProGolf (Japan),9,352,estimada,bestshotprogolf
6775,¡GranIchigeki!PachiSlotDaikouryaku (Japón),BigIchigeki!PachiSlotDaikouryaku (Japan),9,352,estimada,bigichigekipachislotdaikouryaku
6776,¡GranIchigeki!PachiSlotDaikouryaku2ColecciónUniversal (Japón),BigIchigeki!PachiSlotDaikouryaku2UniversalCollection (Japan),7,352,estimada,bigichigekipachislotdaikouryaku2universalcollection
6777,BigSkyTrooper (Europa),BigSkyTrooper (Europe),16,352,estimada,bigskytrooper
6779,BijoaYajuu (Japón),BijotoYajuu (Japan),9,352,estimada,bijotoyajuu
6780,BikeDaisuki!HashiriyaTamashii (Japón),BikeDaisuki!HashiriyaTamashii (Japan),9,352,estimada,bikedaisukihashiriyatamashii
6781,RatonesmoterosdeMarte (Europa),BikerMicefromMars (Europe),16,352,estimada,bikermicefrommars
6783,BaloncestodecombatedeBillLaimbeer (EE.UU.),BillLaimbeer'sCombatBasketball (USA),9,352,estimada,billlaimbeerscombatbasketball
6784,FútbolamericanouniversitarioBillWalsh (EE.UU.),BillWalshCollegeFootball (USA),9,352,estimada,billwalshcollegefootball
6785,¡BingBing!Bingo (Japón),BingBing!Bingo (Japan),9,352,estimada,bingbingbingo
6786,BioMetal (Europa),BioMetal (Europe),25,352,estimada,biometal
6789,BishinDensetsuZoku (Japón),BishinDensetsuZoku (Japan),9,352,estimada,bishindensetsuzoku
6790,BishoujoJanshiSuchiePai (Japón),BishoujoJanshiSuchiePai (Japan),9,352,estimada,bishoujojanshisuchiepai
6792,BishoujoSenshiSailorMoonAnotherStory (Japón),BishoujoSenshiSailorMoonAnotherStory (Japan),9,352,estimada,bishoujosenshisailormoonanotherstory
6793,BishoujoSenshiSailorMoonR (Japón),BishoujoSenshiSailorMoonR (Japan),9,352,estimada,bishoujosenshisailormoonr
6796,BishoujoSenshiSailorMoonSKurukkurin (Japón),BishoujoSenshiSailorMoonSKurukkurin (Japan),9,352,estimada,bishoujosenshisailormoonskurukkurin
6797,BishoujoSenshiSailorMoonSuperSFuwafuwaPanic (Japón),BishoujoSenshiSailorMoonSuperSFuwafuwaPanic (Japan),9,352,estimada,bishoujosenshisailormoonsupersfuwafuwapanic
6799,Blackhawk (Europa),Blackhawk (Europe),7,352,estimada,blackhawk
6801,BlackthorneFukushuunoKurokiToge (Japón),BlackthorneFukushuunoKurokiToge (Japan),9,352,estimada,blackthornefukushuunokurokitoge
6803,BlaZeonTheBioCyborgChallenge (EE.UU.),BlaZeonTheBioCyborgChallenge (USA),9,352,estimada,blazeonthebiocyborgchallenge
6804,Cielosardientes (Europa),BlazingSkies (Europe),7,352,estimada,blazingskies
6807,Bobby'sWorld (EstadosUnidos),Bobby'sWorld (USA),9,352,estimada,bobbysworld
6808,BokujouMonogatari (Japón),BokujouMonogatari (Japan),9,352,estimada,bokujoumonogatari
6810,Bombuzal (Japón),Bombuzal (Japan),9,352,estimada,bombuzal
6811,Bonkers (EstadosUnidos),Bonkers (USA),9,352,estimada,bonkers
6812,Bonkers¡HollywoodDaisakusen! (Japón),BonkersHollywoodDaisakusen! (Japan),9,352,estimada,bonkershollywooddaisakusen
6813,BoogermanAPickandFlickAdventure (Europa),BoogermanAPickandFlickAdventure (Europe),14,352,estimada,boogermanapickandflickadventure
6815,BountySword (Japón),BountySword (Japan),9,352,estimada,bountysword
6816,Leyendasdelboxeodelring (Europa),BoxingLegendsoftheRing (Europe),16,352,estimada,boxinglegendsofthering
6819,BrainLord (EstadosUnidos),BrainLord (USA),18,352,estimada,brainlord
6822,DráculadeBramStoker (Europa),BramStoker'sDracula (Europe),16,352,estimada,bramstokersdracula
6825,Brandish (EstadosUnidos),Brandish (USA),18,352,estimada,brandish
6826,Brandish2Experto (Japón),Brandish2Expert (Japan),7,352,estimada,brandish2expert
6827,Brandish2ThePlanetBuster (Japón),Brandish2ThePlanetBuster (Japan),9,352,estimada,brandish2theplanetbuster
6828,BrawlBrothers (EstadosUnidos),BrawlBrothers (USA),9,352,estimada,brawlbrothers
6829,BrawlBrothers¡Territoriorival!2 (Europa),BrawlBrothersRivalTurf!2 (Europe),7,352,estimada,brawlbrothersrivalturf2
6832,BreathofFireRyuunoSenshi (Japón),BreathofFireRyuunoSenshi (Japan),9,352,estimada,breathoffireryuunosenshi
6833,BreathofFireII (Europa),BreathofFireII (Europe),16,352,estimada,breathoffireii
6836,BrettHullHockey (Europa),BrettHullHockey (Europe),16,352,estimada,bretthullhockey
6838,BrettHullHockey95 (EstadosUnidos),BrettHullHockey95 (USA),9,352,estimada,bretthullhockey95
6839,BronkietheBronchiasaurus (EstadosUnidos),BronkietheBronchiasaurus (USA),9,352,estimada,bronkiethebronchiasaurus
6840,TorneoMundialdeCampeonesdeBrunswick (EE.UU.),BrunswickWorldTournamentofChampions (USA),9,352,estimada,brunswickworldtournamentofchampions
6841,BrutalPawsofFury (Europa),BrutalPawsofFury (Europe),16,352,estimada,brutalpawsoffury
6843,BSXSorewaNamaeoNusumaretaMachinoMonogatari (Japón),BSXSorewaNamaeoNusumaretaMachinoMonogatari (Japan),9,352,estimada,bsxsorewanamaeonusumaretamachinomonogatari
6844,BubsyII (Europa),BubsyII (Europe),16,352,estimada,bubsyii
6846,BubsyinEncuentrosdegarrasdelaespeciepeluda (Europa),BubsyinClawsEncountersoftheFurredKind (Europe),25,352,estimada,bubsyinclawsencountersofthefurredkind
6849,BugsBunnyHachamechaDaibouken (Japón),BugsBunnyHachamechaDaibouken (Japan),9,352,estimada,bugsbunnyhachamechadaibouken
6850,BugsBunnyRabbitRampage (Europa),BugsBunnyRabbitRampage (Europe),16,352,estimada,bugsbunnyrabbitrampage
6852,BullsvsBlazersylosPlayoffsdelaNBA (Europa),BullsvsBlazersandtheNBAPlayoffs (Europe),16,352,estimada,bullsvsblazersandthenbaplayoffs
6854,BuraiHachigyokunoYuushiDensetsu (Japón),BuraiHachigyokunoYuushiDensetsu (Japan),9,352,estimada,buraihachigyokunoyuushidensetsu
6855,BushiSeiryuudenFutarinoYuusha (Japón),BushiSeiryuudenFutarinoYuusha (Japan),9,352,estimada,bushiseiryuudenfutarinoyuusha
6857,CacomaKnight (Japón),CacomaKnight (Japan),9,352,estimada,cacomaknight
6858,CacomaKnightenBizyland (EstadosUnidos),CacomaKnightinBizyland (USA),9,352,estimada,cacomaknightinbizyland
6860,JuegosdeCaliforniaII (Europa),CaliforniaGamesII (Europe),25,352,estimada,californiagamesii
6865,CopaCannondale (EE.UU.),CannondaleCup (USA),9,352,estimada,cannondalecup
6866,FútbolMVPdeCapcom (EE.UU.),Capcom'sMVPFootball (USA),9,352,estimada,capcomsmvpfootball
6867,SoccerShootoutdeCapcom (EE.UU.),Capcom'sSoccerShootout (USA),9,352,estimada,capcomssoccershootout
6873,CapitánNovolin (EstadosUnidos),CaptainNovolin (USA),9,352,estimada,captainnovolin
6878,ColecciónCaravanShooting (Japón),CaravanShootingCollection (Japan),9,352,estimada,caravanshootingcollection
6879,CardMasterRimusarianoFuuin (Japón),CardMasterRimusarianoFuuin (Japan),9,352,estimada,cardmasterrimusarianofuuin
6880,CarrierAces (Europa),CarrierAces (Europe),25,352,estimada,carrieraces
6888,CBCharaWarsUshinawaretaGag (Japón),CBCharaWarsUshinawaretaGag (Japan),9,352,estimada,cbcharawarsushinawaretagag
6889,CampeonesFútboldeclasemundial (Europa),ChampionsWorldClassSoccer (Europe),25,352,estimada,championsworldclasssoccer
6892,Grupodecampeonato (Europa),ChampionshipPool (Europe),16,352,estimada,championshippool
6894,ChampionshipSoccer'94 (EstadosUnidos),ChampionshipSoccer'94 (USA),9,352,estimada,championshipsoccer94
6896,ChaosSeedFuusuiKairouki (Japón),ChaosSeedFuusuiKairouki (Japan),9,352,estimada,chaosseedfuusuikairouki
6897,Chávez (EstadosUnidos),Chavez (USA),9,352,estimada,chavez
6898,ChávezII (EstadosUnidos),ChavezII (USA),9,352,estimada,chavezii
6899,"Chessmaster,The (Europa)","Chessmaster,The (Europe)",13,352,estimada,thechessmaster
6902,ChesterCheetahTooCooltoFool (EstadosUnidos),ChesterCheetahTooCooltoFool (USA),9,352,estimada,chestercheetahtoocooltofool
6903,ChesterCheetahWildWildQuest (EstadosUnidos),ChesterCheetahWildWildQuest (USA),9,352,estimada,chestercheetahwildwildquest
6904,ChibiMarukochanHarikiri365nichinoMaki (Japón),ChibiMarukochanHarikiri365nichinoMaki (Japan),9,352,estimada,chibimarukochanharikiri365nichinomaki
6905,ChibiMarukochan¡Mezase!MinaminoIsland!! (Japón),ChibiMarukochanMezase!MinaminoIsland!! (Japan),9,352,estimada,chibimarukochanmezaseminaminoisland
6906,Chinhai (Japón),Chinhai (Japan),9,352,estimada,chinhai
6907,ChoplifterIII (Europa),ChoplifterIII (Europe),7,352,estimada,choplifteriii
6909,ChoplifterIIIRescueSurvive (EE.UU.),ChoplifterIIIRescueSurvive (USA),27,352,estimada,choplifteriiirescuesurvive
6911,ChouAnikiBakuretsuRantouHen (Japón),ChouAnikiBakuretsuRantouHen (Japan),9,352,estimada,chouanikibakuretsurantouhen
6912,ChouGojiraSuperGodzilla (Japón),ChouGojiraSuperGodzilla (Japan),9,352,estimada,chougojirasupergodzilla
6913,ChouMahouTairikuWozz (Japón),ChouMahouTairikuWozz (Japan),9,352,estimada,choumahoutairikuwozz
6914,¡ChouMakaiTaisen!Dorabocchan (Japón),ChouMakaiTaisen!Dorabocchan (Japan),9,352,estimada,choumakaitaisendorabocchan
6915,ChouMakaimura (Japón),ChouMakaimura (Japan),9,352,estimada,choumakaimura
6916,ChoujikuuYousaiMacrossScrambledValkyrie (Japón),ChoujikuuYousaiMacrossScrambledValkyrie (Japan),9,352,estimada,choujikuuyousaimacrossscrambledvalkyrie
6917,ChoukouGasshinXardion (Japón),ChoukouGasshinXardion (Japan),9,352,estimada,choukougasshinxardion
6920,ChuckRock (Europa),ChuckRock (Europe),16,352,estimada,chuckrock
6922,CircuitUSA (Japón),CircuitUSA (Japan),9,352,estimada,circuit
6923,CivilizationSekaiShichiDaibunmei (Japón),CivilizationSekaiShichiDaibunmei (Japan),9,352,estimada,civilizationsekaishichidaibunmei
6925,ClassicRoadII (Japón),ClassicRoadII (Japan),9,352,estimada,classicroadii
6926,ClayFighter (Europa),ClayFighter (Europe),16,352,estimada,clayfighter
6928,ClayFighterEdicióndetorneo (EE.UU.),ClayFighterTournamentEdition (USA),9,352,estimada,clayfightertournamentedition
6929,ClayFighter2JudgmentClay (Europa),ClayFighter2JudgmentClay (Europe),16,352,estimada,clayfighter2judgmentclay
6931,Claymates (Europa),Claymates (Europe),16,352,estimada,claymates
6933,Cliffhanger (Europa),Cliffhanger (Europe),16,352,estimada,cliffhanger
6935,TorredelReloj (Japón),ClockTower (Japan),9,352,estimada,clocktower
6937,Clue (EstadosUnidos),Clue (USA),9,352,estimada,clue
6938,FútbolamericanouniversitarioEE.UU.97 (EE.UU.),CollegeFootballUSA97 (USA),9,352,estimada,collegefootballusa97
6943,ComputerNouryokuKaisekiUltraBaken (Japón),ComputerNouryokuKaisekiUltraBaken (Japan),9,352,estimada,computernouryokukaisekiultrabaken
6944,CongoLapelículaElsecretodeZinj (EE.UU.),CongoTheMovieSecretofZinj (USA),9,352,estimada,congothemoviesecretofzinj
6945,AlcaparradelCongo (Europa),Congo'sCaper (Europe),16,352,estimada,congoscaper
6947,ConveniWarsBarcodeBattlerSenki¡SuperSenshiShutsugekiseyo! (Japón),ConveniWarsBarcodeBattlerSenkiSuperSenshiShutsugekiseyo! (Ja,9,352,estimada,conveniwarsbarcodebattlersenkisupersenshishutsugekiseyo
6948,CoolSpot (Europa),CoolSpot (Europe),25,352,estimada,coolspot
6951,CoolWorld (España),CoolWorld (Spain),16,352,estimada,coolworld
6953,CornBuster (Europa),CornBuster (Europe),7,352,estimada,cornbuster
6954,CoronLand (Japón),CoronLand (Japan),9,352,estimada,coronland
6957,CosmoPoliceGalivanIIArrowofJustice (Japón),CosmoPoliceGalivanIIArrowofJustice (Japan),9,352,estimada,cosmopolicegalivaniiarrowofjustice
6958,CrayonShinchanArashioYobuEnji (Japón),CrayonShinchanArashioYobuEnji (Japan),9,352,estimada,crayonshinchanarashioyobuenji
6959,CrayonShinchan2DaimaounoGyakushuu (Japón),CrayonShinchan2DaimaounoGyakushuu (Japan),9,352,estimada,crayonshinchan2daimaounogyakushuu
6960,CrystalBeansdeDungeonExplorer (Japón),CrystalBeansfromDungeonExplorer (Japan),9,352,estimada,crystalbeansfromdungeonexplorer
6961,CuOnPaSFC (Japón),CuOnPaSFC (Japan),7,352,estimada,cuonpasfc
13410,SFCAsahiShinbunRensaiKatouHifumiKudanShougiShingiryuu (Japón) [v1 ARCADE],SFCAsahiShinbunRensaiKatouHifumiKudanShougiShingiryuu (Japa,9,352,estimada,asahishinbunrensaikatouhifumikudanshougishingiryuu
13508,SFCBishoujoSenshiSailorMoonSKondowaPuzzledeOshiokiyo! (Japón) [v1 ARCADE],SFCBishoujoSenshiSailorMoonSKondowaPuzzledeOshiokiyo! (Jap,9,352,estimada,bishoujosenshisailormoonskondowapuzzledeoshiokiyo
7531,HeavenlyDragon (versiónjaponesa),TenseiryuuSaintDragon (Japan),11,351,estimada,tenseiryuusaintdragon
7533,BoladeTaiChi (versiónestadounidense),ChewManFu (USA),16,351,estimada,chewmanfu
7534,SpaceInvaders (versiónjaponesa),SpaceInvadersFukkatsunoHi (Japan),22,351,estimada,spaceinvadersfukkatsunohi
7535,Espejomilitarespacial (versiónestadounidense),SoldierBlade (USA),16,351,estimada,soldierblade
7540,WomanKombat (versiónjaponesa),StripFighterII (Japan),22,351,estimada,stripfighterii
7542,Paranoia (versiónjaponesa),Paranoia (Japan),22,351,estimada,paranoia
7544,LegendoftheDemon (versiónestadounidense),BariBariDensetsu (Japan),18,351,estimada,baribaridensetsu
7545,DeseosdeNicoleNicole (versiónjaponesa),NikoNikoPun (Japan),11,351,estimada,nikonikopun
7546,SunSun2 (versiónjaponesa),SonSonII (Japan),11,351,estimada,sonsonii
7548,UniverseDoubleEagle (versiónjaponesa),WRingTheDoubleRings (Japan),22,351,estimada,wringthedoublerings
7550,SpaceGuard (versiónestadounidense),SilentDebuggers (USA),16,351,estimada,silentdebuggers
7551,Maestrodeluniverso (versiónjaponesa),Tatsujin (Japan),21,351,estimada,tatsujin
7553,BattleofPaulan (versiónjaponesa),Barunba (Japan),22,351,estimada,barunba
7556,Rugbyenvivo (versiónestadounidense),TVSportsFootball (USA),16,351,estimada,tvsportsfootball
7557,Baloncestoenvivo (versiónestadounidense),TVSportsBasketball (USA),8,351,estimada,tvsportsbasketball
7559,ShootingTengu (versiónjaponesa),HanaTaakaDaka! (Japan),21,351,estimada,hanataakadaka
7560,ShogiNoviceisinútil (versiónjaponesa),ShougiShoshinshaMuyou (Japan),11,351,estimada,shougishoshinshamuyou
7561,ShogiStraightLine (versiónjaponesa),ShougiShodanIcchokusen (Japan),11,351,estimada,shougishodanicchokusen
7562,LittleMarukoQuiz (versiónjaponesa),ChibiMarukoChanQuizdePiihyara (Japan),22,351,estimada,chibimarukochanquizdepiihyara
7565,béisbolnaaxat (versiónjaponesa),NaxatStadium (Japan),11,351,estimada,naxatstadium
7569,Wallaby (versiónjaponesa),Wallaby!!UsaginoKuninoKangarooRace (Japan),22,351,estimada,wallabyusaginokuninokangaroorace
7570,Pequeñabruja (versiónestadounidense),MagicalChase (USA),15,351,estimada,magicalchase
7574,NaxatOpen (versiónjaponesa),NaxatOpen (Japan),21,351,estimada,naxatopen
7578,FantasyFlame (versiónjaponesa),GaiFlame (Japan),22,351,estimada,gaiflame
7580,GhostLand (versiónestadounidense),GhostManor (USA),15,351,estimada,ghostmanor
7581,AlienPinball (versiónestadounidense),AlienCrush (USA),16,351,estimada,aliencrush
7586,SlingshotMonster (versiónjaponesa),Mesopotamia (Japan),22,351,estimada,mesopotamia
7587,Pinball2 (versiónjaponesa),TimeCruiseII (Japan),11,351,estimada,timecruiseii
7588,Pinball (versiónestadounidense),TimeCruise (USA),16,351,estimada,timecruise
7589,MindHunter (versiónjaponesa),PsychoChaser (Japan),11,351,estimada,psychochaser
7596,Courier (versiónjaponesa),Kattobi!TakuhaiKun (Japan),11,351,estimada,kattobitakuhaikun
7599,DinosaurWarrior (versiónjaponesa),DragonEgg! (Japan),21,351,estimada,dragonegg
7607,BattleGoldDigger (versiónjaponesa),BattleLodeRunner (Japan),11,351,estimada,battleloderunner
7608,Formadevidadecombate (versiónestadounidense),CyberCore (USA),16,351,estimada,cybercore
7610,Battledodgeball (versiónjaponesa),CyberDodge (Japan),22,351,estimada,cyberdodge
7613,TenisdelaCopaDavis (versiónestadounidense),DavisCupTennis (USA),8,351,estimada,daviscuptennis
7614,LlavedeSalomón (versiónjaponesa),Zipang (Japan),21,351,estimada,zipang
7615,HitFruit (versiónjaponesa),DropRockHoraHora (Japan),22,351,estimada,droprockhorahora
7617,Pinballtécnico (versiónestadounidense),Ballistix (USA),8,351,estimada,ballistix
7619,Campeóndeboxeo (versiónjaponesa),DigitalChamp (Japan),22,351,estimada,digitalchamp
7621,Swing (versiónjaponesa),RockOn (Japan),11,351,estimada,rockon
7623,Motociclista (versiónestadounidense),MotoRoader (USA),16,351,estimada,motoroader
7624,Motociclista2 (versiónjaponesa),MotoRoaderII (Japan),22,351,estimada,motoroaderii
7625,TransformingtheChoren (versiónestadounidense),Shockman (USA),8,351,estimada,shockman
7626,TransformandoChojin2NewEnemy (versiónjaponesa),KaizouChoujinShubibinman2AratanaruTeki (Japan),11,351,estimada,kaizouchoujinshubibinman2aratanaruteki
7630,Skovey (versiónjaponesa),Skweek (Japan),22,351,estimada,skweek
7632,HotelKing (versiónjaponesa),21EmonMezaseHotelOu!! (Japan),11,351,estimada,21emonmezasehotelou
7633,Rotarenpares (versiónjaponesa),SpinPair (Japan),21,351,estimada,spinpair
7634,MisiónTornado (versiónjaponesa),SpiralWave (Japan),22,351,estimada,spiralwave
7636,Timeball (versiónestadounidense),Timeball (USA),8,351,estimada,timeball
7639,TheLastLapDoubleEdition (versiónestadounidense),FinalLapTwin (USA),8,351,estimada,finallaptwin
7641,FinalFighter (versiónjaponesa),FinalSoldier (Japan),33,351,estimada,finalsoldier
7648,MechaWarrior (versiónjaponesa),Gunhed (Japan),11,351,estimada,gunhed
7649,PCOriginal3 (versiónestadounidense),BonkIIIBonk'sBigAdventure (USA),8,351,estimada,bonkiiibonksbigadventure
7650,MechaWarriorTacticalGladiator (versiónestadounidense),VeiguesTacticalGladiator (USA),8,351,estimada,veiguestacticalgladiator
7654,JackNicklausTurboGolf (versiónestadounidense),JackNicklaus'TurboGolf (USA),8,351,estimada,jacknicklausturbogolf
7655,PCElectricMan (DíaAlt),PCDenjinPunkicCyborgs (Japan) (Alt),7,351,estimada,pcdenjinpunkiccyborgs
7656,Speed​​Fight (versiónjaponesa),FightingRun (Japan),21,351,estimada,fightingrun
7657,MomotaroLegend2 (versiónjaponesa),MomotarouDensetsuII (Japan),11,351,estimada,momotaroudensetsuii
7658,MomotaroLegendAccelerationEdition (versiónjaponesa),MomotarouDensetsuTurbo (Japan),11,351,estimada,momotaroudensetsuturbo
7659,MomotaroLegendGaiden (versiónjaponesa),MomotarouDensetsuGaidenDai1Shuu (Japan),11,351,estimada,momotaroudensetsugaidendai1shuu
7660,MomotaroLiveDrama (versiónjaponesa),MomotarouKatsugeki (Japan),11,351,estimada,momotaroukatsugeki
7662,MoritaShogi (versiónjaponesa),MoritaShougiPC (Japan),22,351,estimada,moritashougipc
7663,Concursodecroquet (versiónjaponesa),AppareGateball (Japan),21,351,estimada,apparegateball
7665,AutanSavestheBeauty (versiónestadounidense),Ordyne (USA),8,351,estimada,ordyne
7666,SamuraiSoul (versiónestadounidense),SamuraiGhost (USA),8,351,estimada,samuraighost
7669,Entrelazadoderedescriminalesarmadas (versiónjaponesa),BusouKeijiCyberCross (Japan),11,351,estimada,busoukeijicybercross
7670,Criminaldecombatearmado (versiónjaponesa),CrossWiberCyberCombatPolice (Japan),21,351,estimada,crosswibercybercombatpolice
7673,CrookedMahjong (versiónjaponesa),WaiWaiMahjongYukainaJanyuuTachi (Japan),21,351,estimada,waiwaimahjongyukainajanyuutachi
7674,MoonofDeath (versiónestadounidense),DeadMoon (USA),8,351,estimada,deadmoon
7675,NecroFront (versiónjaponesa),ShiryouSensen (Japan),11,351,estimada,shiryousensen
7681,BlisterPlaza (versiónjaponesa),CircusLido (Japan),22,351,estimada,circuslido
7682,Tuberíadeagua (versiónjaponesa),Blodia (Japan),21,351,estimada,blodia
7683,EternalChampionBoxing (versiónestadounidense),ChampionsForeverBoxing (USA),15,351,estimada,championsforeverboxing
7687,Oneshot (versiónjaponesa),BreakIn (Japan),11,351,estimada,breakin
7692,SupermanRaccoon (versiónestadounidense),Impossamole (USA),16,351,estimada,impossamole
7693,UnderseaMyth (versiónestadounidense),DeepBlue (USA),8,351,estimada,deepblue
7694,GoldDiggerLabyrinthofLost (versiónjaponesa),LodeRunnerLostLabyrinth (Japan),22,351,estimada,loderunnerlostlabyrinth
7699,PanzaBoxing (versiónestadounidense),PanzaKickBoxing (USA),8,351,estimada,panzakickboxing
7700,MotivationalBoy (versiónjaponesa),GekishaBoy (Japan),11,351,estimada,gekishaboy
7701,Ferozbatalla (versiónestadounidense),Sinistron (USA),16,351,estimada,sinistron
7702,Competenciaconjuntadeluchalibreprofesionaldefuego (versiónjaponesa),FireProWrestlingCombinationTag (Japan),11,351,estimada,fireprowrestlingcombinationtag
7703,Luchadeluchalibreprofesionaldefuegode2segundos (versiónjaponesa),FireProWrestling22ndBout (Japan),11,351,estimada,fireprowrestling22ndbout
7704,Luchadeluchalibreprofesionaldefuegode3leyendas (versiónjaponesa),FireProWrestling3LegendBout (Japan),11,351,estimada,fireprowrestling3legendbout
7709,FormulaOnePlaza'91WorldChampionship (versiónjaponesa),F1Circus'91WorldChampionship (Japan),11,351,estimada,f1circus91worldchampionship
7711,Seraph (versiónjaponesa),BurningAngels (Japan),22,351,estimada,burningangels
7712,HotLaser (versiónestadounidense),BlazingLazers (USA),16,351,estimada,blazinglazers
7713,HotBloodFootball (versiónjaponesa),NekketsuKoukouDodgeballBuPCBangaiHen (Japan),11,351,estimada,nekketsukoukoudodgeballbupcbangaihen
7716,Hilarante (versiónjaponesa),KatoChan&KenChan (Japan),21,351,estimada,katochankenchan
7717,Alice (versiónjaponesa),FushiginoYumenoAlice (Japan),11,351,estimada,fushiginoyumenoalice
7718,MouQingSideStory (versiónjaponesa),BenkeiGaiden (Japan) [a],11,351,estimada,benkeigaiden
7724,ToyBoy (versiónjaponesa),ToyShopBoys (Japan),11,351,estimada,toyshopboys
7728,DenyaFujibei (versiónjaponesa),ChikudenyaToubeiKubikiriYakataYori (Japan),21,351,estimada,chikudenyatoubeikubikiriyakatayori
7729,ComputerBaiQingSister (versiónjaponesa),PCPachiSlot (Japan),11,351,estimada,pcpachislot
7731,TVhockeysobrehielo (versiónestadounidense),TVSportsHockey (USA),8,351,estimada,tvsportshockey
7734,Switch (versiónjaponesa),PowerGate (Japan),22,351,estimada,powergate
7737,TiredSky (versiónestadounidense),AirZonk (USA),16,351,estimada,airzonk
7742,MagicLittlePeach (versiónjaponesa),WonderMomo (Japan),11,351,estimada,wondermomo
7744,ShenwuHeritage (versiónjaponesa),JinmuDenshou (Japan),11,351,estimada,jinmudenshou
7748,PergaminodeimágenesUltimateSparrowIdol (versiónjaponesa),KyuukyokuMahjongIdolGraphics (Japan),11,351,estimada,kyuukyokumahjongidolgraphics
7749,UltimateSparrow2 (versiónjaponesa),KyuukyokuMahjongII (Japan),11,351,estimada,kyuukyokumahjongii
7750,AirHani (versiónjaponesa),HaniiintheSky (Japan),11,351,estimada,haniiinthesky
7751,SkyFortress (versiónestadounidense),AeroBlasters (USA),16,351,estimada,aeroblasters
7753,SkyFirefox (versiónjaponesa),BattleAce (SuperGrafx) (Japan),11,351,estimada,battleace
7754,AirSweetheart (versiónjaponesa),HaniiontheRoad (Japan),21,351,estimada,haniiontheroad
7756,AirMotherCavalryXData (versiónjaponesa),HisouKiheiXserd (Japan),21,351,estimada,hisoukiheixserd
7757,BoyFighting (versiónjaponesa),TatsunokoFighter (Japan),11,351,estimada,tatsunokofighter
7758,Laberintodehadas (versiónjaponesa),MaerchenMaze (Japan),11,351,estimada,maerchenmaze
7759,Descargar (versiónjaponesa),Download (Japan),22,351,estimada,download
7761,Estrategia (versiónjaponesa),Stratego (Japan),11,351,estimada,stratego
7763,Insanity (versiónestadounidense),Psychosis (USA),15,351,estimada,psychosis
7766,UltimateBlast (versiónjaponesa),FinalBlaster (Japan),21,351,estimada,finalblaster
7767,UltimateTennisTournament (versiónjaponesa),FinalMatchTennis (Japan),11,351,estimada,finalmatchtennis
7771,Herramientasdepintura (versiónjaponesa),ArtistTool (Japan),11,351,estimada,artisttool
7773,FormationFootballWorldCup'90 (versiónjaponesa),FormationSoccerHumanCup'90 (Japan),21,351,estimada,formationsoccerhumancup90
7777,Baloncestoamericano (versiónjaponesa),USAProBasketball (Japan),22,351,estimada,usaprobasketball
7778,Baloncestoprofesionalestadounidense (versiónestadounidense),Takin'IttotheHoop (USA),8,351,estimada,takinittothehoop
7779,ProfessionalBaseball'89 (versiónjaponesa),KoregaProYakyuu'89 (Japan),11,351,estimada,koregaproyakyuu89
7780,Hermosaniñagorrión (versiónjaponesa),IdolHanafudaFanClub (Japan),21,351,estimada,idolhanafudafanclub
7783,EstadioMundialdeBéisbolProfesional'91 (versiónjaponesa),ProYakyuuWorldStadium'91 (Japan),11,351,estimada,proyakyuuworldstadium91
7786,VictoryGolf (versiónjaponesa),WinningShot (Japan),21,351,estimada,winningshot
7788,CarrionHouse (versiónestadounidense),Splatterhouse (USA),15,351,estimada,splatterhouse
7794,DecryptBoy (versiónjaponesa),PuzzleBoy (Japan),22,351,estimada,puzzleboy
7796,WorldAdventure (versiónestadounidense),Neutopia (USA),8,351,estimada,neutopia
7798,RacingSoul (versiónjaponesa),RacingDamashii (Japan),11,351,estimada,racingdamashii
7799,SuperAirFighter (versiónjaponesa),Override (Japan),21,351,estimada,override
7800,SuperStarWarrior (versiónestadounidense),SuperStarSoldier (USA),8,351,estimada,superstarsoldier
7803,SuperLeague2 (versiónjaponesa),PowerLeagueII (Japan),21,351,estimada,powerleagueii
7805,SuperLeague93 (versiónjaponesa),PowerLeague'93 (Japan),21,351,estimada,powerleague93
7807,WorldAdventure2 (versiónestadounidense),NeutopiaII (USA),8,351,estimada,neutopiaii
7809,SuperFootball (versiónjaponesa),PowerEleven (Japan),21,351,estimada,powereleven
7810,Superatleta (versiónjaponesa),PowerSports (Japan),21,351,estimada,powersports
7811,Súperatleta (versiónestadounidense),WorldSportsCompetition (USA),8,351,estimada,worldsportscompetition
7812,SuperMetalKiller (versiónjaponesa),SuperMetalCrusher (Japan),11,351,estimada,supermetalcrusher
7814,SuperGolf (versiónestadounidense),PowerGolf (USA),15,351,estimada,powergolf
7815,Superman (versiónjaponesa),ChouzetsuRinjinBravoman (Japan),11,351,estimada,chouzetsurinjinbravoman
7816,Superman (versiónestadounidense),Bravoman (USA),8,351,estimada,bravoman
7826,LaberintoTrampa (VersióndeEE.UU.),Cratermaze (USA),7,351,estimada,cratermaze
7827,Tenisdecanchamundial (versiónestadounidense),WorldCourtTennis (USA),7,351,estimada,worldcourttennis
7833,CommunicationBoy (versiónjaponesa),GenjiTsuushinAgedama (Japan),10,351,estimada,genjitsuushinagedama
7836,Elcombaterealdelossupervivientes (versiónjaponesa),TsuruTeruhitonoJissenKabushikiBaiBaiGame (Japan),10,351,estimada,tsuruteruhitonojissenkabushikibaibaigame
7838,Béisbolmundial (versiónestadounidense),WorldClassBaseball (USA),7,351,estimada,worldclassbaseball
7840,Cadenademetal (versiónjaponesa),MetalStoker (Japan),20,351,estimada,metalstoker
7847,Fotodeenvíodepreguntasyrespuestas (versiónjaponesa),QuizToukouShashin (Japan),20,351,estimada,quiztoukoushashin
7848,WorldBeachVolleyball (versiónjaponesa),WorldBeachVolley (Japan),20,351,estimada,worldbeachvolley
7849,ParasolStarBubbleLegend3 (versiónestadounidense),ParasolStarsTheStoryofBubbleBobbleIII (USA),7,351,estimada,parasolstarsthestoryofbubblebobbleiii
7852,KnightRiderSpecialEdition (versiónjaponesa),KnightRiderSpecial (Japan),10,351,estimada,knightriderspecial
7853,Tormenta (versiónjaponesa),Aldynes (SuperGrafx) (Japan),10,351,estimada,aldynes
7854,CyanDuma (versiónjaponesa),AoiBlink (Japan),10,351,estimada,aoiblink
7856,NaughtyDragon (versiónjaponesa),CoryoonChildofDragon (Japan),20,351,estimada,coryoonchildofdragon
7861,ToiletBoy (versiónjaponesa),ToiletKids (Japan),10,351,estimada,toiletkids
7863,GolfJunior (versiónjaponesa),Ganbare!GolfBoys (Japan),20,351,estimada,ganbaregolfboys
7869,ZombieFortress (versiónjaponesa),NecrosnoYousai (Japan),10,351,estimada,necrosnoyousai
7870,DevillandLegend (versiónjaponesa),MakyouDensetsu (Japan),10,351,estimada,makyoudensetsu
7874,DemonWorldEightDogs (versiónjaponesa),MakaiHakkenDenShada (Japan),10,351,estimada,makaihakkendenshada
7875,DevilPrince (versiónjaponesa),MakaiPrinceDorabocchan (Japan),10,351,estimada,makaiprincedorabocchan
7881,DebutMahjongGakuenTomaSoshiro (versiónjaponesa),MahjongGakuenToumaSoushirouToujou (Japan),10,351,estimada,mahjonggakuentoumasoushiroutoujou
7882,MahjongAcademy (versiónjaponesa),MahjongGakuenMildToumaSoushirouToujou (Japan),10,351,estimada,mahjonggakuenmildtoumasoushiroutoujou
7883,MahjongGokuSpecialEdition (versiónjaponesa),MahjongGokuuSpecial (Japan),20,351,estimada,mahjonggokuuspecial
7886,SparrowOverlordTheEmperor'sExpedition (versiónjaponesa),MahjongHaouDenKaiser'sQuest (Japan),10,351,estimada,mahjonghaoudenkaisersquest
7891,Lamaldicióndeldragón (versiónestadounidense),Dragon'sCurse (USA),14,351,estimada,dragonscurse
7897,DragonSoul (versiónestadounidense),DragonSpirit (USA),7,351,estimada,dragonspirit
7902,FairyWorld (versiónjaponesa),BikkurimanWorld (Japan),20,351,estimada,bikkurimanworld
7903,Undientepordiente (versiónestadounidense),SomerAssault (USA),7,351,estimada,somerassault
7912,Sekihara (versiónjaponesa),Sekigahara (Japan),20,351,estimada,sekigahara
7917,AdventureBaronTheLostGodHe (versiónjaponesa),BoukenDanshakuDonTheLostSunheart (Japan),10,351,estimada,boukendanshakudonthelostsunheart
7927,PowerTennis (versiónjaponesa),PowerTennis (Japan),10,351,estimada,powertennis
7932,LeagueofForces3 (versiónjaponesa),PowerLeagueIII (Japan),10,351,estimada,powerleagueiii
7939,AnimalGoldMind (versiónestadounidense),TrickyKick (USA),7,351,estimada,trickykick
7940,Elmisteriodelamascarada (versiónjaponesa),NazonoMascarade (Japan),10,351,estimada,nazonomascarade
8141,Dragónocultotigreacostado,CrouchingTiger：HiddenDragon,6,351,estimada,crouchingtigerhiddendragon
8146,Dinastíadeguerreros,DynastyWarriors,6,351,estimada,dynastywarriors
8147,GyakutenSaiban3,GyakutenSaiban3,6,351,estimada,gyakutensaiban3
8148,HechoenWario,MadeinWario,14,351,estimada,madeinwario
8156,PiratesoftheCaribbean (US),PiratesoftheCaribbean (US),12,351,estimada,piratesofthecaribbean
8160,MonsterHouse (Europeanedition),MonsterHouse (Europeanedition),12,351,estimada,monsterhouse
8174,Pinballtycoon (Americanversion),Pinballtycoon (Americanversion),12,351,estimada,pinballtycoon
8184,MonsterBassFishing (USversion),MonsterBassFishing (USversion),12,351,estimada,monsterbassfishing
8193,AlmaresplandecienteII,ShiningSoulII,12,351,estimada,shiningsoulii
8208,MonsterTruck (Europeanversion),MonsterTruck (Europeanversion),12,351,estimada,monstertruck
8223,LoslockersEXE1delaluchacibernética,BattleNetworkRockmanEXE,12,351,estimada,battlenetworkrockmanexe
8224,Gollumchoorockets,ChuChuRocket,12,351,estimada,chuchurocket
8226,GTAproconceptchampionshipcar,AdvanceGTA,12,351,estimada,advancegta
8227,Konamiwahwahracing,KonamiWaiWaiRacingAdvance,12,351,estimada,konamiwaiwairacingadvance
8228,Béisboldebolsillo3,PowerProKunPocket3,12,351,estimada,powerprokunpocket3
8229,napoleón,Napoleon,12,351,estimada,napoleon
8230,LuchacontraelfuegoprofesionalA,FireProWrestlingA,12,351,estimada,fireprowrestlinga
8231,Maestrodelgolf,JGTOKouninGolfMaster,12,351,estimada,jgtokouningolfmaster
8232,Carreradecaballoscampeón,WinningPost,12,351,estimada,winningpost
8235,VersióndebolsillodefútboldelaligaJ,J.LeaguePocket,12,351,estimada,jleaguepocket
8236,Fiestadetataro,MomotarouMatsuri,12,351,estimada,momotaroumatsuri
8237,Guardianesdelosdemonios,MonsterGuardians,12,351,estimada,monsterguardians
8240,Konamicrazyracer,KonamiKrazyRacers,12,351,estimada,konamikrazyracers
8241,GTcarreradecochesdelconceptodecarrera,GTAdvanceChampionshipRacing,12,351,estimada,gtadvancechampionshipracing
8243,Soldadodejuguete,ArmyMenAdvance,12,351,estimada,armymenadvance
8245,Eldúodelossem,GetBackersDakkanyaJigokunoScaramouche,12,351,estimada,getbackersdakkanyajigokunoscaramouche
8246,NaveespacialEX,SpaceHexciteMaetelLegendEX,12,351,estimada,spacehexcitemaetellegendex
8247,Elgatodelamáquinalaestrelladelatrampaverdeparasalvarlasoperaciones,DoraemonMidorinoWakuseiDokidokiDaikyuushutsu!,12,351,estimada,doraemonmidorinowakuseidokidokidaikyuushutsu
8248,Lagranaventuradekumgang,KinnikuBanzukeKongoukunnoDaibouken,12,351,estimada,kinnikubanzukekongoukunnodaibouken
8249,Viajeacerogrados,ZeroTours,12,351,estimada,zerotours
8250,Guerradecomunicacionesinterplanetarias,SutakomiStarCommunicator,12,351,estimada,sutakomistarcommunicator
8251,Béisbolprofesionalversióndeacción,MobileProYakyuuKantokunoSaihai,12,351,estimada,mobileproyakyuukantokunosaihai
8252,CazadordemonstruosdedocabunQ,DokaponQMonsterHunter,12,351,estimada,dokaponqmonsterhunter
8253,Todosjuntosenlacolecciónmiameba,MinnanoShiikuSeries2BokunoKuwagata,12,351,estimada,minnanoshiikuseries2bokunokuwagata
8254,Superblackbassfishing,SuperBlackBassAdvance,12,351,estimada,superblackbassadvance
8255,Sueñotardío,TanbiMusouMeineLiebe,12,351,estimada,tanbimusoumeineliebe
8256,Elitemahjongfuturewarrior21tazas,KiwameMahjongDeluxeMiraiSenshi21,12,351,estimada,kiwamemahjongdeluxemiraisenshi21
8257,fortaleza,Fortress,12,351,estimada,fortress
8258,ESPNgolffinalde2002,ESPNFinalRoundGolf2002,12,351,estimada,espnfinalroundgolf2002
8259,F14cat,F14Tomcat,12,351,estimada,f14tomcat
8260,Blackultra,MeninBlackTheSeries,12,351,estimada,meninblacktheseries
8261,Laguerraderobotsdemetallaversióndegusanotipospade,MedarotNaviKuwagata,12,351,estimada,medarotnavikuwagata
8262,Labatalladelosrobotsdemetalversiónarmadura,MedarotNaviKabuto,12,351,estimada,medarotnavikabuto
8263,NFLrugbylightningbattle2002,NFLBlitz2002,12,351,estimada,nflblitz2002
8264,Fantasíadelamargendelagualeyendadelascartas,GensouSuikodenCardStories,12,351,estimada,gensousuikodencardstories
8265,ESPNXskatedecompetición,ESPNXGamesSkateboarding,36,351,estimada,espnxgamesskateboarding
8266,SuperrobotvsA,SuperRobotTaisenA,12,351,estimada,superrobottaisena
8267,Elproyectodelsueño,RocketPowerDreamScheme,12,351,estimada,rocketpowerdreamscheme
8268,Campodebatalladenueveentradasversióndigital2001,FieldofNineDigitalEdition2001,12,351,estimada,fieldofninedigitaledition2001
8269,retirada,BackTrack,12,351,estimada,backtrack
8270,Moritajuegaalajedrez,MoritaShougiAdvance,12,351,estimada,moritashougiadvance
8271,Eldestructordeldominioestelar2173testamento,Z.O.E.2173Testament,12,351,estimada,zoe2173testament
8273,Xmenapocalipsis,XMenReignofApocalypse,12,351,estimada,xmenreignofapocalypse
8274,Laboratoriodedextersuerte,Dexter'sLaboratoryDeesasterStrikes,12,351,estimada,dexterslaboratorydeesasterstrikes
8275,ONEKuaiDaUNremolino,FinalFightOne,12,351,estimada,finalfightone
8276,nobunaga,NobunaganoYabou,12,351,estimada,nobunaganoyabou
8277,Expediciónalaisladesiertadelego,LEGOBionicle,12,351,estimada,legobionicle
8278,"Merino,alecharlaculpade1",Snood,12,351,estimada,snood
8279,Deportesilustradosparaniñosbéisbol,SportsIllustratedforKidsBaseball,12,351,estimada,sportsillustratedforkidsbaseball
8280,Wildthornwoodlacazadeloschimpancés,WildThornberrys：TheChimpChase,12,351,estimada,wildthornberrysthechimpchase
8595,MonsterMaker4TarjetaFlash,MonsterMaker4FlashCard,21,351,estimada,monstermaker4flashcard
13798,PCEJackNicklausProfessionalGolfChampionshipGreat18hoyos (versiónjaponesa) [,PCEJackNicklaus'Greatest18HolesofMajorChampionshipGolf (Jap,11,351,estimada,jacknicklausgreatest18holesofmajorchampionshipgolf
8281,Ilustracióndeldeporteinfantilrugby,SportsIllustratedforKidsFootball,12,350,estimada,sportsillustratedforkidsfootball
8284,Loscuadradosfusióneléctrica,DenkiBlocks,21,350,estimada,denkiblocks
8286,Gatitochoicejuegopopularcreador,HelloKittyCollectionMiracleFashionMaker,12,350,estimada,hellokittycollectionmiraclefashionmaker
8290,Disneymonster,Monsters：Inc.,24,350,estimada,monstersinc
8292,TraesDuiJu'llena,DokodemoTaikyokuYakumanAdvance,12,350,estimada,dokodemotaikyokuyakumanadvance
8294,Suertepistolerobuscadopor,LuckyLukeWanted,12,350,estimada,luckylukewanted
8296,Pequeñocangurodadíasencarcelado,KaotheKangaroo,12,350,estimada,kaothekangaroo
8297,WWFelcaminodelucha,WWFRoadtoWrestleMania,12,350,estimada,wwfroadtowrestlemania
8298,QlaversióndecarrerasA,GadgetRacers,12,350,estimada,gadgetracers
8299,ArenaromanserpienteA,GradiusAdvance,12,350,estimada,gradiusadvance
8300,M&Mschocolateciclones.,M&M'sBlast,12,350,estimada,mmsblast
8301,4enelmundo,WarioLand4,12,350,estimada,warioland4
8302,Espíritusalrey,HikarunoGo,12,350,estimada,hikarunogo
8303,Elorodelsollade,GoldenSun,12,350,estimada,goldensun
8304,DonaldDuckadventure,DonaldDuckAdvance,12,350,estimada,donaldduckadvance
8307,Laevolucióndc,AlienatorsEvolutionContinues,12,350,estimada,alienatorsevolutioncontinues
8308,Superfredflinstoneesponja,SpongeBobSquarePantsSuperSponge,12,350,estimada,spongebobsquarepantssupersponge
8309,"Guerrainterplanetaria,laprimeratraduccióndejedi",StarWarsJediPowerBattles,12,350,estimada,starwarsjedipowerbattles
8310,LasensenadasclubdenochelascallesKuangBiao,MidnightClubStreetRacing,21,350,estimada,midnightclubstreetracing
8311,(decazadoresdemonstruos,Dokapon,12,350,estimada,dokapon
8313,ElimperiodisneyYaTeLanDiSiperdidade,AtlantisTheLostEmpire,12,350,estimada,atlantisthelostempire
8314,Sra.Nancydrewelfantasmademensajes,NancyDrewMessageinaHauntedMansion,12,350,estimada,nancydrewmessageinahauntedmansion
8315,ChicadejetbrujaJiuJiu,PowerpuffGirls：TheMojoJojoAGoGo,12,350,estimada,powerpuffgirlsthemojojojoagogo
8317,Sinreglascalleskateboardmuchacho,NoRulesGetPhat,12,350,estimada,norulesgetphat
8318,grantokiodisneyJinJiHaiYangGuanartículo,AdventureofTokyoDisneySea,12,350,estimada,adventureoftokyodisneysea
8321,"Mead,boutique4juegosdeecumenismo",Midway'sGreatestArcadeHits,12,350,estimada,midwaysgreatestarcadehits
8323,PescaESPNmuyfueradelmovimientodepazde2002,ESPNGreatOutdoorGamesBass2002,12,350,estimada,espngreatoutdoorgamesbass2002
8324,CarrerasinvencibleFengHuoLun,HotWheelsBurnin'Rubber,14,350,estimada,hotwheelsburninrubber
8325,Lasfuerzasdemecanizado,MechPlatoon,12,350,estimada,mechplatoon
8327,DianeyvesZiYouShibicicletademotocross2,DaveMirraFreestyleBMX2,24,350,estimada,davemirrafreestylebmx2
8329,Robotguerradedestruccióndelaevolución,RobotWarsAdvancedDestruction,12,350,estimada,robotwarsadvanceddestruction
8331,Elconcursointernacionaldekarate,InternationalKarateAdvanced,12,350,estimada,internationalkarateadvanced
8332,Arenaromanserpientedeguerradegalaxias,GradiusGalaxies (U),12,350,estimada,gradiusgalaxies
8333,Soldadosdejuguetedeacciónmilitarverde,ArmyMenOperationGreen,12,350,estimada,armymenoperationgreen
8334,Lavelocidaddelcoche,Driven,12,350,estimada,driven
8336,Superdragónburbujas.,SuperBustAMove,12,350,estimada,superbustamove
8337,Altoelparísdakar,AdvanceRally,12,350,estimada,advancerally
8339,Thunderbirdlaayudainternacional,ThunderbirdsInternationalRescue,12,350,estimada,thunderbirdsinternationalrescue
8340,Esquíesdeshayaprofesional,ShaunPalmer'sProSnowboarder,12,350,estimada,shaunpalmersprosnowboarder
8341,Alsueñopalaciomuseoclásico,NamcoMuseum,12,350,estimada,namcomuseum
8343,Edicióndebolsillodefútboldelmundo,JikkyouWorldSoccerPocket,12,350,estimada,jikkyouworldsoccerpocket
8344,LosEstadosUnidoseldesafíodepesca,AmericanBassChallenge,12,350,estimada,americanbasschallenge
8345,ExplosiónalapeonzareyJiDousai,BakutenShootBeybladeGekitou!SaikyouBlader,12,350,estimada,bakutenshootbeybladegekitousaikyoublader
8348,Elincendiodelainflamación,ReccanoHonooTheGame,12,350,estimada,reccanohonoothegame
8351,Ángelesferasmóviles,KidouTenshiAngelicLayerMisakitoYumenoTenshitachi,12,350,estimada,kidoutenshiangeliclayermisakitoyumenotenshitachi
8353,Satanáspalenque,DarkArena,12,350,estimada,darkarena
8355,Fotografíamuchacho,SnapKid's,12,350,estimada,snapkids
8356,LosjuegosdeinviernodeESPNesquíes2002,ESPNWinterXGamesSnowboarding2002,12,350,estimada,espnwinterxgamessnowboarding2002
8357,ElpecadosiendoX,GuiltyGearXAdvanceEdition,12,350,estimada,guiltygearxadvanceedition
8358,Arenaromanserpiente,GradiusGeneration,12,350,estimada,gradiusgeneration
8360,SaltLakeCity2002,SaltLake2002,12,350,estimada,saltlake2002
8361,Johnnyacuerdopreparaelesquí,JonnyMoseleyMadTrix,12,350,estimada,jonnymoseleymadtrix
8363,Juegodemilesdeancianos,OkumanchoujaGameNottoriDaisakusen,12,350,estimada,okumanchoujagamenottoridaisakusen
8365,SupermujerrealWangQiuSaiedicióndebolsillo,WTATourTennisPocket,12,350,estimada,wtatourtennispocket
8367,DisneyFeiXiapequeñosueñoanocaerelimperio,PeterPanReturntoNeverland,12,350,estimada,peterpanreturntoneverland
8369,Defenderalosguerreros,TopGunFirestormAdvance,12,350,estimada,topgunfirestormadvance
8370,DisneyAllStarSportsSeriesFútbol,DisneySportsSoccer,12,350,estimada,disneysportssoccer
8371,SuperMagicVillageR,ChouMakaimuraR,12,350,estimada,choumakaimurar
8372,Elúltimogrupodeensueñodeluchalibrecalienteopera,FinalFireProWrestlingYumenoDantaiUnei!,12,350,estimada,finalfireprowrestlingyumenodantaiunei
8373,BubbleDragonEdiciónNuevayAntigua,BubbleBobbleOld&New,12,350,estimada,bubblebobbleoldnew
8374,Reyajedrez2,HikarunoGo2,12,350,estimada,hikarunogo2
8375,BabyRabbitAdventureMalossueños,TinyToonAdventuresBuster'sBadDream,12,350,estimada,tinytoonadventuresbustersbaddream
8376,Thunderbird3Cazadordepollos,Moorhen3TheChickenChase!,12,350,estimada,moorhen3thechickenchase
8377,CombinaelrobotGX,CustomRoboGX,12,350,estimada,customrobogx
8378,FenomenalContabilidadde2,ShamanKingCardGameChouSenjiryakketsu2,12,350,estimada,shamankingcardgamechousenjiryakketsu2
8379,Trampasfantasma,GhostTrap,12,350,estimada,ghosttrap
8380,HormigaZRacing,AntzExtremeRacing,12,350,estimada,antzextremeracing
8381,SuperRobotBatallaR,SuperRobotTaisenR,12,350,estimada,superrobottaisenr
8382,Extraterrestresaterrizaje,E.T.TheExtraTerrestrial,12,350,estimada,ettheextraterrestrial
8383,ConamiBoutiqueGameCollection6enuno,KonamiCollector'sSeriesArcadeClassics,12,350,estimada,konamicollectorsseriesarcadeclassics
8385,WildJungleCazadechimpancés,FamilleDelajungle：LaAlaPoursuitedeDarwin,12,350,estimada,familledelajunglelaalapoursuitededarwin
8387,LagranaventuradePinobi,Pinobee&Phoebee,12,350,estimada,pinobeephoebee
8389,ElturnodeBarbanegratocalapelotagirosparatomarlaformación,KurohigenoKuruttoJintori,12,350,estimada,kurohigenokuruttojintori
8390,InvasorespacialEX,SpaceInvadersEX,12,350,estimada,spaceinvadersex
8392,Mineroslocos,ManicMiner,12,350,estimada,manicminer
8393,Nochedeterror,KamaitachinoYoruAdvance,12,350,estimada,kamaitachinoyoruadvance
8394,Béisbolde9hombresmásfuerte,GreatestNine,12,350,estimada,greatestnine
8395,VMonsterCardFighter,VMasterCross,12,350,estimada,vmastercross
8397,RobotWarsColisiónloca,CubixRobotsforEveryoneClash'NBash,12,350,estimada,cubixrobotsforeveryoneclashnbash
8399,PelículadeHeyArnold,HeyArnold!TheMovie,12,350,estimada,heyarnoldthemovie
8400,Cuadradosgiratoriosestereoscópicos,ZooCube,12,350,estimada,zoocube
8401,Elmuñecodenievedelaciudad,UrbanYeti!,12,350,estimada,urbanyeti
8403,SpyKidChallengerdesaltodealtura,SpyKidsChallenger,12,350,estimada,spykidschallenger
8404,ElLobezno1Aventurassinfin,CrashBandicootAdvance,12,350,estimada,crashbandicootadvance
8405,BéisbolA,FamistaAdvance,12,350,estimada,famistaadvance
8406,destruiralDuque,DukeNukemAdvance,23,350,estimada,dukenukemadvance
8407,MattMcE.Hoffman'sBikeCrossCountryRace2,MatHoffman'sProBMX2,12,350,estimada,mathoffmansprobmx2
8408,MiniMorningElrapinfelizdeMikehablado,MinimoniMikanoHappyMorningChatty,12,350,estimada,minimonimikanohappymorningchatty
8409,EquipoBirdmanWildernessPower,PowerRangersWildForce,12,350,estimada,powerrangerswildforce
8410,LeyendadelganadoryelperdedorZhetambiéndespertólaleyenda,GamblerDensetsuTetsuyaYomigaeruDensetsu,12,350,estimada,gamblerdensetsutetsuyayomigaerudensetsu
8412,Sr.Drillingbacteriasextrañas,Mr.DrillerAFushiginaPacteria,12,350,estimada,mrdrillerafushiginapacteria
8414,Cazadoresdedinosauriosevolucionaron,TurokEvolution,21,350,estimada,turokevolution
8416,Mascotasenelanillodeagua,MutsuWaterLooperMutsu,12,350,estimada,mutsuwaterloopermutsu
8418,VelocidadPotenciaDOtto,RocketPowerLeCauchemard'Otto,12,350,estimada,rocketpowerlecauchemardotto
8419,CancióndefantasíapositivaZero,BlackMatrixZero,12,350,estimada,blackmatrixzero
8420,JovenbrujaSabrina,SabrinaTheTeenageWitchPotionCommotion,12,350,estimada,sabrinatheteenagewitchpotioncommotion
8421,RompecabezasdelgatodeTokio,HamepaneTokyoMewMew,12,350,estimada,hamepanetokyomewmew
8422,LittleNaughtyCastleAdventure,Razmoket：LesVolern'estpasJouer,12,350,estimada,razmoketlesvolernestpasjouer
8423,Patinajedelujo,AggressiveInline,12,350,estimada,aggressiveinline
8424,Unplanintegralparalaconquistaderatas,PinkyandtheBrainTheMasterplan,12,350,estimada,pinkyandthebrainthemasterplan
8425,BeckhamFootballIslandAventura,Go!Go!Beckham!AdventureonSoccerIsland,12,350,estimada,gogobeckhamadventureonsoccerisland
8426,Lacartaeslargayextraña,NobunagaIbun,12,350,estimada,nobunagaibun
8427,MonsterEggEdiciónRoja,Gachasute!DinoDeviceRed,12,350,estimada,gachasutedinodevicered
8429,TonyAbbottHawkeSkateboardProfesional2,SK8TonyHawk'sProSkater2,12,350,estimada,sk8tonyhawksproskater2
8433,Staffilegendario1,DensetsunoStafy,12,350,estimada,densetsunostafy
8434,DisneyAllStarSportsSeriesFútbolrev1,DisneySportsAmericanFootball,12,350,estimada,disneysportsamericanfootball
8435,DisneyAllStarSportsSeriesSkateboarding,DisneySportsSkateboarding,21,350,estimada,disneysportsskateboarding
8436,BMXFancyOffRoadErCompetición,BMXTrickRacer,12,350,estimada,bmxtrickracer
8437,CiudadFuegoHéroeCoche,MatchboxCrossTownHeroes,12,350,estimada,matchboxcrosstownheroes
8438,Francotiradorsilencioso,SilentScope,12,350,estimada,silentscope
8443,Dobleamor,Natural2Duo,12,350,estimada,natural2duo
8444,SuperSpongeBumbleLavenganzadelfantasmaholandés,SpongeBobSquarePantsRevengeoftheFlyingDutchman,12,350,estimada,spongebobsquarepantsrevengeoftheflyingdutchman
8445,Lasumadelmiedo,SumofAllFears：The,21,350,estimada,sumofallfearsthe
8446,TormentadelaFuerzaAéreadelta,AirforceDeltaStorm,12,350,estimada,airforcedeltastorm
8447,EmpujeamuchachodepiedraEX,BoulderDashEX,21,350,estimada,boulderdashex
8448,Fútboldepatiotraseroparaniños,BackyardFootball,12,350,estimada,backyardfootball
8449,BarbiePuzzleMiniGameCollection,BarbieGroovyGames,22,350,estimada,barbiegroovygames
8450,Gt2CarreraConceptChampionship,GTAdvance2RallyRacing,12,350,estimada,gtadvance2rallyracing
8451,UnagrancoleccióndejuegosdemesaentreChinayJapónylostrespaíses,HanafudaTrumpMahjongDepachikaWayouchuu,6,350,estimada,hanafudatrumpmahjongdepachikawayouchuu
8452,Luchacontraloscuadradosdehuevos,EggMania,12,350,estimada,eggmania
8453,KellyAnne.Slatersurfprofesional,KellySlater'sProSurfer,11,350,estimada,kellyslatersprosurfer
8456,ElalmadeSakura,SamuraiEvolutionOukokuGeist,11,350,estimada,samuraievolutionoukokugeist
8457,ColeccióndejuegosdeaccióndeSegaArcade,SegaSmashPack,11,350,estimada,segasmashpack
8458,Cochedevidaymuerte2A,Driver2Advance,19,350,estimada,driver2advance
8459,ElSeñordelosAnillosElSeñordelosAnillosaparece,LordoftheRings：TheTheFellowshipoftheRing,10,350,estimada,lordoftheringsthethefellowshipofthering
8460,TennisConquestSeries2003,TennisMastersSeries2003,10,350,estimada,tennismastersseries2003
8463,HeartbeatSeriesOperaunafloristería,TokimekiYumeSeries1OhanayasanniNarou!,10,350,estimada,tokimekiyumeseries1ohanayasanninarou
8464,Batalladeluzyoscuridad2,GrooveAdventureRaveHikaritoYaminoDaikessen2,10,350,estimada,grooveadventureravehikaritoyaminodaikessen2
8465,Hugoespejomalvado,HugoTheEvilMirrorAdvance,10,350,estimada,hugotheevilmirroradvance
8467,Meencantanlosososdepeluche,DaisukiTeddy,10,350,estimada,daisukiteddy
8469,Lejoseneltiempoyelespacio,HarukanaruTokinoNakade,10,350,estimada,harukanarutokinonakade
8470,AnimalCompanionSerieUnoRatónLindo,NakayoshiPetAdvanceSeries1KawaiiHamster,10,350,estimada,nakayoshipetadvanceseries1kawaiihamster
8471,AnimalCompanionSerie2LindoCachorro,NakayoshiPetAdvanceSeries2KawaiiKoinu,10,350,estimada,nakayoshipetadvanceseries2kawaiikoinu
8472,AnimalCompanionSeries3LindosGatitos,NakayoshiPetAdvanceSeries3KawaiiKoneko,10,350,estimada,nakayoshipetadvanceseries3kawaiikoneko
8474,JiKnight'PrincesaAzul,HimeKishiMonogatariPrincessBlue,10,350,estimada,himekishimonogatariprincessblue
8476,AlexVSSevaexpertoenbalística,BallisticEcksvs.Sever,10,350,estimada,ballisticecksvssever
8478,HotWrestling2,FireProWrestling2,10,350,estimada,fireprowrestling2
8479,agresor,Invader,10,350,estimada,invader
8480,MotocicletatodoelcaminoYinghao,MotoracerAdvance,10,350,estimada,motoraceradvance
8481,Laguerradelpradodelsoldadodeljuguete,ArmyMenTurfWars,10,350,estimada,armymenturfwars
8482,Tiradordealeación,MetalgunSlinger,10,350,estimada,metalgunslinger
8483,DeltaAirForce2,AirforceDeltaII,10,350,estimada,airforcedeltaii
8484,Aventuradetortugas,TurboTurtleAdventure,10,350,estimada,turboturtleadventure
8485,HolaRobotRobotHeroConferenciaBatalla,HarobotsRoboHeroBattling!!,10,350,estimada,harobotsroboherobattling
8489,Dedoblefilo,DualBlades,10,350,estimada,dualblades
8492,Tenisvirtual,VirtuaTennis,10,350,estimada,virtuatennis
8493,PrincesaO'Shea1,OsharePrincess,10,350,estimada,oshareprincess
8494,LaferozbatalladelmonstruoShrekenelcastillo,ShrekHassleattheCastle,10,350,estimada,shrekhassleatthecastle
8496,HotAmericanMajorLeagueBaseball2003,HighHeatMajorLeagueBaseball2003,9,350,estimada,highheatmajorleaguebaseball2003
8497,ParaísodehámsterA,HamsterParadiseAdvanchu,9,350,estimada,hamsterparadiseadvanchu
8499,Ciudaddelperro,PukuPukuTennenKairanban,9,350,estimada,pukupukutennenkairanban
8500,VersiónQdelbéisbolprofesional,GachinkoProYakyuu,9,350,estimada,gachinkoproyakyuu
8501,Desafíocinturónnegro,BlackBeltChallenge,9,350,estimada,blackbeltchallenge
8502,Fortalezaespacial,RobotechTheMacrossSaga,9,350,estimada,robotechthemacrosssaga
8505,Árbitroinverso2,GyakutenSaiban2,9,350,estimada,gyakutensaiban2
8506,Clubdeloros,OshaberiInkoClub,9,350,estimada,oshaberiinkoclub
8507,Persecuciónloca,CrazyChase,9,350,estimada,crazychase
8508,PonyRey,SpiritL'EtalondesPlainesAlaRecherchedelaTerreNatale,9,350,estimada,spiritletalondesplainesalarecherchedelaterrenatale
8509,Jardíndeinfantesparaniños,NakayoshiYouchienSukoyakaEnjiIkuseiGame,9,350,estimada,nakayoshiyouchiensukoyakaenjiikuseigame
8510,Ladestruccióninterminabledelasguerrasderobotsacontrolremoto,RobotWarsExtremeDestruction,9,350,estimada,robotwarsextremedestruction
8511,Relámpagonúmerouno,AceLightning,9,350,estimada,acelightning
8512,WWECrazyWrestlingRoadX8,WWERoadtoWrestleManiaX8,9,350,estimada,wweroadtowrestlemaniax8
8513,LegoAventuratorero,BionicleMatoranAdventures,9,350,estimada,bioniclematoranadventures
8514,DOOMDestruirGuerrero2,DoomII,9,350,estimada,doomii
8516,MundoLegendarioDressingMaze2,TalesoftheWorldNarikiriDungeon2,9,350,estimada,talesoftheworldnarikiridungeon2
8517,PapáNoel,SantaClausJr.Advance,9,350,estimada,santaclausjradvance
8518,EspíasecretodeBarbie,SecretAgentBarbieRoyalJewelsMission,9,350,estimada,secretagentbarbieroyaljewelsmission
8521,Hockey2003,NHLHitz2003,9,350,estimada,nhlhitz2003
8522,Cortareltaekwondo,GekidoAdvanceKintaro'sRevenge,9,350,estimada,gekidoadvancekintarosrevenge
8523,GuerrerodecochedecontrolremotodecombateJOE,CarBattlerJoe,9,350,estimada,carbattlerjoe
8524,ColiseoRey,BeastShooterMezaseBeastKing!,9,350,estimada,beastshootermezasebeastking
8525,sedaaalgodón,SilktoCotton,9,350,estimada,silktocotton
8527,OdiseadelMardelSur,MinaminoUminoOdyssey,9,350,estimada,minaminouminoodyssey
8528,MonsterFarmA2,MonsterFarmAdvance2,9,350,estimada,monsterfarmadvance2
8529,Tienda,DiGiCharatDigiCommunication,9,350,estimada,digicharatdigicommunication
8530,CosmicManSeamanelpoderdelcráneogris,MastersoftheUniverseHeManPowerofGrayskull,9,350,estimada,mastersoftheuniversehemanpowerofgrayskull
8531,DragonesyMazmorrasMagicEyeKiller,Dungeons&DragonsEyeoftheBeholder,9,350,estimada,dungeonsdragonseyeofthebeholder
8533,ReinadodefuegoDragonEmpire,ReignofFire,9,350,estimada,reignoffire
8535,LuckyLabDesafíodeAjedrez,Dexter'sLaboratoryChessChallenge,9,350,estimada,dexterslaboratorychesschallenge
8536,LaisladeltesorodeDisney,TreasurePlanet,9,350,estimada,treasureplanet
8537,AbiertodecopaDavis,DavisCup,9,350,estimada,daviscup
8538,ElSeñordelosAnillosTorresGemelas,LordoftheRings：TheTheTwoTowers,9,350,estimada,lordoftheringsthethetwotowers
8539,LigadelaJusticiadeSuperman,JusticeLeagueInjusticeforAll,9,350,estimada,justiceleagueinjusticeforall
8540,Elfallecimientodelospadresjustosserácortado,FairlyOddParents!：TheEntertheCleft,9,350,estimada,fairlyoddparentstheenterthecleft
8544,KawaiPetShopWord3,KawaiiPetShopMonogatari3,9,350,estimada,kawaiipetshopmonogatari3
8545,AgassiTenisGeneración2002,AgassiTennisGeneration,18,350,estimada,agassitennisgeneration
8546,ZinedineZidanegeneración2002delbalompié,ZidaneFootballGeneration,9,350,estimada,zidanefootballgeneration
8548,StarWarsElNuevoImperio.ejército,StarWarsTheNewDroidArmy,18,350,estimada,starwarsthenewdroidarmy
8549,Chicodegolf,DanDoh!!Xi,9,350,estimada,dandohxi
8553,ElrenacimientodelaverdaderadiosaEllibrodelastinieblas,ShinMegamiTenseiDevilChildrenYaminoSho,9,350,estimada,shinmegamitenseidevilchildrenyaminosho
8557,Pie1PocketDreamDesafíodesupervivenciadreamtreasurehunt,Croket!YumenoBankerSurvival!,9,350,estimada,croketyumenobankersurvival
8558,VientoinvencibleyruedadefuegoSpeedRacingX,HotWheelsVelocityX,11,350,estimada,hotwheelsvelocityx
8559,PocotraviesoVoyalafiesta,RugratsIGottaGoParty,9,350,estimada,rugratsigottagoparty
8560,Palabradehámster3,HamsterClub3,9,350,estimada,hamsterclub3
8561,SuperRobotBatallaOG1,SuperRobotTaisenOriginalGeneration,9,350,estimada,superrobottaisenoriginalgeneration
8562,LEGOBrickIslandExtremeStuntRacing,LEGOIslandXtremeStunts,9,350,estimada,legoislandxtremestunts
8563,Defensoralienígena,GalidorDefendersoftheOuterDimension,9,350,estimada,galidordefendersoftheouterdimension
8564,RapidPowerLadróndeplaya,RocketPowerBeachBandits,9,350,estimada,rocketpowerbeachbandits
8565,WildJunglePelícula,WildThornberrysMovie：The,9,350,estimada,wildthornberrysmoviethe
8567,ElRenacimientodelaVerdaderaDiosaElLibrodelaLuz,ShinMegamiTenseiDevilChildrenHikarinoSho,9,350,estimada,shinmegamitenseidevilchildrenhikarinosho
8568,CakeHouseLanguagePsicologíaAnimal,FantasticMaerchenCakeyasanMonogatari,9,350,estimada,fantasticmaerchencakeyasanmonogatari
8570,Bolamuymono,SuperMonkeyBallJr.,9,350,estimada,supermonkeyballjr
8571,Banquetedecartas,CardParty,9,350,estimada,cardparty
8573,ColecciónDreamStar123Generation,PhantasyStarCollection,9,350,estimada,phantasystarcollection
8575,Disney'sSpicyGirl1,KimPossibleRevengeofMonkeyFist,9,350,estimada,kimpossiblerevengeofmonkeyfist
8576,Informedelaminoría,MinorityReportEverybodyRuns,9,350,estimada,minorityreporteverybodyruns
8578,BadBoyLasaventurasdeDidef,TiteufZeGagmachine,9,350,estimada,titeufzegagmachine
8579,Leyendasdelaluchalibre2,LegendsofWrestlingII,9,350,estimada,legendsofwrestlingii
8580,MiniQversióndecarreras2generacióndevelocidadvariabledemarchaporcarretera,ChoroQAdvance2,9,350,estimada,choroqadvance2
8581,LiveWorldFootballPocketEdition2,JikkyouWorldSoccerPocket2,9,350,estimada,jikkyouworldsoccerpocket2
8584,Zapper,Zapper,9,350,estimada,zapper
8585,RockmanCombatNetworkEXE3EdiciónAmarilla,BattleNetworkRockmanEXE3,9,350,estimada,battlenetworkrockmanexe3
8586,100Erroresdeguerra1,WormsBlast,9,350,estimada,wormsblast
8587,Mesademármolilimitada,HardcorePinball,9,350,estimada,hardcorepinball
8589,Dave.MiraStuntBike3,DaveMirraFreestyleBMX3,9,350,estimada,davemirrafreestylebmx3
8590,Hastaelcaballodelaraza,DerbyStallionAdvance,9,350,estimada,derbystallionadvance
8592,ReydelosPsíquicosSuperJessi3,ShamanKingCardGameChouSenjiryakketsu3,9,350,estimada,shamankingcardgamechousenjiryakketsu3
8593,WoodpeckerWoodyirrumpióenelcastilloloco,WoodyWoodpeckerinCrazyCastle5,9,350,estimada,woodywoodpeckerincrazycastle5
8594,Balompiédelainstrucción,TiretButEditionChampionsduMonde,9,350,estimada,tiretbuteditionchampionsdumonde
8596,MonsterMaker4Asesinodedados,MonsterMaker4KillerDice,9,350,estimada,monstermaker4killerdice
8597,DaríoLuchadorR,DariusR,9,350,estimada,dariusr
8598,Leyendadelaruedadeldedo,MagiNation,9,350,estimada,magination
8599,HéroesdeCrodiainsigniaslegendariasdelaestrella,KlonoaHeroesDensetsunoStarMedal,9,350,estimada,klonoaheroesdensetsunostarmedal
8600,CombatienteMásalládelespaciodelabatalla,BattleBotsBeyondtheBattleBox,9,350,estimada,battlebotsbeyondthebattlebox
8602,GalaxyStarLeyendaLuna,LunarLegend,9,350,estimada,lunarlegend
8603,Retosintelectuales,ISpyChallenger!,9,350,estimada,ispychallenger
8604,DisneyAllStarSportsSeriesBaloncesto,DisneySportsBasketball,27,350,estimada,disneysportsbasketball
8606,CochedelCampeonatodeRallydeSega,SegaRallyChampionship,9,350,estimada,segarallychampionship
8607,ExplorerDoraBuscalostesorosdeloscerdospiratas,DoratheExplorerTheSearchforthePiratePig'sTreasure,9,350,estimada,doratheexplorerthesearchforthepiratepigstreasure
8608,Carrerasdebatalla,KarnaajRally,9,350,estimada,karnaajrally
8609,IronManinvencible,InvincibleIronMan：The,11,350,estimada,invincibleironmanthe
8610,Niñodelpalo,AcrobatKid,9,350,estimada,acrobatkid
8611,GuerraCósmicaelagresordelextraterrestre,UchuuDaisakusenChocoVaderUchuuKaranoShinryakusha,9,350,estimada,uchuudaisakusenchocovaderuchuukaranoshinryakusha
8612,Almaluchadora,ToukonHeat,9,350,estimada,toukonheat
8613,BatalladelelevadorNuevoylegado,ElevatorActionOld&New,9,350,estimada,elevatoractionoldnew
8614,LandstreamBirdContinentJuegodedados,ChocoboLandAGameofDice,9,350,estimada,chocobolandagameofdice
8615,CazadoresdeciervosdeCanberra,Cabela'sBigGameHunter,9,350,estimada,cabelasbiggamehunter
8617,Ruidosaliebredeorejaslargas,JazzJackrabbit,9,350,estimada,jazzjackrabbit
8618,MardeMercaderesLaprosperidaddeTaipan,SeaTraderRiseofTaipan,9,350,estimada,seatraderriseoftaipan
8620,CuchillodeojosfantasmasBeijing,SamuraiDeeperKyo,9,350,estimada,samuraideeperkyo
8621,Ráfagadepelodelanarizrealmentepuño,BobobouboBouboboOugi87.5BakuretsuHanageShinken,9,350,estimada,boboboubobouboboougi875bakuretsuhanageshinken
8622,TennisPrinceConelobjetivodeganar,TennisnoOujisamaAimattheVictory!,9,350,estimada,tennisnooujisamaaimatthevictory
8626,CocinaSerie1PastelesFelices,DokidokiCookingSeries1KomugichannoHappyCake,9,350,estimada,dokidokicookingseries1komugichannohappycake
8627,Floresenelotrolado,Higanbana,9,350,estimada,higanbana
8628,CarrerasdeGajette,InspectorGadgetRacing,9,350,estimada,inspectorgadgetracing
8629,Cochemagnífico2002deF1dePrix,F12002,9,350,estimada,f12002
8631,Loboantiguo2,CrashBandicoot2NTranced,9,350,estimada,crashbandicoot2ntranced
8632,ScrabbleintelectualA,KotobanoPuzzleMojipittanAdvance,9,350,estimada,kotobanopuzzlemojipittanadvance
8633,PequeñogigantedeKexing,LittleBusterQ,9,350,estimada,littlebusterq
8636,Asesinodefinitivo3,Taxi3,9,350,estimada,taxi3
8638,VersiónliveQdebéisboldebolsillo5,PowerProKunPocket5,9,350,estimada,powerprokunpocket5
8639,AlquimistaMaryEllieyelestudiodeAnnsrumoresdelviento,Marie：Elie&AnisnoAtelierSoyokazeKaranoDengon,9,350,estimada,marieelieanisnoateliersoyokazekaranodengon
8641,DogNightForkUnainvitaciónalbosquepsicodélicodelatrampadelacaída,InuyashaNarakunoWana!MayoinoMorinoShoutaijou,9,350,estimada,inuyashanarakunowanamayoinomorinoshoutaijou
8642,Elemix,Elemix!,9,350,estimada,elemix
8643,Demoniodelanoche,Daredevil,18,350,estimada,daredevil
8644,Campeonatogt3conceptoprofesional,GTAdvance3ProConceptRacing,9,350,estimada,gtadvance3proconceptracing
8645,MiniBuenosDíasLasestrellasquecaenenlacresta,MinimoniOnegaiOhoshisama!,9,350,estimada,minimonionegaiohoshisama
8646,RockmanBattleNetworkEXE3EdiciónNegra,BattleNetworkRockmanEXE3Black,9,350,estimada,battlenetworkrockmanexe3black
8647,AlmadeLuz1,ShiningSoul,9,350,estimada,shiningsoul
8649,Corredordeldiablo,DemonDriverTimetoBurnRubber!,9,350,estimada,demondrivertimetoburnrubber
8651,Juegosdeatletismo,StadiumGames,9,350,estimada,stadiumgames
8655,Palabrasdeldibujante,MangakaDebutMonogatari,9,350,estimada,mangakadebutmonogatari
8656,Aliciaenelpaísdelasmaravillas,FushiginoKuninoAlice,9,350,estimada,fushiginokuninoalice
8658,TennisPrince2003EdiciónRoja,TennisnoOujisama2003PassionRed,9,350,estimada,tennisnooujisama2003passionred
8659,TennisPrince2003EdiciónAzulHielo,TennisnoOujisama2003CoolBlue,9,350,estimada,tennisnooujisama2003coolblue
8660,Fútbolcampeón,TotalSoccerAdvance,9,350,estimada,totalsocceradvance
8662,Alalarga,Wings,9,350,estimada,wings
8663,DuendedíscoloMirumolaleyendadelacalabazadeoro,WagamamaFairyMirumodePon!OugonMaracasnoDensetsu,9,350,estimada,wagamamafairymirumodeponougonmaracasnodensetsu
8664,Leyendadelmundolasangredelapersonaquellama,TalesoftheWorldSummoner'sLineage,9,350,estimada,talesoftheworldsummonerslineage
8666,CollegeInspectionStrengthenedSeriesEnglishWord2000WordsRedEdition,KoukouJukenAdvanceSeriesEitangoHen2000WordsShuuroku,9,350,estimada,koukoujukenadvanceserieseitangohen2000wordsshuuroku
8667,TomyJerryescapardelinfierno,TomandJerryinInfurnalEscape,9,350,estimada,tomandjerryininfurnalescape
8668,Chamsbang007Fuegonocturno,007NightFire,9,350,estimada,007nightfire
8669,BaezDollMáquinadeBaile,Bratz,9,350,estimada,bratz
8670,BarrioSésamoElespectáculohacomenzado,Muppets：TheOnWiththeShow!,9,350,estimada,muppetstheonwiththeshow
8671,DisneyPiggyJuego,Piglet'sBigGame,9,350,estimada,pigletsbiggame
8673,Dr.Loco,Dr.Muto,9,350,estimada,drmuto
8674,JaponésSamuraiJackAmuletodelTiempo,SamuraiJackTheAmuletofTime,5,350,estimada,samuraijacktheamuletoftime
8675,GrandesLigasdeBéisbol2004,MLBSlugFest2004,9,350,estimada,mlbslugfest2004
8676,ReydeladronesReydelarecompensadeblanco,FromTVAnimationOnePieceMezase!KingofBerry,9,350,estimada,fromtvanimationonepiecemezasekingofberry
8677,BruceLeeReaparicióndehéroeslegendarios,BruceLeeReturnoftheLegend,9,350,estimada,bruceleereturnofthelegend
8680,Princesahermana,SisterPrincessRePure,9,350,estimada,sisterprincessrepure
8681,Fantasmadelcastillo,Castleween,9,350,estimada,castleween
8682,SupermandevueltaalaTierra,SupermanCountdowntoApokolips,18,350,estimada,supermancountdowntoapokolips
8683,SuperStreetBaronvsBattleBlock2,SuperPuzzleFighterIITurbo,9,350,estimada,superpuzzlefighteriiturbo
8684,SuAltezaelIdiotadeShimuraLaughingWorldUnityGame,ShimuraKennoBakaTonosamaBakushouTenkaTouitsuGame,9,350,estimada,shimurakennobakatonosamabakushoutenkatouitsugame
8685,PuppyClubLagranaventuradeFukuMaru,InukkoClub,9,350,estimada,inukkoclub
8687,Elfomonstruo,GremlinsStripevs.Gizmo,9,350,estimada,gremlinsstripevsgizmo
8690,AlborotadorestraviesosEdEddyEddychicosmolestosparaunagranaventuradesorden,Ed：EddnEddyJawbreakers!,9,350,estimada,ededdneddyjawbreakers
8693,Fútbolcampeónrev1,GoldenSunTheLostAge,9,350,estimada,goldensunthelostage
8694,DiosValienteMarcianoRevertirGranBatalla,DisneyPrincess,9,350,estimada,disneyprincess
8699,Tenisvirtualrev1,CrazyTaxiCatchaRide,19,350,estimada,crazytaxicatcharide
8703,TomyJerryescapardelinfiernorev1,X2Wolverine'sRevenge,9,350,estimada,x2wolverinesrevenge
8704,LasrocasyElFloydrev1,BokujouMonogatariMineralTownnoNakamatachi,9,350,estimada,bokujoumonogatarimineraltownnonakamatachi
8708,GameKing8ElGranDiosMalvadodelaDesilusión,Slot!Pro2AdvanceGoGoJuggler&NewTairyou,9,350,estimada,slotpro2advancegogojugglernewtairyou
8709,HechoenValio,SylvanianFamilies4MeguruKisetsunoTapestry,9,350,estimada,sylvanianfamilies4megurukisetsunotapestry
8713,LostVikingsgrupode3hombresrev1,ZoidsSagaII,9,350,estimada,zoidssagaii
8716,GrandesLigasdeBéisbol2004rev1,Simple2960TomodachiSeriesVol.2TheBlockKuzushi,9,350,estimada,simple2960tomodachiseriesvol2theblockkuzushi
8719,BruceLeeReaparicióndehéroeslegendariosrev1,FancyPocket,9,350,estimada,fancypocket
8720,Bloquesdeanimalesguárdalosrev1,OsharePrincess2,9,350,estimada,oshareprincess2
8722,Fantasmadelcastillorev1,FireEmblemRekkanoKen,9,350,estimada,fireemblemrekkanoken
8725,PuppyClubLagranaventuradeFukuMarurev1,HunterXHunterMinnaTomodachiDaisakusen!!,9,350,estimada,hunterxhunterminnatomodachidaisakusen
8726,Valienteluchadragónmonstruoartículo3Corazóndelabrigadarev1,XMen2LaVengeancedeWolverine,9,350,estimada,xmen2lavengeancedewolverine
8728,Elfomonstruorev1,AzumangaDaiouAdvance,9,350,estimada,azumangadaiouadvance
8729,Laverdaderadiosafuereencarnadarev1,DisneySportsMotocross,18,350,estimada,disneysportsmotocross
8730,¿Quiénquieresermillonario?rev1,BoukenYuukiPlusterWorldPlustonGP,9,350,estimada,boukenyuukiplusterworldplustongp
8731,Choquerecto2rev1,ZeroOne,9,350,estimada,zeroone
8733,Dividircelda1,TomClancy'sSplinterCell,9,350,estimada,tomclancyssplintercell
8736,LareliquiadelsilencioLoscuatrodioseslocosdelaguerra,LufiaTheRuinsofLore,9,350,estimada,lufiatheruinsoflore
8738,CocinadeFoodie,DokidokiCookingSeries2GourmetKitchenSutekinaObentou,9,350,estimada,dokidokicookingseries2gourmetkitchensutekinaobentou
8739,MovilizaciónsubmarinadeDisneyEncuentraRummo,FindingNemo,9,350,estimada,findingnemo
8740,EdenFighter2,IridionII,9,350,estimada,iridionii
8742,ColeccióndejuegosdeconduccióndeSegaArcade,SegaArcadeGallery,9,350,estimada,segaarcadegallery
8743,BritneySpearsbaila,Britney'sDanceBeat,9,350,estimada,britneysdancebeat
8747,DisneyAllStarSportsSeriesSnowboards,DisneySportsSnowboarding,9,350,estimada,disneysportssnowboarding
8749,WoodpeckerWoodyirrumpeenCrazyCastle5,WoodyWoodpeckerCrazyCastle5,9,350,estimada,woodywoodpeckercrazycastle5
8750,Unacoleccióndebloquesyjuegosdedetectives,Puzzle&TanteiCollection,9,350,estimada,puzzletanteicollection
8751,FlashDuoResumencapital,GetBackersDakkanyaMetropolisDakkanSakusen!,9,350,estimada,getbackersdakkanyametropolisdakkansakusen
8753,Fútbolplayaprofesional,ProBeachSoccer,9,350,estimada,probeachsoccer
8755,GalaxyFlyseráprofetizado,WingCommanderProphecy,9,350,estimada,wingcommanderprophecy
8756,ViajesdeaventuraLeyendaspordescubrir,BoukenYuukiPlusterWorldDensetsunoPlustGate,9,350,estimada,boukenyuukiplusterworlddensetsunoplustgate
8757,LasaventurasdeRugatenlanaturaleza,RugratsGoWild,9,350,estimada,rugratsgowild
8761,LuchaleyendadelboxeoDreamManager,GekitouDensetsuNoahDreamManagement,9,350,estimada,gekitoudensetsunoahdreammanagement
8763,Waterboardingextremo,WakeboardingUnleashedfeaturingShaunMurray,9,350,estimada,wakeboardingunleashedfeaturingshaunmurray
8764,ColeccióndeÁngel,AngelCollectionMezase!GakuennoFashionLeader,9,350,estimada,angelcollectionmezasegakuennofashionleader
8765,Cabezadecalabazamágica,MahounoPumpkinAnntoGregnoDaibouken,9,350,estimada,mahounopumpkinanntogregnodaibouken
8769,LigasMenoresdeBéisbol2002,LittleLeagueBaseball2002,9,350,estimada,littleleaguebaseball2002
8771,Cochestuntman,Stuntman,9,350,estimada,stuntman
8773,NuevoJuego2en1MomCollection1más2DoubleSet,Mother1+2,9,350,estimada,mother12
8774,ReloadMachineSoldier2cambio,MetalMax2Kai,9,350,estimada,metalmax2kai
8775,SpaceChannel5Baileparamostrarelataque,SpaceChannel5Ulala'sCosmicAttack,9,350,estimada,spacechannel5ulalascosmicattack
8780,JetKidSkateboardGraffiticallejero,JetGrindRadio,9,350,estimada,jetgrindradio
8781,BlancanievesdeDisney,DisneysPrinzessinnen,9,350,estimada,disneysprinzessinnen
8783,Monstruobostezo,Hachiemon,9,350,estimada,hachiemon
8784,ColecciónHamsterTaro,HamsterMonogatariCollection,9,350,estimada,hamstermonogataricollection
8785,Laseriedecrianzadetodos3Miarmadura.Guarnecidodecuchillo,MinnanoShiikuSeriesBokunoKabutoKuwagata,9,350,estimada,minnanoshiikuseriesbokunokabutokuwagata
8786,SpyBoy 3DFindeljuego,SpyKids3DGameOver,9,350,estimada,spykids3dgameover
8788,HamTaroParadiseCorazónPuro,HamsterParadisePureHeart,9,350,estimada,hamsterparadisepureheart
8789,Edicióndeestrategiadecazafantasmas,OnimushaTactics,9,350,estimada,onimushatactics
8790,HámsterTaroClub4,HamsterClub4,9,350,estimada,hamsterclub4
8791,Dragónmontandoadolescente,DragonDriveWorldDBreak,9,350,estimada,dragondriveworlddbreak
8795,DetectiveConanEldetectivequefuedetenido,MeitanteiConanNerawaretaTantei,9,350,estimada,meitanteiconannerawaretatantei
8796,SuperRobotBatallaD,SuperRobotTaisenD,9,350,estimada,superrobottaisend
8799,LectordetarjetasPlus,CardeReader+,9,350,estimada,cardereader
8800,Laverdaderadiosafuereencarnadaelhijodeundemonio,ShinMegamiTenseiDevilChildrenPuzzledeCall!,9,350,estimada,shinmegamitenseidevilchildrenpuzzledecall
8801,MonsterShrekCatástrofedeSkunk,ShrekReekin'Havoc,9,350,estimada,shrekreekinhavoc
8802,Duelodecartasmaestro1,DuelMasters,9,350,estimada,duelmasters
8803,Lamagiadefantasíaeselmástravelogueelprínciperebeldedelosdiosesdelucha,GensouMadenSaiyuukiHangyakunoToushintaishi,9,350,estimada,gensoumadensaiyuukihangyakunotoushintaishi
8804,HospitaldeMascotasProgramadeCríadeMédicosAnimales,WanNyanDoubutsuByouin,9,350,estimada,wannyandoubutsubyouin
8806,Cochedepiegrandeloco,MonsterTruckMadness,9,350,estimada,monstertruckmadness
8808,LeyendadelaEspadadelNuevoTestamento,ShinyakuSeikenDensetsu,9,350,estimada,shinyakuseikendensetsu
8810,HéroederescateBillyBrace,RescueHeroesBillyBlazes!,9,350,estimada,rescueheroesbillyblazes
8811,SkateboardingdeDisney,ExtremeSkateAdventure,9,350,estimada,extremeskateadventure
8812,Staffelegendario2,DensetsunoStafy2,9,350,estimada,densetsunostafy2
8813,DúoflashEvilEyeSeal,GetBackersDakkanyaJaganFuuin!,9,350,estimada,getbackersdakkanyajaganfuuin
8814,Locamototodocamosa,Freekstyle,9,350,estimada,freekstyle
8815,RapidPowerHipódromodeSkateboarddeGravedadCero,RocketPowerZeroGravityZone,9,350,estimada,rocketpowerzerogravityzone
8816,EquipoBirdmanSamuraiStorm,PowerRangersNinjaStorm,9,350,estimada,powerrangersninjastorm
8817,Hasidounviajeloco,Starsky&Hutch,9,350,estimada,starskyhutch
8818,Losbloquesdegemastambiénsonunalocura,GemSmashers,9,350,estimada,gemsmashers
8820,LegoGuerreroBioquímico,Bionicle,9,350,estimada,bionicle
8821,ScoobyDooAdventuresEvidenciasecretadeculpabilidad,ScoobyDoo!MysteryMayhem,9,350,estimada,scoobydoomysterymayhem
8823,Nuevocódigodevestimenta,ShinKisekaeMonogatari,9,350,estimada,shinkisekaemonogatari
8824,MaestroMaruVenadarunpaseoalaluzdelaluna,OjarumaruGekkouchouSanpodeOjaru,9,350,estimada,ojarumarugekkouchousanpodeojaru
8825,LafiestafelizdeDisney,Disney'sParty,9,350,estimada,disneysparty
8828,ElrenacimientodelaverdaderadiosaEllibrodehielo,ShinMegamiTenseiDevilChildrenKoorinoSho,9,350,estimada,shinmegamitenseidevilchildrenkoorinosho
8829,ElrenacimientodelaverdaderadiosaEllibrodelainflamación,ShinMegamiTenseiDevilChildrenHonoonoSho,9,350,estimada,shinmegamitenseidevilchildrenhonoonosho
8831,SimpsonCrazyAvenueRacing,Simpsons：TheRoadRage,9,350,estimada,simpsonstheroadrage
8832,Historiadeamorlindocachorromascota,KoinutoIsshoAijouMonogatari,9,350,estimada,koinutoisshoaijoumonogatari
8836,RobotWarsDiseñoyDestrucción,BattleBotsDesign&Destroy,9,350,estimada,battlebotsdesigndestroy
8838,OtiWorldLamasticacióndeOti,OddworldMunch'sOddysee,9,350,estimada,oddworldmunchsoddysee
8839,GeniusGrandpalatierramásfuertedelahistoria,ZettaizetsumeiDangerousJiisanShijouSaikyounoDogeza,9,350,estimada,zettaizetsumeidangerousjiisanshijousaikyounodogeza
8841,BatallaXBatallaLaLeyendadelPezGigante,BattleXBattleKyodaiGyoDensetsu,9,350,estimada,battlexbattlekyodaigyodensetsu
8843,DesertRageMancompiteencarreras,QuadDesertFury,9,350,estimada,quaddesertfury
8844,Patiodehockey,BackyardHockey,9,350,estimada,backyardhockey
8845,CarreraEcuestreBobby,BarbieHorseAdventures,9,350,estimada,barbiehorseadventures
8846,Melodíadesirena,MermaidMelodyPichiPichiPitch,9,350,estimada,mermaidmelodypichipichipitch
8849,Tuckerelpoderdivinodelhechizo,TakandthePowerofJuju,9,350,estimada,takandthepowerofjuju
8850,DuendedíscoloMimiRumoMagicColoredBallMatch,WagamamaFairyMirumodePon!TaisenMahoudama,9,350,estimada,wagamamafairymirumodepontaisenmahoudama
8851,Coleccióndejuegosdecachorroslindos,KawaiiPetGameGallery,9,350,estimada,kawaiipetgamegallery
8852,MagicDetectiveLegendFantasía,MatanteiLokiRagnarokGensounoLabyrinth,9,350,estimada,matanteilokiragnarokgensounolabyrinth
8854,FueradelaMagiaFueradelVerde,OrientalBlueAonoTengai,9,350,estimada,orientalblueaonotengai
8855,BiografíadeHoweLadanzadelaruedadeldesplome,LegendofDynamicGoushoudenHoukainoRondo,9,350,estimada,legendofdynamicgoushoudenhoukainorondo
8856,Súperestúpidoluchadordesumo,SuperDuperSumos,9,350,estimada,superdupersumos
8978,Extrañodelacomunidad,KikiKaikaiAdvance,10,350,estimada,kikikaikaiadvance
9059,Labellezadelnuevomundo,Asterix&ObelixBashThemAll,10,350,estimada,asterixobelixbashthemall
22720,Equipobirdmancomandospoderosos,PowerRangersTimeForce,16,350,estimada,powerrangerstimeforce
325,Guerrerodesangre,BloodWarrior,1,349,estimada,bloodwarrior
333,Luchacontralafiebre,FightFever,1,349,estimada,fightfever
334,Espadasdeluchadores,FightersSwords,1,349,estimada,fightersswords
335,GalaxyFight,GalaxyFight,1,349,estimada,galaxyfight
339,GouketsujiGaidenSaikyouDensetsu,GouketsujiGaidenSaikyouDensetsu,1,349,estimada,gouketsujigaidensaikyoudensetsu
357,GalaxyFighter,GalaxyFighter,1,349,estimada,galaxyfighter
372,Guerrerosshogunnos,ShogunWarriorsUS,2,349,estimada,shogunwarriors
374,Lahojadematar,TheKillingBlade,1,349,estimada,thekillingblade
377,HalfwayToHell:ProgearRedLabel,HalfwayToHell:ProgearRedLabel,1,349,estimada,halfwaytohellprogearredlabel
378,Rallydelabandera96,96FlagRally,1,349,estimada,96flagrally
379,Tierradefantasía,FantasyLand,1,349,estimada,fantasyland
380,KenGo,KenGo,1,349,estimada,kengo
381,Espadasderayos,LightningSwords,1,349,estimada,lightningswords
382,NuevoatomicpunkGlobalQuest,NewAtomicPunkGlobalQuest,1,349,estimada,newatomicpunkglobalquest
383,NuevoEquipoCero,NewZeroTeam,1,349,estimada,newzeroteam
384,Ruta16,Route16,1,349,estimada,route16
400,Luchaardiente,BurningFight,1,349,estimada,burningfight
401,MonsterSlider,MonsterSlider,1,349,estimada,monsterslider
402,SamuraiSpiritsZankurouMusouken,SamuraiSpiritsZankurouMusouken,1,349,estimada,samuraispiritszankuroumusouken
406,Guerrerospoderosos,MightyWarriors,1,349,estimada,mightywarriors
407,Luchadormutante,MutantFighter,1,349,estimada,mutantfighter
410,SchmeiserRobo,SchmeiserRobo,1,349,estimada,schmeiserrobo
412,Luchadorsolitario,SolitaryFighter,1,349,estimada,solitaryfighter
414,Soldadossuperiores,SuperiorSoldiers,1,349,estimada,superiorsoldiers
417,WWFWrestleFest,WWFWrestleFest,1,349,estimada,wwfwrestlefest
421,Guerradelucha,WrestleWar,1,349,estimada,wrestlewar
422,AlexKidd,AlexKidd,1,349,estimada,alexkidd
423,SectorAlien,AlienSector,1,349,estimada,aliensector
424,Síndromealienígena,AlienSyndrome,1,349,estimada,aliensyndrome
425,Extranjeros,Aliens,1,349,estimada,aliens
426,Argusnosenshi,ArgusnoSenshi,1,349,estimada,argusnosenshi
427,ANTESDECRISTO.Historia,B.C.Story,1,349,estimada,bcstory
428,BadDudesvsDragonninja,BadDudesvs.Dragonninja,1,349,estimada,baddudesvsdragonninja
429,BangBangBusters,BangBangBusters,1,349,estimada,bangbangbusters
430,BancoPánico,BankPanic,1,349,estimada,bankpanic
431,Baraduke,Baraduke,1,349,estimada,baraduke
432,murodeBerlín,BerlinWall,1,349,estimada,berlinwall
433,Grankarnak,BigKarnak,1,349,estimada,bigkarnak
434,Juguetebiomecanico,BiomechanicalToy,1,349,estimada,biomechanicaltoy
436,DragónNegro,BlackDragon,1,349,estimada,blackdragon
437,Panteranegra,BlackPanther,1,349,estimada,blackpanther
441,Golpedebomba,BombKick,1,349,estimada,bombkick
443,BonzeAdventure,BonzeAdventure,1,349,estimada,bonzeadventure
444,BoulderDash,BoulderDash,1,349,estimada,boulderdash
445,Cerebro,Brain,1,349,estimada,brain
447,Breywood,Breywood,1,349,estimada,breywood
448,Burbuja2000,Bubble2000,1,349,estimada,bubble2000
449,Ladrónx,BurglarX,1,349,estimada,burglarx
451,Candory,Candory,1,349,estimada,candory
452,CapitánSilver,CaptainSilver,1,349,estimada,captainsilver
453,CapitánTomaday,CaptainTomaday,1,349,estimada,captaintomaday
454,Catt,Catt,1,349,estimada,catt
455,CharlieNinja,CharlieNinja,1,349,estimada,charlieninja
459,Halcóndecombate,CombatHawk,1,349,estimada,combathawk
460,Vuelvetoto,ComeBackToto,1,349,estimada,comebacktoto
461,VengadorCósmico,CosmicAvenger,1,349,estimada,cosmicavenger
462,Ciudaddelcrimen,CrimeCity,1,349,estimada,crimecity
463,DCon,DCon,1,349,estimada,dcon
464,DJBoy,DJBoy,1,349,estimada,djboy
466,DaikunoGensan,DaikunoGensan,1,349,estimada,daikunogensan
467,Sellooscuro,DarkSeal,1,349,estimada,darkseal
468,Torreoscura,DarkTower,1,349,estimada,darktower
469,Conexiónmuerta,DeadConnection,1,349,estimada,deadconnection
471,DiamondRun,DiamondRun,1,349,estimada,diamondrun
472,Chicobuzo,DiverBoy,1,349,estimada,diverboy
473,Dokaben,Dokaben,1,349,estimada,dokaben
476,Dr.Tomy,Dr.Tomy,1,349,estimada,drtomy
478,DragonBuster,DragonBuster,1,349,estimada,dragonbuster
479,UnidaddeDragón,DragonUnit,1,349,estimada,dragonunit
480,Mundodeldragón,DragonWorld,4,349,estimada,dragonworld
481,DragonWorld2001,DragonWorld2001,1,349,estimada,dragonworld2001
486,Ochohombres,EightMan,1,349,estimada,eightman
487,Mundodefantasía,FancyWorld,1,349,estimada,fancyworld
488,Golpefinal,FinalBlow,1,349,estimada,finalblow
491,Flashgal,Flashgal,1,349,estimada,flashgal
492,Flicky,Flicky,1,349,estimada,flicky
494,Congelar,Freeze,1,349,estimada,freeze
495,GaiaCrusaders,GaiaCrusaders,1,349,estimada,gaiacrusaders
496,Puertadelafatalidad,GateofDoom,1,349,estimada,gateofdoom
497,Obtenerestrella,GetStar,1,349,estimada,getstar
500,Gunforce2,Gunforce2,1,349,estimada,gunforce2
501,Gururin,Gururin,1,349,estimada,gururin
502,Hammerin’Harry,Hammerin’Harry,1,349,estimada,hammerinharry
503,Cabezadura,HardHead,1,349,estimada,hardhead
504,Cabezadura2,HardHead2,1,349,estimada,hardhead2
505,Hasamu,Hasamu,1,349,estimada,hasamu
506,HatchCatch,HatchCatch,1,349,estimada,hatchcatch
508,HeukSunBaekSa,HeukSunBaekSa,1,349,estimada,heuksunbaeksa
509,Hipódromo,Hippodrome,1,349,estimada,hippodrome
510,IkariIII,IkariIII,1,349,estimada,ikariiii
511,Ikki,Ikki,1,349,estimada,ikki
512,J.J.Squawkers,J.J.Squawkers,1,349,estimada,jjsquawkers
513,Fugadelacárcel,JailBreak,1,349,estimada,jailbreak
515,BugBug,JumpBug,1,349,estimada,jumpbug
516,Saltarniños,JumpKids,1,349,estimada,jumpkids
517,Saltandopop,JumpingPop,1,349,estimada,jumpingpop
518,KaiketsuYanchamaru,KaiketsuYanchamaru,1,349,estimada,kaiketsuyanchamaru
519,KeroKeroKeroppinoIssyoniAsobou,KeroKeroKeroppinoIssyoniAsobou,1,349,estimada,kerokerokeroppinoissyoniasobou
520,KidNikiNinjaRadical,KidNikiRadicalNinja,1,349,estimada,kidnikiradicalninja
523,Gatitakaboodle,KittenKaboodle,1,349,estimada,kittenkaboodle
525,Golpedenudillo,KnuckleBash,1,349,estimada,knucklebash
526,KoroKoroQuest,KoroKoroQuest,1,349,estimada,korokoroquest
528,Lansquenet2004,Lansquenet2004,1,349,estimada,lansquenet2004
529,Leyenda,Legend,7,349,estimada,legend
531,LeyendadeMakai,LegendofMakai,1,349,estimada,legendofmakai
534,LodeRunner2,LodeRunner2,1,349,estimada,loderunner2
535,LodeRunner3,LodeRunner3,1,349,estimada,loderunner3
536,LodeRunner4,LodeRunner4,1,349,estimada,loderunner4
537,LogicPro2,LogicPro2,1,349,estimada,logicpro2
538,Mundosperdidos,LostWorlds,1,349,estimada,lostworlds
539,Lotemucho,LotLot,1,349,estimada,lotlot
540,Chicoamante,LoverBoy,1,349,estimada,loverboy
541,Aventuradegatomágico,MagicalCatAdventure,1,349,estimada,magicalcatadventure
542,Cristalesmagicos,MagicalCrystals,1,349,estimada,magicalcrystals
543,MangChi,MangChi,1,349,estimada,mangchi
544,Chicomarino,MarineBoy,1,349,estimada,marineboy
546,EmparejarloII,MatchItII,1,349,estimada,matchitii
547,Megagemelos,MegaTwins,1,349,estimada,megatwins
548,MeikyuJima,MeikyuJima,1,349,estimada,meikyujima
550,Metamoqester,Metamoqester,1,349,estimada,metamoqester
551,Metrocruz,MetroCross,1,349,estimada,metrocross
554,MoguraDesse,MoguraDesse,1,349,estimada,moguradesse
555,Ataquedemole,MoleAttack,1,349,estimada,moleattack
556,Momoko120,Momoko120,1,349,estimada,momoko120
557,Mundodelosmonstruos,MonstersWorld,1,349,estimada,monstersworld
559,MásMásPlus,MoreMorePlus,1,349,estimada,moremoreplus
560,Sr.Goemon,Mr.Goemon,1,349,estimada,mrgoemon
562,TazaSmashers,MugSmashers,1,349,estimada,mugsmashers
564,MultiChamp,MultiChamp,2,349,estimada,multichamp
565,Nacióndelamutación,MutationNation,1,349,estimada,mutationnation
566,Nam1975,Nam1975,1,349,estimada,nam1975
567,Nastar,Nastar,1,349,estimada,nastar
568,Justicia,Nemesis,1,349,estimada,nemesis
571,CopaNeogeo98,NeogeoCup98,1,349,estimada,neogeocup98
572,NuevoRallyX,NewRallyX,1,349,estimada,newrallyx
574,Pesadillaenlaoscuridad,NightmareintheDark,1,349,estimada,nightmareinthedark
575,Ninja,Ninja,1,349,estimada,ninja
576,Comandoninja,NinjaCommando,1,349,estimada,ninjacommando
577,Princesaninja,NinjaPrincess,1,349,estimada,ninjaprincess
578,NinjaRyukenden,NinjaRyukenden,1,349,estimada,ninjaryukenden
580,Niñoninja,NinjaKid,2,349,estimada,ninjakid
581,NyanNyanPanic,NyanNyanPanic,1,349,estimada,nyannyanpanic
582,¡OhDiosmío!,OhMyGod!,1,349,estimada,ohmygod
583,OnnaSansirouTifónGal,OnnaSansirouTyphoonGal,1,349,estimada,onnasansiroutyphoongal
584,Barcopiratadehigemaru,PirateShipHigemaru,1,349,estimada,pirateshiphigemaru
585,Piratas,Pirates,1,349,estimada,pirates
586,PitfallII,PitfallII,1,349,estimada,pitfallii
587,Ponpoko,Ponpoko,1,349,estimada,ponpoko
588,Gordo,Porky,1,349,estimada,porky
589,OscardePsychoNics,PsychoNicsOscar,1,349,estimada,psychonicsoscar
590,Pulirula,Pulirula,1,349,estimada,pulirula
591,Pushman,Pushman,1,349,estimada,pushman
592,PuzzleBreak,PuzzleBreak,1,349,estimada,puzzlebreak
593,PuzzleStar,PuzzleStar,1,349,estimada,puzzlestar
594,Acciónrad,RadAction,1,349,estimada,radaction
595,Islasarcoiris,RainbowIslands,1,349,estimada,rainbowislands
596,RamboIII,RamboIII,1,349,estimada,ramboiii
598,Renegado,Renegade,1,349,estimada,renegade
599,Alboroto,Riot,1,349,estimada,riot
600,RiotCity,RiotCity,1,349,estimada,riotcity
601,Desafíoarriesgado,RiskyChallenge,1,349,estimada,riskychallenge
602,Ejércitorobo,RoboArmy,1,349,estimada,roboarmy
605,Rock'nRage,Rock'nRage,1,349,estimada,rocknrage
606,FuerzadeArmaduraRohga,RohgaArmorForce,1,349,estimada,rohgaarmorforce
607,Rollergames,Rollergames,1,349,estimada,rollergames
608,ESPÍA.ProyectoespecialY,S.P.Y.SpecialProjectY,1,349,estimada,spyspecialprojecty
609,S.V.G.EspectralvsGeneración,S.V.G.SpectralvsGeneration,1,349,estimada,svgspectralvsgeneration
610,SADARI,SADARI,1,349,estimada,sadari
611,Seccionz,SectionZ,1,349,estimada,sectionz
612,BombarderosSaboten,SabotenBombers,1,349,estimada,sabotenbombers
616,EscándalodeSeishun,SeishunScandal,1,349,estimada,seishunscandal
617,SelFeena,SelFeena,1,349,estimada,selfeena
618,Encadenado,Shackled,1,349,estimada,shackled
619,Bailaríndesombra,ShadowDancer,1,349,estimada,shadowdancer
622,Chocante,Shocking,1,349,estimada,shocking
623,Pargo,Snapper,1,349,estimada,snapper
626,SnowBrothers3,SnowBrothers3,1,349,estimada,snowbrothers3
627,Peleadefutbol,SoccerBrawl,1,349,estimada,soccerbrawl
628,JuegodeSokonukeTaisen,SokonukeTaisenGame,1,349,estimada,sokonuketaisengame
629,Guerrerosolar,SolarWarrior,1,349,estimada,solarwarrior
631,"""Hijo,hijo""",SonSon,1,349,estimada,sonson
632,SparkMan,SparkMan,1,349,estimada,sparkman
635,SpinMaster,SpinMaster,1,349,estimada,spinmaster
636,Rompedoresdelacolumnavertebral,SpinalBreakers,1,349,estimada,spinalbreakers
637,Fuerzadeacero,SteelForce,1,349,estimada,steelforce
639,ExitoJoe,SuccessJoe,1,349,estimada,successjoe
640,SunAQuiz6000Academy,SunAQuiz6000Academy,1,349,estimada,sunaquiz6000academy
642,SuperBurgerTime,SuperBurgerTime,1,349,estimada,superburgertime
643,SuperBusterBros.,SuperBusterBros.,1,349,estimada,superbusterbros
646,Supertrio,SuperTrio,1,349,estimada,supertrio
648,SwatPolice,SwatPolice,1,349,estimada,swatpolice
650,TatakaeGenshizinJoe&Mac,TatakaeGenshizinJoe&Mac,1,349,estimada,tatakaegenshizinjoemac
654,Lasdinamitasdobles,TheDoubleDynamites,1,349,estimada,thedoubledynamites
660,LahistoriadeNuevaZelanda,TheNewZealandStory,15,349,estimada,thenewzealandstory
661,Losniñosninja,TheNinjaKids,1,349,estimada,theninjakids
662,Losverdaderoscazafantasmas,TheRealGhostbusters,1,349,estimada,therealghostbusters
663,Elsuperespia,TheSuperSpy,1,349,estimada,thesuperspy
664,Zorrodeltrueno,ThunderFox,1,349,estimada,thunderfox
665,Héroesdeltrueno,ThunderHeroes,1,349,estimada,thunderheroes
666,TigerRoad,TigerRoad,1,349,estimada,tigerroad
667,DemodeTimeUp,Time'sUpDemo,1,349,estimada,timesupdemo
668,Ultrasecreto,TopSecret,1,349,estimada,topsecret
669,ToppyyRappy,Toppy&Rappy,1,349,estimada,toppyrappy
670,Cazadeltesoro,TreasureHunt,1,349,estimada,treasurehunt
672,TripleDiversión,TripleFun,1,349,estimada,triplefun
673,Brix,Brix,1,349,estimada,brix
674,ZhongguolargoII,ZhongguoLongII,1,349,estimada,zhongguolongii
677,GussunOyoyo,GussunOyoyo,1,349,estimada,gussunoyoyo
678,KickleCubele,KickleCubele,1,349,estimada,kicklecubele
679,Plazamaniaca,ManiacSquare,1,349,estimada,maniacsquare
680,Combateninja,NinjaCombat,1,349,estimada,ninjacombat
682,Tecmocaballero,TecmoKnight,1,349,estimada,tecmoknight
683,Tiopoo,UnclePoo,1,349,estimada,unclepoo
684,Troyano,Trojan,1,349,estimada,trojan
686,Barcotortuga,TurtleShip,1,349,estimada,turtleship
687,Dobleacción,TwinAction,1,349,estimada,twinaction
688,AventuraGemela,TwinAdventure,1,349,estimada,twinadventure
689,Doscrudos,TwoCrude,1,349,estimada,twocrude
690,Ultraglobo,UltraBalloon,1,349,estimada,ultraballoon
691,UltraToukonDensetsu,UltraToukonDensetsu,1,349,estimada,ultratoukondensetsu
692,UltramanClub,UltramanClub,1,349,estimada,ultramanclub
695,Vs.SuperSkyKid,Vs.SuperSkyKid,1,349,estimada,vssuperskykid
696,WakuWaku7,WakuWaku7,1,349,estimada,wakuwaku7
697,Welltris,Welltris,1,349,estimada,welltris
698,Zumbido,Whizz,1,349,estimada,whizz
699,Fuegomágico,WizardFire,1,349,estimada,wizardfire
700,ColmilloLoboKuhga2001,WolfFangKuhga2001,1,349,estimada,wolffangkuhga2001
703,YieArKungFu,YieArKungFu,1,349,estimada,yiearkungfu
704,Zupapa,Zupapa,1,349,estimada,zupapa
706,Puntoatómico,AtomicPoint,1,349,estimada,atomicpoint
707,Hermanosdeglobo,BalloonBrothers,1,349,estimada,balloonbrothers
708,Agujerodebloque,BlockHole,1,349,estimada,blockhole
709,Bloquear,BlockOut,1,349,estimada,blockout
710,Bloxeed,Bloxeed,1,349,estimada,bloxeed
711,Reacciónencadena,ChainReaction,1,349,estimada,chainreaction
712,Ladrillodecue,CueBrick,1,349,estimada,cuebrick
713,TetrisFinal,FinalTetris,1,349,estimada,finaltetris
714,Distribuidordearmas'94,GunDealer'94,1,349,estimada,gundealer94
715,Hexion,Hexion,1,349,estimada,hexion
716,Mentecaliente,HotMind,1,349,estimada,hotmind
717,KarianCross,KarianCross,1,349,estimada,kariancross
718,KokontouzaiEtoMonogatari,KokontouzaiEtoMonogatari,1,349,estimada,kokontouzaietomonogatari
719,NanameDeMagic,NanameDeMagic,1,349,estimada,nanamedemagic
720,Orbes,Orbs,1,349,estimada,orbs
721,Bombarderodepánico,PanicBomber,1,349,estimada,panicbomber
722,Pickies,Pnickies,1,349,estimada,pnickies
723,Pochiynyaa,PochiAndNyaa,1,349,estimada,pochiandnyaa
724,PopBingo,PopBingo,1,349,estimada,popbingo
727,PuzzLove,PuzzLove,1,349,estimada,puzzlove
728,Puzzli2,Puzzli2,1,349,estimada,puzzli2
729,Quarth,Quarth,1,349,estimada,quarth
733,Toryumon,Toryumon,1,349,estimada,toryumon
734,Tesorodelcaribe,TreasureoftheCaribbean,1,349,estimada,treasureofthecaribbean
736,Emboscada,Ambush,1,349,estimada,ambush
737,BakatonosamaMahjongManyuuki,BakatonosamaMahjongManyuuki,1,349,estimada,bakatonosamamahjongmanyuuki
738,BishiBashiChampionshipMinijuegoSenshuken,BishiBashiChampionshipMiniGameSenshuken,1,349,estimada,bishibashichampionshipminigamesenshuken
739,Corrida,Bullfight,1,349,estimada,bullfight
742,IdolMahjongromancefinal2,IdolMahjongfinalromance2,1,349,estimada,idolmahjongfinalromance2
743,GranPremiodeJockey,JockeyGrandPrix,1,349,estimada,jockeygrandprix
744,JyanshinDensetsuMisióndeJongmaster,JyanshinDensetsuQuestofJongmaster,1,349,estimada,jyanshindensetsuquestofjongmaster
745,Meijinsen,Meijinsen,1,349,estimada,meijinsen
746,MinasannoOkagesamadesu!Daisugorokutaikai,MinasannoOkagesamadesu!Daisugorokutaikai,1,349,estimada,minasannookagesamadesudaisugorokutaikai
747,Primella,Primella,1,349,estimada,primella
749,SotsugyouBangaiHenNeeMahjongShiyo,SotsugyouBangaiHenNeeMahjongShiyo,1,349,estimada,sotsugyoubangaihenneemahjongshiyo
751,¡Petardeo!,Backfire!,1,349,estimada,backfire
752,Cocheblomby,BlombyCar,1,349,estimada,blombycar
753,MilleMiglia,MilleMiglia,1,349,estimada,millemiglia
754,Millemiglia2,MilleMiglia2,1,349,estimada,millemiglia2
755,NeoDriftout,NeoDriftout,1,349,estimada,neodriftout
756,Sobrelapartesuperior,OverTop,1,349,estimada,overtop
758,Héroedelmontaracaballo,RidingHero,1,349,estimada,ridinghero
760,Elcaminodebatalla,TheBattleRoad,1,349,estimada,thebattleroad
761,RallydeThrash,ThrashRally,1,349,estimada,thrashrally
762,Elfin,TheEnd,1,349,estimada,theend
764,Boladecañón,CannonBall,1,349,estimada,cannonball
766,CruzPang,CrossPang,1,349,estimada,crosspang
767,Dolmen,Dolmen,1,349,estimada,dolmen
768,Familiagenix,GenixFamily,1,349,estimada,genixfamily
769,Ghostlop,Ghostlop,1,349,estimada,ghostlop
770,Burbujacaliente,HotBubble,1,349,estimada,hotbubble
775,Magoseñor,MagicianLord,1,349,estimada,magicianlord
776,Noticias,News,1,349,estimada,news
778,PuzzleBobble3,PuzzleBobble3,1,349,estimada,puzzlebobble3
780,PuzzleDePon!,PuzzleDePon!,1,349,estimada,puzzledepon
781,Zintrick,Zintrick,1,349,estimada,zintrick
782,AteneanoHatena,AthenanoHatena,2,349,estimada,athenanohatena
785,88juegos,88games,1,349,estimada,88games
786,BangBead,BangBead,1,349,estimada,bangbead
787,Estrellasdebeisbol,BaseballStars,1,349,estimada,baseballstars
788,Golpedecuerpo,BodySlam,1,349,estimada,bodyslam
789,Fondodelnoveno,BottomoftheNinth,1,349,estimada,bottomoftheninth
790,DreamSoccer'94,DreamSoccer'94,1,349,estimada,dreamsoccer94
791,Ligadeeuros,EuroLeague,1,349,estimada,euroleague
792,Descensoextremo,ExtremeDownhill,1,349,estimada,extremedownhill
793,Frenesídelfutbol,FootballFrenzy,1,349,estimada,footballfrenzy
794,¡Gol!¡Gol!¡Gol!,Goal!Goal!Goal!,1,349,estimada,goalgoalgoal
795,Sombrerotrucohero,HatTrickHero,1,349,estimada,hattrickhero
796,Golpearelhielo,HittheIce,1,349,estimada,hittheice
799,Títuloprincipal,MajorTitle,1,349,estimada,majortitle
800,Títuloprincipal2,MajorTitle2,1,349,estimada,majortitle2
802,Guerraspinguinokun,PenguinKunWars,1,349,estimada,penguinkunwars
803,PocketGalDeluxe,PocketGalDeluxe,1,349,estimada,pocketgaldeluxe
804,PowerSpikesII,PowerSpikesII,1,349,estimada,powerspikesii
806,Bofetada,SlapShot,1,349,estimada,slapshot
807,Squash,Squash,1,349,estimada,squash
815,Arodetrueno,ThunderHoop,1,349,estimada,thunderhoop
816,Bolasdeagua,WaterBalls,1,349,estimada,waterballs
818,WonderLeague'96,WonderLeague'96,1,349,estimada,wonderleague96
819,WonderLeagueStar,WonderLeagueStar,1,349,estimada,wonderleaguestar
820,Palodemaravilla,WonderStick,1,349,estimada,wonderstick
822,HyperPacman,HyperPacman,1,349,estimada,hyperpacman
823,JackelMataGigantes,JacktheGiantkiller,1,349,estimada,jackthegiantkiller
824,LiquidKids,LiquidKids,1,349,estimada,liquidkids
826,Pasar,Pass,1,349,estimada,pass
828,Rompecabezasrey,PuzzleKing,1,349,estimada,puzzleking
829,SnapJack,SnapJack,1,349,estimada,snapjack
830,Centelleo,Twinkle,1,349,estimada,twinkle
831,TwitesdeestrellaSprites,TwinkleStarSprites,1,349,estimada,twinklestarsprites
832,MultiChampDeluxe,MultiChampDeluxe,1,349,estimada,multichampdeluxe
833,SuperVolley'91,SuperVolley'91,1,349,estimada,supervolley91
836,UndercoverCops,UndercoverCops,2,349,estimada,undercovercops
838,Bloquebloque,BlockBlock,2,349,estimada,blockblock
839,Céntrico,DownTown,1,349,estimada,downtown
841,Pajarodelespacio,PajarodelEspacio,1,349,estimada,pajarodelespacio
843,Kageki,Kageki,1,349,estimada,kageki
847,1945KIII,1945KIII,1,349,estimada,1945kiii
851,Ataqueaéreo,AirAttack,1,349,estimada,airattack
852,Destructordeaire,AirBuster,1,349,estimada,airbuster
853,Galletadeaire,AirGallet,1,349,estimada,airgallet
854,Airwolf,Airwolf,1,349,estimada,airwolf
855,Misiónalfa,AlphaMission,1,349,estimada,alphamission
856,Androdunos,AndroDunos,1,349,estimada,androdunos
857,Apocaljpseahora,ApocaljpseNow,1,349,estimada,apocaljpsenow
858,Arbalester,Arbalester,1,349,estimada,arbalester
859,Arcadia,Arcadia,1,349,estimada,arcadia
860,Areaarca,ArkArea,1,349,estimada,arkarea
861,Formacionarmada,ArmedFormation,1,349,estimada,armedformation
862,Policíaarmadabatrider,ArmedPoliceBatrider,1,349,estimada,armedpolicebatrider
863,AshuraBlaster,AshuraBlaster,2,349,estimada,ashurablaster
864,AsukayAsuka,Asuka&Asuka,1,349,estimada,asukaasuka
865,Ataqueazuriano,AzurianAttack,1,349,estimada,azurianattack
866,BakuretsuBreaker,BakuretsuBreaker,1,349,estimada,bakuretsubreaker
869,BatallaBakraid,BattleBakraid,1,349,estimada,battlebakraid
870,BatalladeAtlantis,BattleofAtlantis,1,349,estimada,battleofatlantis
871,Campanasysilbidos,Bells&Whistles,1,349,estimada,bellswhistles
872,BigBang,BigBang,1,349,estimada,bigbang
875,BlueHawk,BlueHawk,1,349,estimada,bluehawk
877,Zopilote,Buzzard,1,349,estimada,buzzard
878,CarrierAirWing,CarrierAirWing,1,349,estimada,carrierairwing
879,Catacumba,Catacomb,1,349,estimada,catacomb
880,Chukataisen,ChukaTaisen,1,349,estimada,chukataisen
881,DíaDdeChulgyeok,ChulgyeokDDay,1,349,estimada,chulgyeokdday
882,CobraComando,CobraCommand,1,349,estimada,cobracommand
883,Daioh,Daioh,1,349,estimada,daioh
885,Dogyuun,Dogyuun,1,349,estimada,dogyuun
887,LaaventuradelDr.Toppel,Dr.Toppel'sAdventure,1,349,estimada,drtoppelsadventure
890,ExedExes,ExedExes,1,349,estimada,exedexes
891,Exerizador,Exerizer,1,349,estimada,exerizer
892,Explorador,Explorer,1,349,estimada,explorer
893,Interruptorexplosivo,ExplosiveBreaker,1,349,estimada,explosivebreaker
894,FX,FX,1,349,estimada,fx
895,Fuerzafinaldelaestrella,FinalStarForce,1,349,estimada,finalstarforce
896,Halcóndefuego,FireHawk,1,349,estimada,firehawk
897,Tigrevolador,FlyingTiger,1,349,estimada,flyingtiger
898,FunkyBee,FunkyBee,1,349,estimada,funkybee
899,Galmedes,Galmedes,1,349,estimada,galmedes
900,Gardia,Gardia,1,349,estimada,gardia
901,Aladegéminis,GeminiWing,2,349,estimada,geminiwing
902,Fantasmaspilotos,GhostPilots,1,349,estimada,ghostpilots
903,Gigandes,Gigandes,1,349,estimada,gigandes
904,GingaNinkyouDen,GingaNinkyouDen,1,349,estimada,ginganinkyouden
905,GrindStormer,GrindStormer,1,349,estimada,grindstormer
906,Gun&Frontier,Gun&Frontier,1,349,estimada,gunfrontier
907,Girodina,Gyrodine,1,349,estimada,gyrodine
908,Gyruss,Gyruss,1,349,estimada,gyruss
909,HammerAway,HammerAway,1,349,estimada,hammeraway
910,Ajax,Ajax,1,349,estimada,ajax
911,InsectorX,InsectorX,1,349,estimada,insectorx
912,KetsuiKizunaJigokuTachi,KetsuiKizunaJigokuTachi,1,349,estimada,ketsuikizunajigokutachi
913,ReinoGrandprix,KingdomGrandprix,2,349,estimada,kingdomgrandprix
915,Fuerzadevida,Lifeforce,1,349,estimada,lifeforce
916,Luchadoresderayos,LightningFighters,1,349,estimada,lightningfighters
917,Tiburónloco,MadShark,1,349,estimada,madshark
918,MahouDaisakusen,MahouDaisakusen,1,349,estimada,mahoudaisakusen
919,Markham,Markham,1,349,estimada,markham
920,Maestrodearmas,MasterofWeapon,1,349,estimada,masterofweapon
1402,Tormentaviolenta,ViolentStorm,2,349,estimada,violentstorm
921,MegaBlast,MegaBlast,1,348,estimada,megablast
922,Metalnegro,MetalBlack,1,348,estimada,metalblack
923,Monopoderoso,MightyMonkey,1,348,estimada,mightymonkey
924,Nostradamus,Nostradamus,1,348,estimada,nostradamus
925,Luchadoromega,OmegaFighter,1,348,estimada,omegafighter
927,Pólux,Pollux,1,348,estimada,pollux
928,Rtiburón,RShark,1,348,estimada,rshark
929,Rafflesia,Rafflesia,1,348,estimada,rafflesia
933,Héroerapido,RapidHero,1,348,estimada,rapidhero
934,RedFoxWarPlanesII,RedFoxWarPlanesII,1,348,estimada,redfoxwarplanesii
935,Rezon,Rezon,1,348,estimada,rezon
937,RyuJin,RyuJin,1,348,estimada,ryujin
938,S.S.Mission,S.S.Mission,1,348,estimada,ssmission
939,SDGundam,SDGundam,1,348,estimada,sdgundam
940,SDGundamNeoBattling,SDGundamNeoBattling,1,348,estimada,sdgundamneobattling
942,Escorpióndearena,SandScorpion,1,348,estimada,sandscorpion
943,Abejassalvajes,SavageBees,1,348,estimada,savagebees
944,Gusanodeseda,SilkWorm,1,348,estimada,silkworm
945,Milenioplateado,SilverMillennium,1,348,estimada,silvermillennium
946,SkyArmy,SkyArmy,1,348,estimada,skyarmy
947,Niñodelcielo,SkyKid,1,348,estimada,skykid
948,SkyLancer,SkyLancer,1,348,estimada,skylancer
949,SkySmasher,SkySmasher,1,348,estimada,skysmasher
950,Luchadebofetadas,SlapFight,1,348,estimada,slapfight
951,Pilotoespacial,SpacePilot,1,348,estimada,spacepilot
952,Espectro2000,Spectrum2000,1,348,estimada,spectrum2000
953,Escaloneoyo,StaggerI,1,348,estimada,staggeri
955,StrikeGunnerS.T.G,StrikeGunnerS.T.G,1,348,estimada,strikegunnerstg
956,Supercobra,SuperCobra,1,348,estimada,supercobra
957,Superrealdarwin,SuperRealDarwin,1,348,estimada,superrealdarwin
958,Superx,SuperX,2,348,estimada,superx
959,EquipodetrabajoHarrier,TaskForceHarrier,1,348,estimada,taskforceharrier
960,TerraCresta,TerraCresta,1,348,estimada,terracresta
961,Truenocruz,ThunderCross,2,348,estimada,thundercross
962,Truenocruz2,ThunderCross2,1,348,estimada,thundercross2
963,ThunderDragon2,ThunderDragon2,1,348,estimada,thunderdragon2
965,Pilotodetiempo,TimePilot,1,348,estimada,timepilot
966,TimePilot84,TimePilot84,1,348,estimada,timepilot84
967,FormaciónTokioScramble,TokioScrambleFormation,1,348,estimada,tokioscrambleformation
970,ÁguilagemelavenganzahermanodeJoe,TwinEagleRevengeJoe'sBrother,1,348,estimada,twineaglerevengejoesbrother
971,Halconesgemelos,TwinFalcons,1,348,estimada,twinfalcons
972,TwinHawk,TwinHawk,1,348,estimada,twinhawk
973,Tifón,Typhoon,1,348,estimada,typhoon
974,FuerzadeDefensadelosEstadosUnidos,U.N.DefenseForce,1,348,estimada,undefenseforce
975,Escuadrónden.,U.N.Squadron,1,348,estimada,unsquadron
976,VCinco,VFive,1,348,estimada,vfive
978,VariaMetal,VariaMetal,1,348,estimada,variametal
979,Puntodevista,Viewpoint,1,348,estimada,viewpoint
980,Vulgus,Vulgus,1,348,estimada,vulgus
981,Guerradeaero,WarofAero,1,348,estimada,warofaero
982,Xexex,Xexex,1,348,estimada,xexex
984,ZingZingZip,ZingZingZip,1,348,estimada,zingzingzip
986,Guerreros4D,4DWarriors,1,348,estimada,4dwarriors
989,Vehículoblindado,ArmoredCar,1,348,estimada,armoredcar
991,Punkatómico,AtomicPunk,1,348,estimada,atomicpunk
993,Vengadores,Avengers,1,348,estimada,avengers
994,Bloquedecarnaval,BlockCarnival,1,348,estimada,blockcarnival
995,Bloquedegal,BlockGal,1,348,estimada,blockgal
996,BluePrint,BluePrint,1,348,estimada,blueprint
997,Bongo,Bongo,1,348,estimada,bongo
998,Niñosbobos,BoobyKids,1,348,estimada,boobykids
999,Calibre50,Caliber50,1,348,estimada,caliber50
1000,Calipso,Calipso,1,348,estimada,calipso
1001,Cavelon,Cavelon,1,348,estimada,cavelon
1002,Hombrecontrol,CheckMan,1,348,estimada,checkman
1003,CongoBongo,CongoBongo,1,348,estimada,congobongo
1007,Devastadores,Devastators,1,348,estimada,devastators
1008,Dingo,Dingo,1,348,estimada,dingo
1009,Compradordesueños,DreamShopper,1,348,estimada,dreamshopper
1010,Dyger,Dyger,1,348,estimada,dyger
1011,Eggor,Eggor,1,348,estimada,eggor
1012,Ochofuerzas,EightForces,1,348,estimada,eightforces
1013,Exzisus,Exzisus,1,348,estimada,exzisus
1014,Losojos,Eyes,1,348,estimada,eyes
1016,FixEight,FixEight,1,348,estimada,fixeight
1018,Pescadofunky,FunkyFish,1,348,estimada,funkyfish
1020,GalsPanic,GalsPanic,1,348,estimada,galspanic
1021,Garyoretsuden,GaryoRetsuden,1,348,estimada,garyoretsuden
1022,Cazafantasmas,Ghostbusters,1,348,estimada,ghostbusters
1023,GoGoSr.Yamaguchi,GoGoMr.Yamaguchi,1,348,estimada,gogomryamaguchi
1025,Gundhara,Gundhara,1,348,estimada,gundhara
1026,HotShocker,HotShocker,1,348,estimada,hotshocker
1028,Canguro,Kangaroo,1,348,estimada,kangaroo
1030,¡¡Knockear!!,KnockOut!!,1,348,estimada,knockout
1031,RodillodeKorosuke,KorosukeRoller,1,348,estimada,korosukeroller
1032,Kyros,Kyros,1,348,estimada,kyros
1033,Corredorlaberinto,LabyrinthRunner,1,348,estimada,labyrinthrunner
1034,SeñoraMaestradeKungFu,LadyMasterofKungFu,1,348,estimada,ladymasterofkungfu
1035,Últimoduelo,LastDuel,1,348,estimada,lastduel
1037,Palancas,Levers,1,348,estimada,levers
1038,TumbaPerdida (Fácil),LostTomb (Easy),2,348,estimada,losttomb
1040,Megadon,Megadon,1,348,estimada,megadon
1042,MetaFox,MetaFox,1,348,estimada,metafox
1043,Resistenciaalamedianoche,MidnightResistance,1,348,estimada,midnightresistance
1044,Mikie,Mikie,1,348,estimada,mikie
1045,Campodeminas,Minefield,1,348,estimada,minefield
1046,Señorvikingo,MisterViking,1,348,estimada,misterviking
1047,Sr.Do!,Mr.Do!,1,348,estimada,mrdo
1048,Chicobigote,MustacheBoy,1,348,estimada,mustacheboy
1049,Piedrasmisteriosas,MysteriousStones,1,348,estimada,mysteriousstones
1050,Ratóntravieso,NaughtyMouse,1,348,estimada,naughtymouse
1051,NuevoSinbad7,NewSinbad7,1,348,estimada,newsinbad7
1052,Nunchackun,Nunchackun,1,348,estimada,nunchackun
1053,OishiiPuzzleHaIrimasenka,OishiiPuzzleHaIrimasenka,1,348,estimada,oishiipuzzlehairimasenka
1054,Orbitron,Orbitron,1,348,estimada,orbitron
1055,Zonadesalida,OutZone,2,348,estimada,outzone
1057,Ozoni,OzonI,1,348,estimada,ozoni
1058,Paresdeamor,PairsLove,1,348,estimada,pairslove
1060,Pootan,Pootan,1,348,estimada,pootan
1061,Rechazar,Repulse,1,348,estimada,repulse
1062,Patoderoca,RockDuck,1,348,estimada,rockduck
1063,Rock'n4,Rock'n4,1,348,estimada,rockn4
1064,S.R.D.Misión,S.R.D.Mission,1,348,estimada,srdmission
1065,APLASTAR,SWAT,1,348,estimada,swat
1066,Escorpión,Scorpion,1,348,estimada,scorpion
1067,Hijodefénix,SonofPhoenix,1,348,estimada,sonofphoenix
1068,Saltador,Springer,1,348,estimada,springer
1069,Estrellajacker,StarJacker,1,348,estimada,starjacker
1070,Steraranger,Steraranger,1,348,estimada,steraranger
1072,Superglob,SuperGlob,1,348,estimada,superglob
1073,SúperStingray,SuperStingray,1,348,estimada,superstingray
1074,Elultimodia,TheLastDay,1,348,estimada,thelastday
1075,Luchadordeltiempo,TimeFighter,1,348,estimada,timefighter
1076,Límitedetiempo,TimeLimit,1,348,estimada,timelimit
1077,Consejosuperior,TipTop,1,348,estimada,tiptop
1078,Amigo,Amigo,1,348,estimada,amigo
1080,Battlantis,Battlantis,1,348,estimada,battlantis
1081,BusterBros,BusterBros,1,348,estimada,busterbros
1082,Expulsara,DriveOut,1,348,estimada,driveout
1083,Exterminio,Extermination,1,348,estimada,extermination
1084,Rana,Frog,1,348,estimada,frog
1085,Pasto,Grasspin,1,348,estimada,grasspin
1088,ShinnyuushainToorukun,ShinnyuushainToorukun,1,348,estimada,shinnyuushaintoorukun
1089,Crestalunar,MoonCrest,1,348,estimada,mooncrest
1090,Sr.Du!,Mr.Du!,1,348,estimada,mrdu
1091,HalcónRojo,RedHawk,1,348,estimada,redhawk
1093,Arribayabajo,Up'nDown,1,348,estimada,upndown
1094,VanVanCar,VanVanCar,1,348,estimada,vanvancar
1095,YankeeDO!,YankeeDO!,1,348,estimada,yankeedo
1096,Yukiwo,Yukiwo,1,348,estimada,yukiwo
1097,Muchosbloques,ManyBlock,1,348,estimada,manyblock
1098,Birdiy,Birdiy,1,348,estimada,birdiy
1099,Desviarse,DriftOut,1,348,estimada,driftout
1100,Tormentaled,LedStorm,1,348,estimada,ledstorm
1101,Carreradechoqueletal,LethalCrashRace,1,348,estimada,lethalcrashrace
1102,Engranajeloco,MadGear,1,348,estimada,madgear
1103,Laberintodeflott,MazeofFlott,1,348,estimada,mazeofflott
1104,Progreso,Progress,1,348,estimada,progress
1105,Bicicletaderally,RallyBike,1,348,estimada,rallybike
1106,99:Laúltimaguerra,99:TheLastWar,1,348,estimada,99thelastwar
1107,Águila,Eagle,1,348,estimada,eagle
1109,GingateikokuNoGyakushu,GingateikokuNoGyakushu,1,348,estimada,gingateikokunogyakushu
1110,Lunacresta,MoonCresta,1,348,estimada,mooncresta
1111,Regresodelosinvasores,ReturnoftheInvaders,1,348,estimada,returnoftheinvaders
1112,Saturno,Saturn,1,348,estimada,saturn
1113,Batallaespacial,SpaceBattle,1,348,estimada,spacebattle
1114,Dragónespacial,SpaceDragon,1,348,estimada,spacedragon
1115,Ecodelespacio,SpaceEcho,1,348,estimada,spaceecho
1116,SpaceInvadersDx,SpaceInvadersDx,1,348,estimada,spaceinvadersdx
1117,SpaceRaider,SpaceRaider,1,348,estimada,spaceraider
1118,Espaciothunderbird,SpaceThunderbird,1,348,estimada,spacethunderbird
1120,HablayRescate,Speak&Rescue,1,348,estimada,speakrescue
1122,BirdieTry,BirdieTry,1,348,estimada,birdietry
1123,Cuchillasdeacero,BladesofSteel,1,348,estimada,bladesofsteel
1124,PiscinaHexagonal,HexPool,1,348,estimada,hexpool
1125,Losbillares,TheBilliards,1,348,estimada,thebilliards
1126,Elestafador,TheHustler,1,348,estimada,thehustler
1127,4diversiónen1,4Funin1,1,348,estimada,4funin1
1128,AliBabay40ladrones,AliBabaand40Thieves,1,348,estimada,alibabaand40thieves
1129,Bucanero,Buccaneer,1,348,estimada,buccaneer
1130,CaterpillarPacmanHack,CaterpillarPacmanHack,1,348,estimada,caterpillarpacmanhack
1131,Dorodon,Dorodon,1,348,estimada,dorodon
1132,Fantasmamuncher,GhostMuncher,1,348,estimada,ghostmuncher
1133,LadyBug,LadyBug,1,348,estimada,ladybug
1134,Señoritapukman,MissPukman,1,348,estimada,misspukman
1136,Pacuman,PacuMan,1,348,estimada,pacuman
1137,Sobrecargadeenergía,PowerSurge,1,348,estimada,powersurge
1143,Estadioprincipal,MainStadium,1,348,estimada,mainstadium
1145,Alasb,BWings,1,348,estimada,bwings
1146,triangulodelasBermudas,BermudaTriangle,1,348,estimada,bermudatriangle
1147,Despegar,BlastOff,1,348,estimada,blastoff
1148,HAL21,HAL21,1,348,estimada,hal21
1149,JeonSinTormentaGuardián,JeonSinGuardianStorm,1,348,estimada,jeonsinguardianstorm
1150,Vanguardia2,Vanguard2,1,348,estimada,vanguard2
1152,Campodebatalla,BattleField,1,348,estimada,battlefield
1153,Pléyades,Pleiads,1,348,estimada,pleiads
1154,T.N.K3,T.N.K3,1,348,estimada,tnk3
1155,Peleadeperros,DogFight,1,348,estimada,dogfight
1156,YoumaNinpouChou,YoumaNinpouChou,1,348,estimada,youmaninpouchou
1157,Yamato,Yamato,1,348,estimada,yamato
1159,HuoFenghuang,HuoFenghuang,1,348,estimada,huofenghuang
1161,Mariner,Mariner,1,348,estimada,mariner
1162,NinjaEmaki,NinjaEmaki,1,348,estimada,ninjaemaki
1163,Regulus,Regulus,1,348,estimada,regulus
1164,SkySoldiers,SkySoldiers,1,348,estimada,skysoldiers
1165,Stinger,Stinger,1,348,estimada,stinger
1166,Vastar,Vastar,1,348,estimada,vastar
1167,Zaviga,Zaviga,1,348,estimada,zaviga
1168,Zoar,Zoar,1,348,estimada,zoar
1170,Alcon,Alcon,1,348,estimada,alcon
1171,éxodo,Exodus,1,348,estimada,exodus
1172,FinalizadorSuperTransformación,FinalizerSuperTransformation,1,348,estimada,finalizersupertransformation
1174,Marte,Mars,1,348,estimada,mars
1175,Misión660,Mission660,1,348,estimada,mission660
1176,ElAlphaxZ,TheAlphaxZ,1,348,estimada,thealphaxz
1177,Basedelcielo,SkyBase,1,348,estimada,skybase
1178,Calabozo,BlackHole,1,348,estimada,blackhole
1180,Omni,Omni,1,348,estimada,omni
1181,Piscis,Pisces,1,348,estimada,pisces
1183,Pezdiablo,DevilFish,1,348,estimada,devilfish
1184,XXmisión,XXMission,1,348,estimada,xxmission
1185,ArmasUltraX,UltraXWeapons,1,348,estimada,ultraxweapons
1186,Hojadetormenta,StormBlade,1,348,estimada,stormblade
1187,Reyyglobo,King&Balloon,1,348,estimada,kingballoon
1188,KyukyokuTiger,KyukyokuTiger,1,348,estimada,kyukyokutiger
1189,Cambiarlahojadeaire,ChangeAirBlade,1,348,estimada,changeairblade
1190,Vasara2,Vasara2,1,348,estimada,vasara2
1191,RadarScope,RadarScope,1,348,estimada,radarscope
1192,ThunderBlaster,ThunderBlaster,1,348,estimada,thunderblaster
1193,VictoryRoad,VictoryRoad,1,348,estimada,victoryroad
1194,SkyAdventure,SkyAdventure,1,348,estimada,skyadventure
1195,Varth:OperationThunderstorm,Varth:OperationThunderstorm,1,348,estimada,varthoperationthunderstorm
1197,Truenoletal,LethalThunder,1,348,estimada,lethalthunder
1201,MartialMastersUSA,MartialMastersUSA,1,348,estimada,martialmasters
1202,FrenteDemonio,DemonFront,1,348,estimada,demonfront
1208,RoboWres2001,RoboWres2001,1,348,estimada,robowres2001
1209,Argos,Argus,2,348,estimada,argus
1210,Exerion,Exerion,1,348,estimada,exerion
1211,Tormentaguardiana,GuardianStorm,1,348,estimada,guardianstorm
1212,Liberación,Liberation,1,348,estimada,liberation
1213,MagMax,MagMax,1,348,estimada,magmax
1214,Acciónhollywood,ActionHollywood,1,348,estimada,actionhollywood
1215,BakutotsuKijuutei,BakutotsuKijuutei,1,348,estimada,bakutotsukijuutei
1216,BalubalouknoDensetsu,BalubalouknoDensetsu,1,348,estimada,balubalouknodensetsu
1217,BeastBusters,BeastBusters,1,348,estimada,beastbusters
1218,Blocken,Blocken,1,348,estimada,blocken
1219,BogeyManor,BogeyManor,1,348,estimada,bogeymanor
1220,Botánico,Botanic,1,348,estimada,botanic
1222,BuckyO'Hare,BuckyO'Hare,1,348,estimada,buckyohare
1223,Croquisdelona,CanvasCroquis,1,348,estimada,canvascroquis
1224,Dr.Micro,Dr.Micro,1,348,estimada,drmicro
1225,Rodillodelucha,FightingRoller,1,348,estimada,fightingroller
1226,FuegodoradoII,GoldenFireII,1,348,estimada,goldenfireii
1227,Chacal,Jackal,1,348,estimada,jackal
1228,KungFuTaikun,KungFuTaikun,1,348,estimada,kungfutaikun
1229,MX5000,MX5000,1,348,estimada,mx5000
1231,Monominky,MinkyMonkey,1,348,estimada,minkymonkey
1232,Motos,Motos,1,348,estimada,motos
1233,Ratonero,Mouser,1,348,estimada,mouser
1234,PopFlamer,PopFlamer,1,348,estimada,popflamer
1235,Hombreportuario,PortMan,1,348,estimada,portman
1236,Escaladorderocas,RockClimber,1,348,estimada,rockclimber
1238,Fuerzay​​habilidad,Strength&Skill,1,348,estimada,strengthskill
1239,TheBigProWrestling,TheBigProWrestling,1,348,estimada,thebigprowrestling
1240,ElregresodeIshtar,TheReturnofIshtar,1,348,estimada,thereturnofishtar
1241,Toypop,Toypop,1,348,estimada,toypop
1242,Atravesarestadosunidos,TraverseUSA,1,348,estimada,traverse
1243,Doccomplicado,TrickyDoc,1,348,estimada,trickydoc
1245,Mr.Dovs.Unicorns,Mr.Dovs.Unicorns,1,348,estimada,mrdovsunicorns
1246,Tutankham,Tutankham,1,348,estimada,tutankham
1247,Fenómeno,Wiz,1,348,estimada,wiz
1249,ZombieRaid,ZombieRaid,1,348,estimada,zombieraid
1250,Agress,Agress,2,348,estimada,agress
1251,Mr.Do'sCastle,Mr.Do'sCastle,1,348,estimada,mrdoscastle
1254,Fuerzadeltanque,Tankforce,2,348,estimada,tankforce
1255,Cachat,Cachat,1,348,estimada,cachat
1256,IQBlock,IQBlock,1,348,estimada,iqblock
1257,Globopionero,PioneerBalloon,1,348,estimada,pioneerballoon
1258,Trazar,Plotting,1,348,estimada,plotting
1259,Sparkz,Sparkz,1,348,estimada,sparkz
1260,Angeltropical,TropicalAngel,1,348,estimada,tropicalangel
1261,TubeIt,TubeIt,1,348,estimada,tubeit
1262,Hombredominó,DominoMan,1,348,estimada,dominoman
1264,Giroparalelo,ParallelTurn,1,348,estimada,parallelturn
1265,Pingpong,PingPong,1,348,estimada,pingpong
1266,Nadador,Swimmer,1,348,estimada,swimmer
1267,Ajustador,Fitter,1,348,estimada,fitter
1268,Guerrasdered,NetWars,1,348,estimada,netwars
1269,KarateBlazers,KarateBlazers,1,348,estimada,karateblazers
1270,AlpineSki,AlpineSki,1,348,estimada,alpineski
1271,Bagman,Bagman,1,348,estimada,bagman
1272,BioAttack,BioAttack,1,348,estimada,bioattack
1273,Genesis,Genesis,1,348,estimada,genesis
1274,BowlORama,BowlORama,1,348,estimada,bowlorama
1276,CityConnection,CityConnection,1,348,estimada,cityconnection
1277,ClashRoad,ClashRoad,1,348,estimada,clashroad
1278,CutieQ,CutieQ,1,348,estimada,cutieq
1280,DiscoNo.1,DiscoNo.1,1,348,estimada,discono1
1281,Dommy,Dommy,1,348,estimada,dommy
1282,Do!RunRun,Do!RunRun,1,348,estimada,dorunrun
1283,Mr.Do'sWildRide,Mr.Do'sWildRide,1,348,estimada,mrdoswildride
1284,DrivingForce,DrivingForce,2,348,estimada,drivingforce
1287,FireBattle,FireBattle,1,348,estimada,firebattle
1288,GoldMedalist,GoldMedalist,1,348,estimada,goldmedalist
1289,Guzzler,Guzzler,1,348,estimada,guzzler
1290,HighWayRace,HighWayRace,1,348,estimada,highwayrace
1292,JumpingCross,JumpingCross,1,348,estimada,jumpingcross
1293,ReturnoftheJedi,ReturnoftheJedi,1,348,estimada,returnofthejedi
1294,Jin,Jin,1,348,estimada,jin
1295,JumpingJack,JumpingJack,1,348,estimada,jumpingjack
1296,Joinem,Joinem,1,348,estimada,joinem
1297,JollyJogger,JollyJogger,1,348,estimada,jollyjogger
1298,Journey,Journey,1,348,estimada,journey
1301,KozmikKroozr,KozmikKroozr,1,348,estimada,kozmikkroozr
1302,Lasso,Lasso,1,348,estimada,lasso
1303,MadCrasher,MadCrasher,1,348,estimada,madcrasher
1304,MatMania,MatMania,1,348,estimada,matmania
1305,moonPatrol,moonPatrol,1,348,estimada,moonpatrol
1307,Ms.PacAttack,Ms.PacAttack,1,348,estimada,mspacattack
1310,Nova2001,Nova2001,1,348,estimada,nova2001
1311,OliBooChu,OliBooChu,1,348,estimada,oliboochu
1314,Pickin',Pickin',1,348,estimada,pickin
1315,Pinbo,Pinbo,1,348,estimada,pinbo
1316,PlumpPop,PlumpPop,1,348,estimada,plumppop
1317,Popper,Popper,1,348,estimada,popper
1319,RadicalRadial,RadicalRadial,1,348,estimada,radicalradial
1320,RoadFighter,RoadFighter,1,348,estimada,roadfighter
1321,Scion,Scion,1,348,estimada,scion
1322,ScrambledEgg,ScrambledEgg,1,348,estimada,scrambledegg
1323,Seicross,Seicross,1,348,estimada,seicross
1324,Gladiator1984,Gladiator1984,1,348,estimada,gladiator1984
1325,Shuuz,Shuuz,1,348,estimada,shuuz
1326,SpaceSeeker,SpaceSeeker,1,348,estimada,spaceseeker
1328,StarForce,StarForce,1,348,estimada,starforce
1329,SuperRider,SuperRider,1,348,estimada,superrider
1330,Timber,Timber,1,348,estimada,timber
1331,TimeTunnel,TimeTunnel,1,348,estimada,timetunnel
1332,TowerofDruaga,TowerofDruaga,1,348,estimada,towerofdruaga
1334,TwoTigers,TwoTigers,1,348,estimada,twotigers
1335,UfoSenshiYohkoChan,UfoSenshiYohkoChan,1,348,estimada,ufosenshiyohkochan
1336,Vanguard,Vanguard,1,348,estimada,vanguard
1337,Wiping,Wiping,1,348,estimada,wiping
1338,WWFSuperstars,WWFSuperstars,1,348,estimada,wwfsuperstars
1339,GenshiTou1930's,GenshiTou1930's,1,348,estimada,genshitou1930s
1340,Ponchedeconejo,RabbitPunch,1,348,estimada,rabbitpunch
1342,RaigaLuchadorStrato,RaigaStratoFighter,1,348,estimada,raigastratofighter
1343,Jorobado,Hunchback,1,348,estimada,hunchback
1345,Cuerdaroc'n,Roc'nRope,1,348,estimada,rocnrope
1346,ScooterShooter,ScooterShooter,1,348,estimada,scootershooter
1347,Lucha,Scramble,1,348,estimada,scramble
1348,CaminodeShaolin,Shaolin'sRoad,1,348,estimada,shaolinsroad
1349,Bombastrafe,StrafeBomb,1,348,estimada,strafebomb
1350,ElcastilloperdidoenDarkmist,TheLostCastleInDarkmist,1,348,estimada,thelostcastleindarkmist
1351,Elfoso,ThePit,1,348,estimada,thepit
1352,Truenoyrelámpago,Thunder&Lightning,1,348,estimada,thunderlightning
1353,Trampadeltruco,TrickTrap,1,348,estimada,tricktrap
1354,TriplePunch,TriplePunch,1,348,estimada,triplepunch
1355,Tiroensalto,JumpShot,1,348,estimada,jumpshot
1357,Osohormiguero,Anteater,1,348,estimada,anteater
1359,Fantasmamunchergalaxian,GhostMuncherGalaxian,1,348,estimada,ghostmunchergalaxian
1360,HanglyMan,HanglyMan,1,348,estimada,hanglyman
1361,Sr.Kougar,Mr.Kougar,1,348,estimada,mrkougar
1363,Nuevopuckx,NewPuckX,1,348,estimada,newpuckx
1364,Newpuc2,Newpuc2,1,348,estimada,newpuc2
1365,Pacgal,PacGal,1,348,estimada,pacgal
1369,FiebreSOS,FeverSOS,1,348,estimada,feversos
1371,Calle64,64ThStreet,1,348,estimada,64thstreet
1372,Grandelantero,BigStriker,1,348,estimada,bigstriker
1373,Espírituvengador,AvengingSpirit,1,348,estimada,avengingspirit
1375,1943MidwayWarsversióndeEstadosUnidos,1943:TheBattleofMidway (US),1,348,estimada,1943thebattleofmidway
1377,19XX,19XX,1,348,estimada,19xx
1381,Diadecampo,FieldDay,1,348,estimada,fieldday
1382,720grados,720Degrees,1,348,estimada,720degrees
1383,NamcoClassicCollectionVol.1,NamcoClassicCollectionVol.1,1,348,estimada,namcoclassiccollectionvol1
1385,RTypeII,RTypeII,1,348,estimada,rtypeii
1386,Vs.BaseBall,Vs.BaseBall,1,348,estimada,vsbaseball
1387,Vs.WreckingCrew,Vs.WreckingCrew,1,348,estimada,vswreckingcrew
1388,Vs.Pinball,Vs.Pinball,1,348,estimada,vspinball
1390,Vs.Tennis,Vs.Tennis,1,348,estimada,vstennis
1391,Vs.CluCluLand,Vs.CluCluLand,1,348,estimada,vsclucluland
1393,Fortunacleopatra,CleopatraFortune,1,348,estimada,cleopatrafortune
1395,OthelloDerby,OthelloDerby,1,348,estimada,othelloderby
1396,Balcubo,BalCube,1,348,estimada,balcube
1397,Galeríadetiro,ShootingGallery,1,348,estimada,shootinggallery
1398,"""Undisparo,unmuerto""",OneShotOneKill,1,348,estimada,oneshotonekill
1399,Héroedelestadio,StadiumHero,1,348,estimada,stadiumhero
1403,Guerrasdepandillas,GangWars,1,348,estimada,gangwars
1404,Dinamitaduque,DynamiteDuke,1,348,estimada,dynamiteduke
1405,CurveBall,CurveBall,1,348,estimada,curveball
1406,Fuerzadelasombra,ShadowForce,1,348,estimada,shadowforce
1407,UfoRoboDangar,UfoRoboDangar,1,348,estimada,uforobodangar
1409,SamuraiAces,SamuraiAces,1,348,estimada,samuraiaces
1410,TickeeTickats,TickeeTickats,1,348,estimada,tickeetickats
1412,Fuerzaturbo,TurboForce,1,348,estimada,turboforce
1414,Dimahoo,Dimahoo,2,348,estimada,dimahoo
1415,SuperSprint,SuperSprint,1,348,estimada,supersprint
1416,Noboranka,Noboranka,1,348,estimada,noboranka
1417,SuperDoublesTennis,SuperDoublesTennis,1,348,estimada,superdoublestennis
1418,Ciudaddebatalla,BattleCity,1,348,estimada,battlecity
1419,SúperSlam,SuperSlam,1,348,estimada,superslam
1420,BerabohMan,BerabohMan,1,348,estimada,berabohman
1421,MacrossPlus,MacrossPlus,1,348,estimada,macrossplus
1422,Ecologíadefinitiva,UltimateEcology,1,348,estimada,ultimateecology
1423,PuckmanPockimon,PuckmanPockimon,1,348,estimada,puckmanpockimon
1424,Rallys,Rallys,1,348,estimada,rallys
1425,Reydelaselva,JungleKing,1,348,estimada,jungleking
1426,DharmaDoujou,DharmaDoujou,1,348,estimada,dharmadoujou
1427,¡Cucú!,PeekaBoo!,1,348,estimada,peekaboo
1428,Zwackery,Zwackery,1,348,estimada,zwackery
1429,Popeye,Popeye,1,348,estimada,popeye
1430,DariusGaidenSilverHawk,DariusGaidenSilverHawk,1,348,estimada,dariusgaidensilverhawk
1431,GrandTour,GrandTour,1,348,estimada,grandtour
1432,BigRun,BigRun,1,348,estimada,bigrun
1433,Estrategiax,StrategyX,1,348,estimada,strategyx
1434,Spinner,Spinner,1,348,estimada,spinner
1435,Bolasrebotando,BouncingBalls,1,348,estimada,bouncingballs
1436,Maestrodelascuchillas,BladeMaster,1,348,estimada,blademaster
1438,Mellizosgemelos,TwinBrats,1,348,estimada,twinbrats
1439,TunnelHunt,TunnelHunt,1,348,estimada,tunnelhunt
1440,FuerzadeDefensadelaTierra,EarthDefenseForce,1,348,estimada,earthdefenseforce
1441,TerraForce,TerraForce,1,348,estimada,terraforce
1447,Mejoresestrellasderanking,TopRankingStars,1,348,estimada,toprankingstars
1448,PolePosition,PolePosition,1,348,estimada,poleposition
1449,Bolasdepoder,PowerBalls,1,348,estimada,powerballs
1450,DynamicSki,DynamicSki,1,348,estimada,dynamicski
1451,Escaladordehielo,Vs.IceClimber,1,348,estimada,vsiceclimber
1452,Tiroaltiróndebatalla,BattleFlipShot,1,348,estimada,battleflipshot
1455,Diablomundo,DevilWorld,1,348,estimada,devilworld
1457,RobbyRoto,RobbyRoto,1,348,estimada,robbyroto
1458,Combatientesdelcrimen,CrimeFighters,1,348,estimada,crimefighters
1459,Fabricantedetierras,LandMaker,1,348,estimada,landmaker
1460,Palamedes,Palamedes,1,348,estimada,palamedes
1461,Quasar,Quasar,1,348,estimada,quasar
1462,KrazyBowl,KrazyBowl,1,348,estimada,krazybowl
1463,Payasoslocos,CrazzyClownz,1,348,estimada,crazzyclownz
1464,Velocidadmáxima,TopSpeed,1,348,estimada,topspeed
1465,Elseñorderey,TheLordofKing,1,348,estimada,thelordofking
1466,Chasedequeso,CheeseChase,1,348,estimada,cheesechase
1467,Gunforce,Gunforce,1,348,estimada,gunforce
1468,KoutetsuYousaiStrahl,KoutetsuYousaiStrahl,1,348,estimada,koutetsuyousaistrahl
1469,Rodillosuperior,TopRoller,1,348,estimada,toproller
1470,Gorf,Gorf,1,348,estimada,gorf
1471,Elrumordelavelocidad,TheSpeedRumbler,1,348,estimada,thespeedrumbler
1473,NekketsuKoukouDodgeballBu,NekketsuKoukouDodgeballBu,1,348,estimada,nekketsukoukoudodgeballbu
1474,Guerradeguerrillas,GuerrillaWar,1,348,estimada,guerrillawar
1475,VideoVinceandtheGameFactory,VideoVinceandtheGameFactory,1,348,estimada,videovinceandthegamefactory
1477,Bloquededominó,DominoBlock,1,348,estimada,dominoblock
1478,DynamiteDux,DynamiteDux,1,348,estimada,dynamitedux
1479,ChampionBaseBall,ChampionBaseBall,1,348,estimada,championbaseball
1481,ChampionBoxing,ChampionBoxing,1,348,estimada,championboxing
1483,Superslams,SuperSlams,1,348,estimada,superslams
1484,Portadordelaluz,LightBringer,1,348,estimada,lightbringer
1485,Raimais,Raimais,1,348,estimada,raimais
1486,cometaHalley,Halley'sComet,1,348,estimada,halleyscomet
1487,PirateTreasure,PirateTreasure,1,348,estimada,piratetreasure
1488,Acuario,Aquarium,1,348,estimada,aquarium
1489,SeaFighterPoseidon,SeaFighterPoseidon,1,348,estimada,seafighterposeidon
1490,GulfStorm,GulfStorm,1,348,estimada,gulfstorm
1491,Rutadelabahía,BayRoute,1,348,estimada,bayroute
1492,Ahorradordemetal,MetalSaver,1,348,estimada,metalsaver
1494,GuardianesdelaCapucha,GuardiansoftheHood,1,348,estimada,guardiansofthehood
1495,PocketGal,PocketGal,1,348,estimada,pocketgal
1496,Esquíacuático,WaterSki,1,348,estimada,waterski
1497,Block,Block,1,348,estimada,block
1500,Ixion,Ixion,1,348,estimada,ixion
1501,WallywoSagase,WallywoSagase,1,348,estimada,wallywosagase
1502,HoleLand,HoleLand,1,348,estimada,holeland
1503,VulcanVenture,VulcanVenture,1,348,estimada,vulcanventure
1504,MatrizdeMarte,MarsMatrix,1,348,estimada,marsmatrix
1506,Performan,Performan,1,348,estimada,performan
1507,Ataquemecanizado,MechanizedAttack,1,348,estimada,mechanizedattack
1508,Campeonatodetirodealav2.00,WingShootingChampionshipV2.00,1,348,estimada,wingshootingchampionshipv200
1509,EggVenture,EggVenture,1,348,estimada,eggventure
1510,GoGo!MileSmile,GoGo!MileSmile,1,348,estimada,gogomilesmile
1511,Emocionantefutbol,ExcitingSoccer,1,348,estimada,excitingsoccer
1512,ExcitingSoccerⅡ,ExcitingSoccerⅡ,1,348,estimada,excitingsoccerii
1513,SuperMuscleBomber,SuperMuscleBomber,1,348,estimada,supermusclebomber
1515,SpyHunter2,SpyHunter2,1,348,estimada,spyhunter2
1516,Dinerodinero,MoneyMoney,1,348,estimada,moneymoney
1518,Banderaacuadros,ChequeredFlag,1,348,estimada,chequeredflag
1519,Kaos,Kaos,1,348,estimada,kaos
1520,Valtric,Valtric,1,348,estimada,valtric
1521,PotofGold,PotofGold,1,348,estimada,potofgold
1522,GoldenParGolf,GoldenParGolf,1,348,estimada,goldenpargolf
1523,Mouja,Mouja,1,348,estimada,mouja
1525,Latumbadetut,Tut'sTomb,1,348,estimada,tutstomb
1526,Columnasdepila,StackColumns,1,348,estimada,stackcolumns
1527,Caminodelpánico,PanicRoad,1,348,estimada,panicroad
1530,ClubDeportivoCapcom,CapcomSportsClub,1,348,estimada,capcomsportsclub
1531,RipperRibbit,RipperRibbit,1,348,estimada,ripperribbit
1532,KonamiGT,KonamiGT,1,348,estimada,konamigt
1533,GLOCAirBattle,GLOCAirBattle,1,348,estimada,glocairbattle
1534,Aladegiga,GigaWing,1,348,estimada,gigawing
1535,DynaGear,DynaGear,1,348,estimada,dynagear
1536,KuriKinton,KuriKinton,1,348,estimada,kurikinton
1537,DietaGoGo,DietGoGo,1,348,estimada,dietgogo
1538,DiscsofTron,DiscsofTron,1,348,estimada,discsoftron
1540,WECLeMans24,WECLeMans24,1,348,estimada,weclemans24
1541,RenjuKizoku,RenjuKizoku,1,348,estimada,renjukizoku
1542,Tiburóndebatalla,BattleShark,1,348,estimada,battleshark
1543,Puntocero,ZeroPoint,1,348,estimada,zeropoint
1544,Puntocero2,ZeroPoint2,1,348,estimada,zeropoint2
1545,RollerJammer,RollerJammer,1,348,estimada,rollerjammer
1547,Bonanzabros,BonanzaBros,1,348,estimada,bonanzabros
1548,Rompecabezasyacción,Puzzle&Action,1,348,estimada,puzzleaction
1549,DragonSaber,DragonSaber,1,348,estimada,dragonsaber
1550,Pistoladedragones,DragonGun,1,348,estimada,dragongun
1551,maestroDragón,DragonMaster,1,348,estimada,dragonmaster
1552,NeratteChu,NeratteChu,1,348,estimada,nerattechu
1555,TwinSquash,TwinSquash,1,348,estimada,twinsquash
1559,Sankokushi,Sankokushi,1,348,estimada,sankokushi
1561,ClásicodelosEstadosUnidos,U.S.Classic,1,348,estimada,usclassic
1562,Pairs,Pairs,1,348,estimada,pairs
1563,GunDealer,GunDealer,1,348,estimada,gundealer
1564,Aros96,Hoops96,1,348,estimada,hoops96
1565,Xybots,Xybots,1,348,estimada,xybots
1566,Enigma2,Enigma2,1,348,estimada,enigma2
1567,Algodón,Cotton,1,348,estimada,cotton
1568,Exterminador,Exterminator,1,348,estimada,exterminator
1569,QuizChannelQuestion,QuizChannelQuestion,1,348,estimada,quizchannelquestion
1571,Poitto!,Poitto!,1,348,estimada,poitto
1573,Potopoto,PotoPoto,1,348,estimada,potopoto
1574,Gondomanía,Gondomania,1,348,estimada,gondomania
1575,Gritodeguerra,Battlecry,1,348,estimada,battlecry
1576,Ediciónmundialdevoleiboldeenergía,PowerSpikes (World),1,348,estimada,powerspikes
1578,Gekirindan,Gekirindan,1,348,estimada,gekirindan
1579,GyakutenPuzzleBancho,GyakutenPuzzleBancho,1,348,estimada,gyakutenpuzzlebancho
1580,PigNewton,PigNewton,1,348,estimada,pignewton
1581,Altair,Altair,1,348,estimada,altair
1582,Luchadoresecologicos,EcoFighters,1,348,estimada,ecofighters
1583,N.Y.Captor,N.Y.Captor,1,348,estimada,nycaptor
1584,Guerrerosmísticos,MysticWarriors,1,348,estimada,mysticwarriors
1585,DDay,DDay,1,348,estimada,dday
1586,Últimafortaleza,LastFortress,1,348,estimada,lastfortress
1587,Toride2,Toride2,1,348,estimada,toride2
1588,BubbleMemories:LahistoriadeBubbleBobbleIII,BubbleMemories:TheStoryOfBubbleBobbleIII,1,348,estimada,bubblememoriesthestoryofbubblebobbleiii
1589,PuzzleDeBowling,PuzzleDeBowling,1,348,estimada,puzzledebowling
1590,PuzzleBobble4,PuzzleBobble4,1,348,estimada,puzzlebobble4
1591,Peggle,Peggle,1,348,estimada,peggle
1592,Saltodesalto,JumpingBreak,1,348,estimada,jumpingbreak
1593,Barrilpesado,HeavyBarrel,1,348,estimada,heavybarrel
1594,ESwat:CyberPolice,ESwat:CyberPolice,1,348,estimada,eswatcyberpolice
1595,Deriva94Laordendifícil,DriftOut94TheHardOrder,1,348,estimada,driftout94thehardorder
1596,Velocidaddegiro,SpeedSpin,1,348,estimada,speedspin
1598,Hachoo!,Hachoo!,1,348,estimada,hachoo
1600,Pururun,Pururun,1,348,estimada,pururun
1601,Hermanospinguinos,PenguinBrothers,1,348,estimada,penguinbrothers
1602,Vs.Luchadeglobos,Vs.BalloonFight,1,348,estimada,vsballoonfight
1604,Accióndelcoche,CarAction,1,348,estimada,caraction
1605,Maestrodearmasrev1,GunMaster,1,348,estimada,gunmaster
1606,Señordelapistola,LordofGun,1,348,estimada,lordofgun
1607,Pistolahohki,GunHohki,1,348,estimada,gunhohki
1608,Fuertex,StrongX,1,348,estimada,strongx
1609,EightBallAction,EightBallAction,1,348,estimada,eightballaction
1611,Ribbit!,Ribbit!,1,348,estimada,ribbit
1612,Señorarana,LadyFrog,1,348,estimada,ladyfrog
1613,BullFighter,BullFighter,1,348,estimada,bullfighter
1614,Másalfa,PlusAlpha,1,348,estimada,plusalpha
1616,SuperDodgeBall,SuperDodgeBall,1,348,estimada,superdodgeball
1619,Insector,Insector,1,348,estimada,insector
1620,Sargento,Sarge,1,348,estimada,sarge
1621,ShanghaiⅡ,ShanghaiⅡ,1,348,estimada,shanghaiii
1622,Pozodeserpientes,SnakePit,1,348,estimada,snakepit
1623,Laprofundidad,TheDeep,1,348,estimada,thedeep
1624,Diosesyfantasmasbarcosfantasma,Skull&Crossbones,1,348,estimada,skullcrossbones
1625,KamikazeCabbie,KamikazeCabbie,1,348,estimada,kamikazecabbie
1626,Magodelwor,WizardofWor,1,348,estimada,wizardofwor
1627,HyperDuel,HyperDuel,1,348,estimada,hyperduel
1628,ElevatorAction,ElevatorAction,1,348,estimada,elevatoraction
1629,SeiSenshiAmatelass,SeiSenshiAmatelass,1,348,estimada,seisenshiamatelass
1630,TubePanic,TubePanic,1,348,estimada,tubepanic
1632,Asesinosdeltiempo,TimeKillers,1,348,estimada,timekillers
1633,Chicasoldadoamazon,SoldierGirlAmazon,1,348,estimada,soldiergirlamazon
1635,CopadelMundodeTehkan,TehkanWorldCup,1,348,estimada,tehkanworldcup
1636,WorldRally2:TwinRacing,WorldRally2:TwinRacing,1,348,estimada,worldrally2twinracing
1637,Fútboldesalón,IndoorSoccer,1,348,estimada,indoorsoccer
1638,PistolaDaimyonoBouken,PistolDaimyonoBouken,1,348,estimada,pistoldaimyonobouken
1640,Tornadoardiente,BlazingTornado,1,348,estimada,blazingtornado
1641,Qixgemelo,TwinQix,1,348,estimada,twinqix
1642,TwinEagleIILaMisiónDeRescate,TwinEagleIITheRescueMission,1,348,estimada,twineagleiitherescuemission
1643,LeyendadeSilkroad,LegendOfSilkroad,1,348,estimada,legendofsilkroad
1644,Artesdesupervivencia,SurvivalArts,1,348,estimada,survivalarts
1645,Soldam,Soldam,1,348,estimada,soldam
1646,Talbot,Talbot,1,348,estimada,talbot
1647,AcademiadeBillarRealBreak,BilliardAcademyRealBreak,1,348,estimada,billiardacademyrealbreak
1648,Rougien,Rougien,1,348,estimada,rougien
1650,Bombarderoespacial,SpaceBomber,1,348,estimada,spacebomber
1651,FieldCombat,FieldCombat,1,348,estimada,fieldcombat
1653,Darius2,Darius2,1,348,estimada,darius2
1654,Nibbler,Nibbler,1,348,estimada,nibbler
1655,Vindicadores,Vindicators,1,348,estimada,vindicators
1657,Thundercade,Thundercade,1,348,estimada,thundercade
1659,Qwak,Qwak,1,348,estimada,qwak
1660,MisteriodeSindbad,SindbadMystery,1,348,estimada,sindbadmystery
1661,SkySkipper,SkySkipper,1,348,estimada,skyskipper
1662,SkyAlert,SkyAlert,1,348,estimada,skyalert
1663,SkyBumper,SkyBumper,1,348,estimada,skybumper
1664,Challenger,Challenger,1,348,estimada,challenger
1665,JumpCoaster,JumpCoaster,1,348,estimada,jumpcoaster
1666,Mazingerz,MazingerZ,1,348,estimada,mazingerz
1667,Cazadecarril,RailChase,1,348,estimada,railchase
1668,Rangersdebatalla,BattleRangers,1,348,estimada,battlerangers
1670,JackRabbit,JackRabbit,1,348,estimada,jackrabbit
1671,Tugboat,Tugboat,1,348,estimada,tugboat
1672,Toffy,Toffy,1,348,estimada,toffy
1673,GoldBug,GoldBug,1,348,estimada,goldbug
1674,Hombrepicador,DiggerMan,1,348,estimada,diggerman
1675,Billarperfecto,PerfectBilliard,1,348,estimada,perfectbilliard
1676,Snacks'nJaxson,Snacks'nJaxson,1,348,estimada,snacksnjaxson
1677,KaiserKnuckle,KaiserKnuckle,1,348,estimada,kaiserknuckle
1678,FortyLove,FortyLove,1,348,estimada,fortylove
1679,Pasandoeltiro,PassingShot,1,348,estimada,passingshot
1681,GranMahouDaisakusen,GreatMahouDaisakusen,1,348,estimada,greatmahoudaisakusen
1683,WizWarz,WizWarz,1,348,estimada,wizwarz
1684,Megazona,MegaZone,1,348,estimada,megazone
1685,Slashersdenoche,NightSlashers,1,348,estimada,nightslashers
1686,ShingenSamuraiLuchador,ShingenSamuraiFighter,1,348,estimada,shingensamuraifighter
1689,HeliFire,HeliFire,1,348,estimada,helifire
1690,Syvalion,Syvalion,1,348,estimada,syvalion
1694,Chopperdebatalla,BattleChopper,1,348,estimada,battlechopper
1695,B.RapBoys,B.RapBoys,1,348,estimada,brapboys
1696,Mono,Rompers,1,348,estimada,rompers
1697,BenBeroBeh,BenBeroBeh,1,348,estimada,benberobeh
1698,LahistoriadeFairyLand,TheFairyLandStory,1,348,estimada,thefairylandstory
1699,Chack'nPop,Chack'nPop,1,348,estimada,chacknpop
1700,ProfessorPacMan,ProfessorPacMan,1,348,estimada,professorpacman
34265,Dragon (Chineseversion),Dragon (Chineseversion),9,348,estimada,dragon
11602,RomancedelosTresReinos,RomanceoftheThreeKingdoms,6,347,estimada,romanceofthethreekingdoms
11614,F1GrandPrixEuropeanEdition,F1GrandPrixEuropeanEdition,6,347,estimada,f1grandprix
11650,Cazadordedinosaurios,DinosaurHunter,16,347,estimada,dinosaurhunter
22551,"SFCSéptimaSaga,The (EE.UU.)","SFC7thSaga,The (USA)",4,345,estimada,thesfc7thsaga
22746,SNKvs.Capcom,SNKvs.Capcom,6,345,estimada,snkvscapcom
22779,"SFCFamiliaAddams,The (Europa)","SFCAddamsFamily,The (Europe)",12,345,estimada,thesfcaddamsfamily
22785,"SFCAventurasdeBatmanyRobin,The (Europa)","SFCAdventuresofBatman&Robin,The (Europe)",8,345,estimada,thesfcadventuresofbatmanrobin
22788,"SFCAdventuresofKidKleets,The (EE.UU.)","SFCAdventuresofKidKleets,The (USA)",4,345,estimada,thesfcadventuresofkidkleets
22789,"SFCAventurasdeMightyMax,The (Europa)","SFCAdventuresofMightyMax,The (Europe)",4,345,estimada,thesfcadventuresofmightymax
22790,"SFCAventurasdeRockyyBullwinkleandFriends,The (EE.UU.)","SFCAdventuresofRockyandBullwinkleandFriends,The (USA)",4,345,estimada,thesfcadventuresofrockyandbullwinkleandfriends
22791,"SFCAdventuresoftheRocketeer,The (Japón)","SFCAdventuresoftheRocketeer,The (Japan)",4,345,estimada,thesfcadventuresoftherocketeer
22976,"SFCBlueCrystalrod,The (Japón)","SFCBlueCrystalrod,The (Japan)",4,345,estimada,thesfcbluecrystalrod
22990,"SFCBrainies,The (Europa)","SFCBrainies,The (Europe)",8,345,estimada,thesfcbrainies
23065,"SFCChaosEngine,The (Europa)","SFCChaosEngine,The (Europe)",4,345,estimada,thesfcchaosengine
23069,"SFCChessmaster,The (Europa)","SFCChessmaster,The (Europe)",12,345,estimada,thesfcchessmaster
23112,"SFCCombatribes,EstadosUnidos","SFCCombatribes,The (USA)",8,345,estimada,thesfccombatribes
23193,PCENinjaWarriors (versiónjaponesa),"PCENinjaWarriors,The (Japan)",8,345,estimada,thepceninjawarriors
23213,PCELegendofTomahawk2 (versiónestadounidense),"PCELegendaryAxeII,The (USA)",8,345,estimada,thepcelegendaryaxeii
23214,PCETomahawkLegend (versiónestadounidense),"PCELegendaryAxe,The (USA)",8,345,estimada,thepcelegendaryaxe
23233,PCENewZealandStory (versiónjaponesa),"PCENewZealandStory,The (Japan)",8,345,estimada,thepcenewzealandstory
23494,PCEDragonTower (versiónjaponesa),"PCETowerofDruaga,The (Japan)",3,344,estimada,thepcetowerofdruaga
23539,PCEKungFu (versiónjaponesa),"PCEKungFu,The (Japan)",3,344,estimada,thepcekungfu
30395,CreyónShinChan4,CrayonShinChan4,9,344,estimada,crayonshinchan4
30500,Versióneuropeadecarrerasdecamiones,TruckracingEuropeanversion,10,344,estimada,truckracing
30543,Alcatraz,Alcatraz,9,344,estimada,alcatraz
30623,Espíacontraespía,Spyvs.Spy,4,344,estimada,spyvsspy
30642,SuperRobotPinballVersiónjaponesa,SuperRobotPinballJapaneseVersion,8,344,estimada,superrobotpinball
30677,Casaembrujada,Hauntedhouse,8,344,estimada,hauntedhouse
30707,KellyClubversiónestadounidense,KellyClubUSVersion,4,344,estimada,kellyclub
30721,Force21versiónestadounidense,Force21USVersion,4,344,estimada,force21
30757,Bombermandebolsillo,PocketBomberman,4,344,estimada,pocketbomberman
30818,EstrellaFantasía,PhantasyStar,8,344,estimada,phantasystar
30825,Ediciónjaponesaolímpica2000,Olympic2000JapaneseEdition,8,344,estimada,olympic2000
30894,VersióneuropeadeShadowGate,ShadowGateEuropeanVersion,4,344,estimada,shadowgate
30944,Versióneuropeadevoleiboldeplaya,BeachVolleyballEuropeanVersion,4,344,estimada,beachvolleyball
30991,"Aliciaenelpaísdelasmaravillas,versiónestadounidense",AliceinWonderlandUSVersion,4,343,estimada,aliceinwonderland
31006,VersiónestadounidensedeDeerHunter,DeerHunterUSVersion,4,343,estimada,deerhunter
31024,Blancanievesylossieteenanitosversióneuropea,SnowWhiteandtheSevenDwarfsEuropeanVersion,4,343,estimada,snowwhiteandthesevendwarfs
31043,AirForceDeltaversiónestadounidense,AirForceDeltaUSversion,12,343,estimada,airforcedelta
31093,CrayónShinChan3,CrayonShinChan3,8,343,estimada,crayonshinchan3
31099,MiniGolfEdiciónJaponesa,MiniGolfJapaneseEdition,8,343,estimada,minigolf
31127,VersiónjaponesadeAstroBoy,AstroBoyJapaneseVersion,8,343,estimada,astroboy
31143,Onimusha2,Onimusha2,8,343,estimada,onimusha2
31146,señordelosAnillos,LordoftheRings,8,343,estimada,lordoftherings
31160,HeroesofMightandMagic2Versióneuropea,HeroesofMightandMagic2EuropeanVersion,6,343,estimada,heroesofmightandmagic2
31183,Versiónjaponesadeónixnegro,BlackOnyxJapaneseVersion,8,343,estimada,blackonyx
31195,Leyendadeldragónrev1,LegendoftheDragon,4,343,estimada,legendofthedragon
33214,SuperTennis (JapaneseVersion),SuperTennis (JapaneseVersion),8,343,estimada,supertennis
33809,F22Interceptor (USversion),F22Interceptor (USversion),5,343,estimada,f22interceptor
33816,Chameleon (Americanversion),Chameleon (Americanversion),5,343,estimada,chameleon
33822,Hellfire (Americanversion),Hellfire (Americanversion),5,343,estimada,hellfire
33846,GreenDog (Americanversion),GreenDog (Americanversion),5,343,estimada,greendog
33869,Pájarocarpintero,Woodpecker,9,343,estimada,woodpecker
33917,Elreydeloscuatrodías,ShadowBlasters,9,343,estimada,shadowblasters
33921,ShadowoftheBeast (AmericaandEurope),ShadowoftheBeast (AmericaandEurope),4,343,estimada,shadowofthebeast
33922,ShadowoftheBeast2 (AmericaandEurope),ShadowoftheBeast2 (AmericaandEurope),4,343,estimada,shadowofthebeast2
33938,SpaceInvaders90 (JapaneseEdition),SpaceInvaders90 (JapaneseEdition),8,343,estimada,spaceinvaders90
33941,SpaceFootball (AmericanVersion),SpaceFootball (AmericanVersion),5,343,estimada,spacefootball
33952,Assault (Americanversion),Assault (Americanversion),5,343,estimada,assault
33966,WimbledonChampionshipTennis (Europeanedition),WimbledonChampionshipTennis (Europeanedition),9,343,estimada,wimbledonchampionshiptennis
34016,Ghost (Americanversion),Ghost (Americanversion),5,343,estimada,ghost
34038,GodofWar (Americanversion),GodofWar (Americanversion),5,343,estimada,godofwar
34054,Tracker (DailyEdition),Tracker (DailyEdition),5,343,estimada,tracker
34057,FootballManager (Europeanedition),FootballManager (Europeanedition),5,343,estimada,footballmanager
34065,CoachKCollegeBasketball (Americanversion),CoachKCollegeBasketball (Americanversion),5,343,estimada,coachkcollegebasketball
34071,NBAplayoffs (USversion),NBAplayoffs (USversion),5,343,estimada,nbaplayoffs
34077,NHLHockey (USversion),NHLHockey (USversion),5,343,estimada,nhlhockey
34079,NHLHockey94 (USversion),NHLHockey94 (USversion),5,343,estimada,nhlhockey94
34081,RBIBaseball94 (AmericaandEurope),RBIBaseball94 (AmericaandEurope),4,343,estimada,rbibaseball94
34083,TecmoSuperHockey (USversion),TecmoSuperHockey (USversion),5,343,estimada,tecmosuperhockey
34093,Baseball (Americanversion),Baseball (Americanversion),5,343,estimada,baseball
34096,StormLord (Americanversion),StormLord (Americanversion),5,343,estimada,stormlord
34150,Daisenryaku,Daisenryaku,9,343,estimada,daisenryaku
34172,MonsterWorld4 (JapaneseEdition),MonsterWorld4 (JapaneseEdition),8,343,estimada,monsterworld4
34182,GhostHouse (Americanversion),GhostHouse (Americanversion),5,343,estimada,ghosthouse
34185,Bones (Americanversion),Bones (Americanversion),5,343,estimada,bones
34191,DarkCastle (Americanversion),DarkCastle (Americanversion),5,343,estimada,darkcastle
34193,RedZone (AmericaandEurope),RedZone (AmericaandEurope),4,343,estimada,redzone
34226,MetalWolf (JapaneseEdition),MetalWolf (JapaneseEdition),8,343,estimada,metalwolf
34235,Aircombat (Japaneseversion),Aircombat (Japaneseversion),8,343,estimada,aircombat
34242,DynaBrothers2,DynaBrothers2,9,343,estimada,dynabrothers2
34248,Basketball (Europeanedition),Basketball (Europeanedition),4,343,estimada,basketball
34254,PowerBall (JapaneseVersion),PowerBall (JapaneseVersion),8,343,estimada,powerball
34264,Exile (Americanversion),Exile (Americanversion),5,343,estimada,exile
34287,Mermaid (Europeanedition),Mermaid (Europeanedition),4,343,estimada,mermaid
34294,DreamWarrior (Americanversion),DreamWarrior (Americanversion),5,343,estimada,dreamwarrior
34301,MiG29 (Americanedition),MiG29 (Americanedition),5,343,estimada,mig29
1772,AntarcticAdventure (Chineseversion),AntarcticAdventure (Chineseversion),7,318,estimada,antarcticadventure
1804,BaoQingtian (Chineseversion),BaoQingtian (Chineseversion),12,318,estimada,baoqingtian
1864,AngryBirds (Chineseversion),AngryBirds (Chineseversion),12,317,estimada,angrybirds
1865,Fengyun (Chineseversion),Fengyun (Chineseversion),12,317,estimada,fengyun
1961,WizardofOz (Chineseversion),WizardofOz (Chineseversion),12,317,estimada,wizardofoz
2001,PikachuY2K (Chineseversion),PikachuY2K (Chineseversion),12,317,estimada,pikachuy2k
2029,MedalofHonor (Chineseversion),MedalofHonor (Chineseversion),12,317,estimada,medalofhonor
2047,Shanghaitycoon (Chineseversion),Shanghaitycoon (Chineseversion),12,317,estimada,shanghaitycoon
2081,AdventuresofTomSawyer (Chineseversion),AdventuresofTomSawyer (Chineseversion),12,317,estimada,adventuresoftomsawyer
2111,XitianQujing2 (ChineseVersion),XitianQujing2 (ChineseVersion),12,317,estimada,xitianqujing2
2117,LittleMermaid (Chineseversion),LittleMermaid (Chineseversion),12,317,estimada,littlemermaid
2119,XiaoAoJianghu (Chineseversion),XiaoAoJianghu (Chineseversion),12,317,estimada,xiaoaojianghu
2166,MoonCrystal (ChineseVersion),MoonCrystal (ChineseVersion),12,317,estimada,mooncrystal
2618,FireDragon (Chineseversion),FireDragon (Chineseversion),11,317,estimada,firedragon
1701,Yam!Yam!?,Yam!Yam!?,1,313,estimada,yamyam
1702,Leprechaun,Leprechaun,1,313,estimada,leprechaun
1703,SimpsonsBowling,SimpsonsBowling,1,313,estimada,simpsonsbowling
1705,Ataquesorpresa,SurpriseAttack,1,313,estimada,surpriseattack
1706,VirtuaBowling,VirtuaBowling,1,313,estimada,virtuabowling
1707,Tormentadesangre,BloodStorm,1,313,estimada,bloodstorm
1709,Granjadepollos,ChickenFarm,1,313,estimada,chickenfarm
1710,Shadowland,Shadowland,1,313,estimada,shadowland
1711,Beathead,Beathead,1,313,estimada,beathead
1714,TipoRLEO,RTypeLEO,1,313,estimada,rtypeleo
1717,Tormentagaláctica,GalacticStorm,1,313,estimada,galacticstorm
1718,AstroBlaster,AstroBlaster,1,313,estimada,astroblaster
1720,Inca,Inca,1,313,estimada,inca
1721,Hero,Hero,1,313,estimada,hero
1722,RoughRanger,RoughRanger,1,313,estimada,roughranger
1723,ToughTurf,ToughTurf,1,313,estimada,toughturf
1725,Cazadordefantasmas,GhostHunter,1,313,estimada,ghosthunter
1727,Cósmicacop,CosmicCop,1,313,estimada,cosmiccop
1728,Chelnov:AtomicRunner,Chelnov:AtomicRunner,1,313,estimada,chelnovatomicrunner
1729,BuggyChallenge,BuggyChallenge,1,313,estimada,buggychallenge
1731,Toggle,Toggle,1,313,estimada,toggle
1733,Circuitodebatalla,BattleCircuit,2,313,estimada,battlecircuit
1734,Historiadelluchador,Fighter'sHistory,1,313,estimada,fightershistory
1735,Cybattler,Cybattler,1,313,estimada,cybattler
1736,Aquajack,Aquajack,1,313,estimada,aquajack
1737,FightingBasketball,FightingBasketball,1,313,estimada,fightingbasketball
1738,Luchadordeaccion,ActionFighter,1,313,estimada,actionfighter
1741,Elastyanax,TheAstyanax,1,313,estimada,theastyanax
1742,RíoYangtzeMahjong,JanpaiPuzzleChoukou,1,313,estimada,janpaipuzzlechoukou
1743,Slalom,Slalom,1,313,estimada,slalom
1744,Arañas,Spiders,1,313,estimada,spiders
1746,Libraporlibra,PoundforPound,1,313,estimada,poundforpound
1747,Cyberbots:FullmetalMadness,Cyberbots:FullmetalMadness,1,313,estimada,cyberbotsfullmetalmadness
1749,Patadainicial,KickOff,1,313,estimada,kickoff
1750,ZunzunkyouNoYabou,ZunzunkyouNoYabou,1,313,estimada,zunzunkyounoyabou
3223,circo,circus,7,311,estimada,circus
7880,Guerreroschinos (versiónestadounidense),ChinaWarrior (USA),7,311,estimada,chinawarrior
8154,MonsterSummoner (simplifiedChineseversion),MonsterSummoner (simplifiedChineseversion),6,311,estimada,monstersummoner
36657,VersióndeSilentDragonEE.UU.,SilentDragonUSVersion,3,310,estimada,silentdragon
740,ChinaTown,ChinaTown,1,309,estimada,chinatown
6587,"SéptimaSaga,The (EE.UU.)","7thSaga,The (USA)",5,307,estimada,the7thsaga
6609,"FamiliaAddams,The (Europa)","AddamsFamily,The (Europe)",13,307,estimada,theaddamsfamily
6615,"AventurasdeBatmanyRobin,The (Europa)","AdventuresofBatman&Robin,The (Europe)",8,307,estimada,theadventuresofbatmanrobin
6618,"AdventuresofKidKleets,The (EE.UU.)","AdventuresofKidKleets,The (USA)",5,307,estimada,theadventuresofkidkleets
6619,"AventurasdeMightyMax,The (Europa)","AdventuresofMightyMax,The (Europe)",3,307,estimada,theadventuresofmightymax
6620,"AventurasdeRockyyBullwinkleandFriends,The (EE.UU.)","AdventuresofRockyandBullwinkleandFriends,The (USA)",3,307,estimada,theadventuresofrockyandbullwinkleandfriends
6621,"AdventuresoftheRocketeer,The (Japón)","AdventuresoftheRocketeer,The (Japan)",5,307,estimada,theadventuresoftherocketeer
6794,BishoujoSenshiSailorMoonS¡JougaiRantou!ShuyakuSoudatsusen (Japón),BishoujoSenshiSailorMoonSJougaiRantou!ShuyakuSoudatsusen (J,5,307,estimada,bishoujosenshisailormoonsjougairantoushuyakusoudatsusen
6806,"BlueCrystalrod,The (Japón)","BlueCrystalrod,The (Japan)",5,307,estimada,thebluecrystalrod
6820,"Brainies,The (Europa)","Brainies,The (Europe)",8,307,estimada,thebrainies
6895,"ChaosEngine,The (Europa)","ChaosEngine,The (Europe)",3,307,estimada,thechaosengine
6942,"Combatribes,EstadosUnidos","Combatribes,The (USA)",10,307,estimada,thecombatribes
7591,NinjaWarriors (versiónjaponesa),"NinjaWarriors,The (Japan)",14,306,estimada,theninjawarriors
7611,LegendofTomahawk2 (versiónestadounidense),"LegendaryAxeII,The (USA)",8,306,estimada,thelegendaryaxeii
7612,TomahawkLegend (versiónestadounidense),"LegendaryAxe,The (USA)",8,306,estimada,thelegendaryaxe
7892,DragonTower (versiónjaponesa),"TowerofDruaga,The (Japan)",7,306,estimada,thetowerofdruaga
7937,KungFu (versiónjaponesa),"KungFu,The (Japan)",7,306,estimada,thekungfu
8384,XLegendsPolicíadeGuerradeClaseRestringida,xXx,19,305,estimada,xxx
8697,Alalargarev1,Whistle!Dai37KaiTokyotoChuugakkouSougouTaiikuSoccerTaikai,1,305,estimada,whistledai37kaitokyotochuugakkousougoutaiikusoccertaikai
8712,DisneyPiggyJuegorev1,KoukouJukenAdvanceSeriesEijukugoHen650PhrasesShuuroku,2,305,estimada,koukoujukenadvanceserieseijukugohen650phrasesshuuroku
8762,ElúltimohombredelacarneElcaminoalossuperhéroes,UltimateMuscleTheKinnikumanLegacyThePathoftheSuperhero,2,305,estimada,ultimatemusclethekinnikumanlegacythepathofthesuperhero
10064,SpeedTopdealtacalidad-huracanessubterráneos,NeedforSpeedUnderground,3,304,estimada,needforspeedunderground
30635,Superchino,SuperChinese,8,304,estimada,superchinese
33928,WaterMargin (Chineseversion),WaterMargin (Chineseversion),9,303,estimada,watermargin
34196,Mulan (Chineseversion),Mulan (Chineseversion),6,303,estimada,mulan
22708,Robotdejuguete,ToyroboForce,4,298,estimada,toyroboforce
22709,Patatascalientes,HotPotato,4,298,estimada,hotpotato
22712,Criminalgorrión,MahjongKeiji,4,298,estimada,mahjongkeiji
22713,MonopolyEX,EXMonopoly,4,298,estimada,exmonopoly
22714,Todosjuntosenlacolecciónmiescarabajo,MinnanoShiikuSeries1BokunoKabutoMushi,4,298,estimada,minnanoshiikuseries1bokunokabutomushi
22716,ESPNgolffinal,ESPNFinalRoundGolf,4,298,estimada,espnfinalroundgolf
22717,CroatiadelvientosoñarconUNimperio,KlonoaEmpireofDreams,4,298,estimada,klonoaempireofdreams
22719,Naughtysaltocastillo,RugratsCastleCapers,4,298,estimada,rugratscastlecapers
22721,Boxeoferviente,BoxingFever,4,298,estimada,boxingfever
22722,Revertirel1,GyakutenSaiban,4,298,estimada,gyakutensaiban
22723,Isladelego2,LEGOIsland2TheBrickster'sRevenge,4,298,estimada,legoisland2thebrickstersrevenge
22724,Guerrerodeladiosasiya,LadySia,4,298,estimada,ladysia
22725,Niñogeniojimmy,JimmyNeutronBoyGenius,4,298,estimada,jimmyneutronboygenius
22726,"Tareasmalversadosmejor""alta",InspectorGadgetAdvanceMission,4,298,estimada,inspectorgadgetadvancemission
22727,Compañerismodefútbol4V4Lan,YuujounoVictoryGoal4v4ArashiGettheGoal,4,298,estimada,yuujounovictorygoal4v4arashigetthegoal
22728,"NFLlocoderugby,2002",MaddenNFL2002,4,298,estimada,maddennfl2002
22729,Legoracer2,LEGORacers2,4,298,estimada,legoracers2
22730,Eva) VSheather,Ecksvs.Sever,4,298,estimada,ecksvssever
22731,Batalladecisivadelapelota,PlanetoftheApes,4,298,estimada,planetoftheapes
22732,Tomyjerrymagiacampanas.,TomandJerryTheMagicRing,4,298,estimada,tomandjerrythemagicring
22733,Zenaventuralaleyenda,AventuresdeJackieChan：LesLaLegendedelaMainNoire,4,298,estimada,aventuresdejackiechanleslalegendedelamainnoire
22735,Piedrasdegranitoparaísocamaenproblemas,Flintstones：TheBigTroubleinBedrock,4,298,estimada,flintstonesthebigtroubleinbedrock
22738,Paulagrande,Guranbo,4,298,estimada,guranbo
22691,LastStriker,LastStriker,2,290,estimada,laststriker
22694,Recalhorn,Recalhorn,2,290,estimada,recalhorn
22695,Boladepiedra,StoneBall,2,290,estimada,stoneball
22696,HardYardage,HardYardage,2,290,estimada,hardyardage
22697,Pigskin621AD,Pigskin621AD,2,290,estimada,pigskin621ad
22698,MarvelVs.Capcom:ChoquedeSuperHeroes,MarvelVs.Capcom:ClashofSuperHeroes,2,290,estimada,marvelvscapcomclashofsuperheroes
22699,UltimateTennis,UltimateTennis,2,290,estimada,ultimatetennis
22700,Taladro2,Mr.Driller2,3,290,estimada,mrdriller2
22701,SuperdodgeballA,BakunetsuDodgeBallFighters,3,290,estimada,bakunetsudodgeballfighters
22702,Lagranaventuradepinobi,PinobeenoDaibouken,3,290,estimada,pinobeenodaibouken
22704,Insigniadeaventuradepinobi,PinobeeWingsofAdventure,3,290,estimada,pinobeewingsofadventure
22705,Boxeoviolento2,Ready2RumbleBoxingRound2,3,290,estimada,ready2rumbleboxinground2
22706,CochesdeltorneodelosmejorespilotosdeGTdetodojapón,TopGearGTChampionship,2,290,estimada,topgeargtchampionship
22707,Carreradecaballosdeyojoon,NarikiriJockeyGameYuushunRhapsody,3,290,estimada,narikirijockeygameyuushunrhapsody
22756,Tresmaravillas,ThreeWonders,2,290,estimada,threewonders
22759,DinoRex,DinoRex,2,290,estimada,dinorex
22763,FujiyamaBuster,FujiyamaBuster,2,290,estimada,fujiyamabuster
22767,Mihéroe,MyHero,2,290,estimada,myhero
22773,MobileSuitGundam,MobileSuitGundam,2,290,estimada,mobilesuitgundam
22774,Lairadelosdragones,RageoftheDragons,2,290,estimada,rageofthedragons
22776,Luchadoressd,SdFighters,2,290,estimada,sdfighters
22777,Blandia,Blandia,2,290,estimada,blandia
28974,CuOnPa (Japón) p.d,CuOnPa (Japan) p.d,2,286,estimada,cuonpa
36578,TrituradoraMakochan,CrusherMakochan,1,275,estimada,crushermakochan
36742,Zonadeltrueno,ThunderZone,1,275,estimada,thunderzone
36783,MarioGolfEU,MarioGolfEU,5,275,estimada,mariogolf
36788,MarioIsMissing! (E),MarioIsMissing! (E),1,275,estimada,marioismissing
36789,MarionoSuperPicross (J),MarionoSuperPicross (J),1,275,estimada,marionosuperpicross
36790,Mario'sTimeMachine (E),Mario'sTimeMachine (E),3,275,estimada,mariostimemachine
2765,NinjaFrog (Americanversion),NinjaFrog (Americanversion),28,266,estimada,ninjafrog
33997,SnowmanBrothers (JapaneseEdition),SnowmanBrothers (JapaneseEdition),35,242,estimada,snowmanbrothers
3058,Islaarcoiris,RainbowIsland,24,231,estimada,rainbowisland
299,SFⅡ:ChampionEdition,SFⅡ:ChampionEdition,3,224,estimada,sfiichampionedition
30857,EspadaDragónNinja,NinjaDragonSword,20,222,estimada,ninjadragonsword
31164,VersióneuropeadeDevilVillage,DevilVillageEuropeanVersion,18,222,estimada,devilvillage
30516,BunnyBunnyCrazyCastle4versiónestadounidense,BunnyBunnyCrazyCastle4USVersion,15,212,estimada,bunnybunnycrazycastle4
18,Elcubodemoníaco,Thedemonsquare,1,189,estimada,thedemonsquare
19,Mesadecanicasdesueño,Dreampinballtable,1,189,estimada,dreampinballtable
20,Monodeburbujas,Bubblemonkey,1,189,estimada,bubblemonkey
21,Luchainvencible,Invinciblecombat,1,189,estimada,invinciblecombat
22,Defensadelatorreta,Theturretdefense,1,189,estimada,theturretdefense
24,Nuevoavióndeguerradeformado (Japón),Newdeformablefighter (Japan),1,189,estimada,newdeformablefighter
188,CapitánGarfioversiónestadounidense4P,CaptainHookUSVersion4P,3,189,estimada,captainhook
228,Dragónvoladordetresreinosenelcielo4p,ThreeKingdomswarperiodflyingdragoninthesky4P,1,189,estimada,threekingdomswarperiodflyingdragoninthesky
229,FengwuDragonYin4pdurantelaguerradelostresreinos,ThreeKingdomsWarringPeriodphoenixdanceanddragonchant4P,1,189,estimada,threekingdomswarringperiodphoenixdanceanddragonchant
250,"PeríododeguerradelostresreinosversiónazuldelacentralChinaunificada (2020a,ver",ChroniclesofTheThreeKingdomsUnifiedZhongyuanQingEdition (20,1,189,estimada,chroniclesofthethreekingdomsunifiedzhongyuanqingedition
272,VersiónmaestradeEE.UU.4P,MasterUSVersion4P,1,189,estimada,master
273,MastersEuropeanVersion4P,MastersEuropeanVersion4P,3,189,estimada,masters
276,MastersWorldEdition1erset (revisado) 4P,MastersWorldEdition1stset (revised) 4P,1,189,estimada,mastersworldedition1stset
277,MastersWorldEdition2ndset (revisado) 4P,MastersWorldEdition2ndset (revised) 4P,1,189,estimada,mastersworldedition2ndset
296,SFⅡChampionEdition2,SFⅡChampionEdition2,1,189,estimada,sfiichampionedition2
298,SFⅡ:ChampionEditionUA,SFⅡ:ChampionEditionUA,1,189,estimada,sfiichampioneditionua
300,SFⅡ:WorldWarrior,SFⅡ:WorldWarrior,1,189,estimada,sfiiworldwarrior
390,General (910928edición),FamousGeneral (910928edition),3,189,estimada,famousgeneral
2276,Campeonatodebillar,BilliardsChampionship,18,187,estimada,billiardschampionship
33889,Forma3,Abnormity3,21,187,estimada,abnormity3
30845,VersiónestadounidensedelamisióninterestelarBuzzLightyear,BuzzLightyearInterstellarMissionUSVersion,20,184,estimada,buzzlightyearinterstellarmission
1760,Ajedrezchino,ChineseChess,31,183,estimada,chinesechess
330,Baloncestocallejero,Streetbasketball,12,179,estimada,streetbasketball
1754,Combatedesangre,BloodFighting,19,178,estimada,bloodfighting
2131,YaskiProfessionalWildball (JapaneseEdition),YaskiProfessionalWildball (JapaneseEdition),24,177,estimada,yaskiprofessionalwildball
2922,MiddleEastWar (SinicizedVersion),MiddleEastWar (SinicizedVersion),25,177,estimada,middleeastwar
3060,LeyendadelasSombras,ShadowLegend,25,177,estimada,shadowlegend
3198,Fortalezacarmesí,CrimsonFortress,25,177,estimada,crimsonfortress
11582,ElevatorWarEX,ElevatorWarEX,29,177,estimada,elevatorwarex
36722,WolfofBattlefield (revisado) 3P,WolfofBattlefield (revised) 3P,16,177,estimada,wolfofbattlefield
30572,Edicióneuropeaderugby,RugbyEuropeanEdition,9,174,estimada,rugby
11586,Hipopótamofeliz,HappyHippo,20,167,estimada,happyhippo
11593,102perroleal,102loyaldog,17,167,estimada,102loyaldog
11612,F1WorldCup2versióneuropea,F1WorldCup2EuropeanVersion,16,167,estimada,f1worldcup2
30376,BubbleDragonversióneuropea,BubbleDragonEuropeanVersion,13,164,estimada,bubbledragon
30410,GameHighlights3VersióndeEE.UU.,GameHighlights3USVersion,14,164,estimada,gamehighlights3
30430,NBAZone2000EdiciónEE.UU.,NBAZone2000USEdition,10,164,estimada,nbazone2000
30595,Chocolateloco,CrazyChocolate,12,164,estimada,crazychocolate
31187,TheUnderworld1+2versióneuropea,TheUnderworld1+2EuropeanVersion,16,163,estimada,theunderworld12
34194,OutdoorSpeedRace (Americanversion),OutdoorSpeedRace (Americanversion),13,163,estimada,outdoorspeedrace
1805,LaughingattheThreeKingdoms (Chineseversion),LaughingattheThreeKingdoms (Chineseversion),18,148,estimada,laughingatthethreekingdoms
34113,WolfandWhiteDeerGenghisKhan (JapaneseEdition),WolfandWhiteDeerGenghisKhan (JapaneseEdition),21,148,estimada,wolfandwhitedeergenghiskhan
33958,Pushingboxes (Americanversion),Pushingboxes (Americanversion),16,146,estimada,pushingboxes
1752,EdiciónPunisherInvincible,PunisherInvincibleEdition,7,143,estimada,punisherinvincibleedition
1753,Baloncestodesangre,BloodBasketball,7,143,estimada,bloodbasketball
1755,Laligadefutbol,TheFootballLeague,7,143,estimada,thefootballleague
1758,AmazingNewRecordofHotBlood,AmazingNewRecordofHotBlood,7,143,estimada,amazingnewrecordofhotblood
1762,RedShadowWarrior,RedShadowWarrior,18,143,estimada,redshadowwarrior
1764,Dragontooth,Dragontooth,19,143,estimada,dragontooth
1765,Humanweapons,Humanweapons,7,143,estimada,humanweapons
1769,MobilizationoftheDevil,MobilizationoftheDevil,18,143,estimada,mobilizationofthedevil
1770,QuickCyclone3,QuickCyclone3,7,143,estimada,quickcyclone3
1771,KickKing,KickKing,7,143,estimada,kickking
1773,Annoying,Annoying,7,143,estimada,annoying
1774,SamuraiPizzaCats,SamuraiPizzaCats,7,143,estimada,samuraipizzacats
1775,CrocodileDundee,CrocodileDundee,7,143,estimada,crocodiledundee
1776,Thestrongestbiographyintheworldoftravelingwhitebooks,Thestrongestbiographyintheworldoftravelingwhitebooks,7,143,estimada,thestrongestbiographyintheworldoftravelingwhitebooks
1778,MapleStory4,MapleStory4,7,143,estimada,maplestory4
1785,Losbuscadoresdeoro,TheGoldDiggers,7,143,estimada,thegolddiggers
1786,Niñodetresojos,ThreeEyedBoy,14,143,estimada,threeeyedboy
1787,10yardwar (Americanversion),10yardwar (Americanversion),12,143,estimada,10yardwar
1789,1999TopChess (JapaneseVersion),1999TopChess (JapaneseVersion),12,143,estimada,1999topchess
1790,ACESIronEaglefighter3 (Japaneseversion),ACESIronEaglefighter3 (Japaneseversion),12,143,estimada,acesironeaglefighter3
1791,AVSparrowClub (Japaneseedition),AVSparrowClub (Japaneseedition),12,143,estimada,avsparrowclub
1793,PlanB (Americanedition),PlanB (Americanedition),12,143,estimada,planb
1797,SDBattleBaseball (JapaneseVersion),SDBattleBaseball (JapaneseVersion),12,143,estimada,sdbattlebaseball
1798,AbedoX (Americanversion),AbedoX (Americanversion),12,143,estimada,abedox
1800,AsmijunWorld (JapaneseEdition),AsmijunWorld (JapaneseEdition),12,143,estimada,asmijunworld
1801,AlunaTreasure (JapaneseEdition),AlunaTreasure (JapaneseEdition),12,143,estimada,alunatreasure
1803,BabylonTower (Japaneseversion),BabylonTower (Japaneseversion),12,143,estimada,babylontower
1806,BeidouShenquan2 (Japaneseversion),BeidouShenquan2 (Japaneseversion),12,143,estimada,beidoushenquan2
1807,TheMustKillDaoChang (JapaneseEdition),TheMustKillDaoChang (JapaneseEdition),12,143,estimada,themustkilldaochang
1808,BatDuochivalrous (Americanversion),BatDuochivalrous (Americanversion),12,143,estimada,batduochivalrous
1809,TransformersOptimusPrimeMystery (USversion),TransformersOptimusPrimeMystery (USversion),12,143,estimada,transformersoptimusprimemystery
1810,TransformedTank (Europeanversion),TransformedTank (Europeanversion),12,143,estimada,transformedtank
1811,WangZhuanoftheMingDynasty (JapaneseEdition),WangZhuanoftheMingDynasty (JapaneseEdition),12,143,estimada,wangzhuanofthemingdynasty
1814,ToleranceofTeaandTeaPills (JapaneseEdition),ToleranceofTeaandTeaPills (JapaneseEdition),12,143,estimada,toleranceofteaandteapills
1815,SuperArtillery (USEdition),SuperArtillery (USEdition),12,143,estimada,superartillery
1816,SuperconfusedStarWarsDiary (Diary),SuperconfusedStarWarsDiary (Diary),12,143,estimada,superconfusedstarwarsdiary
1817,SuperBaby (JapaneseEdition),SuperBaby (JapaneseEdition),12,143,estimada,superbaby
1818,SuperDevilCity2 (Japaneseversion),SuperDevilCity2 (Japaneseversion),12,143,estimada,superdevilcity2
1821,SuperCrowSkydog (Japaneseversion),SuperCrowSkydog (Japaneseversion),12,143,estimada,supercrowskydog
1826,SupermanBaseball (JapaneseVersion),SupermanBaseball (JapaneseVersion),12,143,estimada,supermanbaseball
1827,SupermanDiva (Americanversion),SupermanDiva (Americanversion),12,143,estimada,supermandiva
1828,SupermanClub (JapaneseEdition),SupermanClub (JapaneseEdition),12,143,estimada,supermanclub
1829,SupermanWolfWarfareDiary (Diary),SupermanWolfWarfareDiary (Diary),12,143,estimada,supermanwolfwarfarediary
1830,BreakthroughFirenet2 (JapaneseEdition),BreakthroughFirenet2 (JapaneseEdition),12,143,estimada,breakthroughfirenet2
1835,BigNosePrimitiveMan (AmericanEdition),BigNosePrimitiveMan (AmericanEdition),12,143,estimada,bignoseprimitiveman
1836,BanditWuyouGuardGate (Japaneseedition),BanditWuyouGuardGate (Japaneseedition),12,143,estimada,banditwuyouguardgate
1837,BanditWuyouWeimen2 (Japaneseedition),BanditWuyouWeimen2 (Japaneseedition),12,143,estimada,banditwuyouweimen2
1838,BanditWuYouweiGateSpreadsTwoWorldTreasures (JapaneseEdition),BanditWuYouweiGateSpreadsTwoWorldTreasures (JapaneseEdit,12,143,estimada,banditwuyouweigatespreadstwoworldtreasures
1839,MaritimeWarfare (JapaneseVersion),MaritimeWarfare (JapaneseVersion),12,143,estimada,maritimewarfare
1840,AYuanjun (JapaneseEdition),AYuanjun (JapaneseEdition),12,143,estimada,ayuanjun
1841,AYuanjun2 (JapaneseEdition),AYuanjun2 (JapaneseEdition),12,142,estimada,ayuanjun2
1848,Undergroundcombat (Japaneseversion),Undergroundcombat (Japaneseversion),12,142,estimada,undergroundcombat
1850,UndergroundAdventure2BraveChallenges (JapaneseEdition),UndergroundAdventure2BraveChallenges (JapaneseEdition),12,142,estimada,undergroundadventure2bravechallenges
1853,FighterWorldBiography2 (JapaneseEdition),FighterWorldBiography2 (JapaneseEdition),12,142,estimada,fighterworldbiography2
1854,OneEyeDragonAuthentic (JapaneseEdition),OneEyeDragonAuthentic (JapaneseEdition),12,142,estimada,oneeyedragonauthentic
1856,MomentofImitation (JapaneseEdition),MomentofImitation (JapaneseEdition),12,142,estimada,momentofimitation
1857,FlyingDragonBoxing (Americanversion),FlyingDragonBoxing (Americanversion),12,142,estimada,flyingdragonboxing
1858,FlyingDragonBoxing2 (JapaneseEdition),FlyingDragonBoxing2 (JapaneseEdition),12,142,estimada,flyingdragonboxing2
1859,FlyingDragonBoxing3 (JapaneseEdition),FlyingDragonBoxing3 (JapaneseEdition),12,142,estimada,flyingdragonboxing3
1860,FlyingDragonBoxing4 (Americanversion),FlyingDragonBoxing4 (Americanversion),12,142,estimada,flyingdragonboxing4
1862,FlyingGodofWar (Americanversion),FlyingGodofWar (Americanversion),12,142,estimada,flyinggodofwar
1863,FelixCat (Americanedition),FelixCat (Americanedition),12,142,estimada,felixcat
1868,CrazyGrandRacing (Japaneseedition),CrazyGrandRacing (Japaneseedition),12,142,estimada,crazygrandracing
1869,FuxingBoy (JapaneseEdition),FuxingBoy (JapaneseEdition),12,142,estimada,fuxingboy
1870,AxeKing (Americanversion),AxeKing (Americanversion),14,142,estimada,axeking
1871,TakahashiCelebrity'sAdventureIsland (USversion),TakahashiCelebrity'sAdventureIsland (USversion),12,142,estimada,takahashicelebritysadventureisland
1872,TakahashiCelebrity'sAdventureIsland2 (Americanversion),TakahashiCelebrity'sAdventureIsland2 (Americanversion),12,142,estimada,takahashicelebritysadventureisland2
1873,TakahashiCelebrity'sAdventureIsland3 (Americanversion),TakahashiCelebrity'sAdventureIsland3 (Americanversion),12,142,estimada,takahashicelebritysadventureisland3
1875,BiographyofColumbus (Japaneseedition),BiographyofColumbus (Japaneseedition),12,142,estimada,biographyofcolumbus
1881,AlloyEquipment (AmericanEdition),AlloyEquipment (AmericanEdition),12,142,estimada,alloyequipment
1882,AlloyEquipment2 (USEdition),AlloyEquipment2 (USEdition),12,142,estimada,alloyequipment2
1885,Tiger'scourageandingenuity (Americanversion),Tiger'scourageandingenuity (Americanversion),12,142,estimada,tigerscourageandingenuity
1890,FantasySpaceII (JapaneseEdition),FantasySpaceII (JapaneseEdition),12,142,estimada,fantasyspaceii
1891,WildernessBodyguard (Japaneseedition),WildernessBodyguard (Japaneseedition),12,142,estimada,wildernessbodyguard
1892,TheBattleofHuangdiZhuolu,TheBattleofHuangdiZhuolu,12,142,estimada,thebattleofhuangdizhuolu
1894,BacktotheFuture2&3 (USEdition),BacktotheFuture2&3 (USEdition),12,142,estimada,backtothefuture23
1895,SuperTruckofRocketCar (EnglishVersion),SuperTruckofRocketCar (EnglishVersion),12,142,estimada,supertruckofrocketcar
1896,ArtilleryDEC (JapaneseEdition),ArtilleryDEC (JapaneseEdition),12,142,estimada,artillerydec
1898,FirebirdPhoenix (JapaneseEdition),FirebirdPhoenix (JapaneseEdition),12,142,estimada,firebirdphoenix
1899,MobileWarriorsUptoZ (USEdition),MobileWarriorsUptoZ (USEdition),12,142,estimada,mobilewarriorsuptoz
1902,BiographyoftheRiftofHeaveninBlueMoonEditionofRobotWar (ChineseEdition),BiographyoftheRiftofHeaveninBlueMoonEditionofRobotWar (Chi,12,142,estimada,biographyoftheriftofheaveninbluemooneditionofrobotwar
1903,RobotDevil (Americanversion),RobotDevil (Americanversion),12,142,estimada,robotdevil
1905,MechanicalWarfarePolice (JapaneseEdition),MechanicalWarfarePolice (JapaneseEdition),12,142,estimada,mechanicalwarfarepolice
1906,MechanicalWarfarePolice2 (USEdition),MechanicalWarfarePolice2 (USEdition),12,142,estimada,mechanicalwarfarepolice2
1907,MechanicalWarfarePolice3 (USversion),MechanicalWarfarePolice3 (USversion),12,142,estimada,mechanicalwarfarepolice3
1908,MechanizedCombatPolicevs.DevilTerminator (US),MechanizedCombatPolicevs.DevilTerminator (US),12,142,estimada,mechanizedcombatpolicevsdevilterminator
1910,FightingTECMOBaseball (JapaneseVersion),FightingTECMOBaseball (JapaneseVersion),12,142,estimada,fightingtecmobaseball
1911,LegendofFightingSoul (JapaneseEdition),LegendofFightingSoul (JapaneseEdition),12,142,estimada,legendoffightingsoul
1913,Fighting4x4 (Japaneseversion),Fighting4x4 (Japaneseversion),12,142,estimada,fighting4x4
1914,TheBiographyofNinja (JapaneseEdition),TheBiographyofNinja (JapaneseEdition),12,142,estimada,thebiographyofninja
1915,Familybox (Japaneseversion),Familybox (Japaneseversion),12,142,estimada,familybox
1917,Familyracingcar (Japaneseversion),Familyracingcar (Japaneseversion),12,142,estimada,familyracingcar
1918,FamilyGameSensoryTrackandFieldCompetition (JapaneseEdition),FamilyGameSensoryTrackandFieldCompetition (JapaneseEdition),12,142,estimada,familygamesensorytrackandfieldcompetition
1919,FamilyGameAssaultWindandCloudCityII (JapaneseEdition),FamilyGameAssaultWindandCloudCityII (JapaneseEdition),12,142,estimada,familygameassaultwindandcloudcityii
1920,Familygamesrhythmicgymnasticstraining (Japaneseversion),Familygamesrhythmicgymnasticstraining (Japaneseversion),12,142,estimada,familygamesrhythmicgymnasticstraining
1922,TheLegendoftheOracle (JapaneseEdition),TheLegendoftheOracle (JapaneseEdition),12,142,estimada,thelegendoftheoracle
1923,FakeSupermanClub (JapaneseEdition),FakeSupermanClub (JapaneseEdition),12,142,estimada,fakesupermanclub
1925,FakeNinjaHuawan (JapaneseEdition),FakeNinjaHuawan (JapaneseEdition),12,142,estimada,fakeninjahuawan
1926,StreetPolice (JapaneseEdition),StreetPolice (JapaneseEdition),12,142,estimada,streetpolice
1927,Metalarmor (Americanversion),Metalarmor (Americanversion),12,142,estimada,metalarmor
1929,AStudyofthe'88'ofGreatBaseball (JapaneseVersion),AStudyofthe'88'ofGreatBaseball (JapaneseVersion),12,142,estimada,astudyofthe88ofgreatbaseball
1930,Thefirstyeareditionofpolebaseball (Japaneseedition),Thefirstyeareditionofpolebaseball (Japaneseedition),12,142,estimada,thefirstyeareditionofpolebaseball
1942,TheDateofThunder (Europeanedition),TheDateofThunder (Europeanedition),7,142,estimada,thedateofthunder
1944,TheSwordof634 (JapaneseEdition),TheSwordof634 (JapaneseEdition),12,142,estimada,theswordof634
1946,NinjaDragonEdition (EuropeanEdition),NinjaDragonEdition (EuropeanEdition),12,142,estimada,ninjadragonedition
1947,TheMysteryofDragonPearlandDragon (JapaneseEdition),TheMysteryofDragonPearlandDragon (JapaneseEdition),12,142,estimada,themysteryofdragonpearlanddragon
1948,LongzhuZElectroopticalFlintstone (SinicizedEdition),LongzhuZElectroopticalFlintstone (SinicizedEdition),12,142,estimada,longzhuzelectroopticalflintstone
1950,LegacyofPandoraLubangIII (Japaneseedition),LegacyofPandoraLubangIII (Japaneseedition),12,142,estimada,legacyofpandoralubangiii
1952,RockInvincibleEdition (AmericanEdition),RockInvincibleEdition (AmericanEdition),14,142,estimada,rockinvincibleedition
1953,"TheMysteryofDr.Willie,Rockman2 (AmericanEdition)","TheMysteryofDr.Willie,Rockman2 (AmericanEdition)",12,142,estimada,themysteryofdrwillierockman2
1954,Lockheed2grayzone,Lockheed2grayzone,12,142,estimada,lockheed2grayzone
1956,Lockheed3microgramsrevengeHACK (Americanversion),Lockheed3microgramsrevengeHACK (Americanversion),12,142,estimada,lockheed3microgramsrevengehack
1957,"TheDeathDateofDr.Willie,Lockheed3 (AmericanEdition)","TheDeathDateofDr.Willie,Lockheed3 (AmericanEdition)",12,142,estimada,thedeathdateofdrwillielockheed3
1958,Lockheed4Revision2014 (US),Lockheed4Revision2014 (US),12,142,estimada,lockheed4revision2014
1959,Lockheed5Bruce'sTrap (SinicizedVersion),Lockheed5Bruce'sTrap (SinicizedVersion),12,142,estimada,lockheed5brucestrap
1960,TheLargestBattleinRock6History (USEdition),TheLargestBattleinRock6History (USEdition),12,142,estimada,thelargestbattleinrock6history
1963,SparrowClubYongtianDing (JapaneseEdition),SparrowClubYongtianDing (JapaneseEdition),12,142,estimada,sparrowclubyongtianding
1964,SparrowWorld (AsianEdition),SparrowWorld (AsianEdition),12,142,estimada,sparrowworld
1965,CircusAdventure (Americanedition),CircusAdventure (Americanedition),12,142,estimada,circusadventure
1966,McDonald'sWorld (JapaneseEdition),McDonald'sWorld (JapaneseEdition),12,142,estimada,mcdonaldsworld
1967,McDonald'skid (Americanversion),McDonald'skid (Americanversion),12,142,estimada,mcdonaldskid
1968,U.S.presidentialelection (Japaneseversion),U.S.presidentialelection (Japaneseversion),12,142,estimada,uspresidentialelection
1969,MonsterStreet (Americanversion),MonsterStreet (Americanversion),12,142,estimada,monsterstreet
1973,MazeSuite (JapaneseVersion),MazeSuite (JapaneseVersion),12,142,estimada,mazesuite
1975,Famousgate!DorgussiRespondingMissionHardSixPeople (JapaneseEdition),Famousgate!DorgussiRespondingMissionHardSixPeople (Japanes,12,142,estimada,famousgatedorgussirespondingmissionhardsixpeople
1976,BiographyofStarEightDogs (JapaneseEdition),BiographyofStarEightDogs (JapaneseEdition),12,142,estimada,biographyofstareightdogs
1978,ModernPrimitiveMan2 (Americanedition),ModernPrimitiveMan2 (Americanedition),12,142,estimada,modernprimitiveman2
1979,MotorcycleCrossCountryRace (JapaneseEdition),MotorcycleCrossCountryRace (JapaneseEdition),12,142,estimada,motorcyclecrosscountryrace
1980,MagicGems (AsianEdition),MagicGems (AsianEdition),12,142,estimada,magicgems
1986,MagicIronMan (Japaneseversion),MagicIronMan (Japaneseversion),12,142,estimada,magicironman
1987,MagicPony (Japaneseversion),MagicPony (Japaneseversion),12,142,estimada,magicpony
1990,MagicCandleWarfareDiary (DiaryEdition),MagicCandleWarfareDiary (DiaryEdition),12,142,estimada,magiccandlewarfarediary
1993,TheStoryofBirds (JapaneseEdition),TheStoryofBirds (JapaneseEdition),12,142,estimada,thestoryofbirds
1995,NewYorkOperations (Europeanedition),NewYorkOperations (Europeanedition),12,142,estimada,newyorkoperations
1998,SuperwomanLaila (Japaneseedition),SuperwomanLaila (Japaneseedition),12,142,estimada,superwomanlaila
1999,Pank (Japaneseedition),Pank (Japaneseedition),12,142,estimada,pank
2002,FloatingGunners (JapaneseEdition),FloatingGunners (JapaneseEdition),12,142,estimada,floatinggunners
2004,PingchengGeniusSchool (JapaneseEdition),PingchengGeniusSchool (JapaneseEdition),12,142,estimada,pingchenggeniusschool
2005,SevenTreasures:TheSecondGenerationTheLastChallenge (JapaneseEdition),SevenTreasures:TheSecondGenerationTheLastChallenge (Japanes,12,142,estimada,seventreasuresthesecondgenerationthelastchallenge
2006,FantasyWarriors (JapaneseEdition),FantasyWarriors (JapaneseEdition),12,142,estimada,fantasywarriors
2008,ThousandGenerationsFujiGinkgoSumo (JapaneseEdition),ThousandGenerationsFujiGinkgoSumo (JapaneseEdition),12,142,estimada,thousandgenerationsfujiginkgosumo
2010,NationalProfessionalBasketball (Americanversion),NationalProfessionalBasketball (Americanversion),12,142,estimada,nationalprofessionalbasketball
2011,SparrowHowe (JapaneseEdition),SparrowHowe (JapaneseEdition),12,142,estimada,sparrowhowe
2016,NinjaTeaPillsGalaxyCampaign (JapaneseEdition),NinjaTeaPillsGalaxyCampaign (JapaneseEdition),12,142,estimada,ninjateapillsgalaxycampaign
2019,NinjaSwordHeroes (JapaneseEdition),NinjaSwordHeroes (JapaneseEdition),12,142,estimada,ninjaswordheroes
2021,NinjaDragonSwordBiography2 (AmericanEdition),NinjaDragonSwordBiography2 (AmericanEdition),12,142,estimada,ninjadragonswordbiography2
2022,NinjaDragonSword3InvincibleEdition (JapaneseEdition),NinjaDragonSword3InvincibleEdition (JapaneseEdition),14,142,estimada,ninjadragonsword3invincibleedition
2023,NinjaDragon'sTeeth (Americanversion),NinjaDragon'sTeeth (Americanversion),12,142,estimada,ninjadragonsteeth
2024,NinjaTurtleLimitlessLife (Americanversion),NinjaTurtleLimitlessLife (Americanversion),12,142,estimada,ninjaturtlelimitlesslife
2025,NinjaTurtle (Japaneseversion),NinjaTurtle (Japaneseversion),12,142,estimada,ninjaturtle
2026,NinjaTurtle3 (Americanversion),NinjaTurtle3 (Americanversion),12,142,estimada,ninjaturtle3
2028,NinjaFrogandDoubleChelonTheUltimateTeam (USEdition),NinjaFrogandDoubleChelonTheUltimateTeam (USEdition),12,142,estimada,ninjafroganddoublechelontheultimateteam
2039,TheRedCliffoftheThreeKingdoms,TheRedCliffoftheThreeKingdoms,12,142,estimada,theredcliffofthethreekingdoms
2043,ThreeMilitaryOperations (JapaneseVersion),ThreeMilitaryOperations (JapaneseVersion),12,142,estimada,threemilitaryoperations
2044,TrinocularBoyEnhancedEdition (AmericanEdition),TrinocularBoyEnhancedEdition (AmericanEdition),12,142,estimada,trinocularboyenhancededition
2046,Shanado (Americanedition),Shanado (Americanedition),12,142,estimada,shanado
2048,ShanghaiGodfather (Americanversion),ShanghaiGodfather (Americanversion),12,142,estimada,shanghaigodfather
2049,ThePhantomTrainofKonanChichuanJiro (Japaneseversion),ThePhantomTrainofKonanChichuanJiro (Japaneseversion),12,142,estimada,thephantomtrainofkonanchichuanjiro
2055,TheInfiniteBloodEditionoftheGreatAdventureoftheBible (AmericanEdition),TheInfiniteBloodEditionoftheGreatAdventureoftheBible (America,12,142,estimada,theinfinitebloodeditionofthegreatadventureofthebible
2059,TravellersofTimeandSpace (JapaneseEdition),TravellersofTimeandSpace (JapaneseEdition),12,142,estimada,travellersoftimeandspace
2060,YongzhuanofTimeandSpace (JapaneseEdition),YongzhuanofTimeandSpace (JapaneseEdition),12,142,estimada,yongzhuanoftimeandspace
2061,TheStrongestQuestionandAnswerKingdecidedtofight (Japaneseversion),TheStrongestQuestionandAnswerKingdecidedtofight (Japaneseve,12,142,estimada,thestrongestquestionandanswerkingdecidedtofight
2062,TheStrongestQuestionandAnswerKingdecidedtofight2 (Japaneseedition),TheStrongestQuestionandAnswerKingdecidedtofight2 (Japanesee,12,142,estimada,thestrongestquestionandanswerkingdecidedtofight2
2063,WorldDream2 (JapaneseEdition),WorldDream2 (JapaneseEdition),12,142,estimada,worlddream2
2064,TheDiaryoftheKingofBeasts (DiaryEdition),TheDiaryoftheKingofBeasts (DiaryEdition),12,142,estimada,thediaryofthekingofbeasts
2067,Shuangjielong4 (Americanversion),Shuangjielong4 (Americanversion),12,142,estimada,shuangjielong4
2069,WaterMarginSwearofHeaven'sDestiny (JapaneseEdition),WaterMarginSwearofHeaven'sDestiny (JapaneseEdition),12,142,estimada,watermarginswearofheavensdestiny
2072,NewsboyDelivery (AmericanEdition),NewsboyDelivery (AmericanEdition),12,142,estimada,newsboydelivery
2075,SpaceWarriorI&II (JapaneseEdition),SpaceWarriorI&II (JapaneseEdition),12,142,estimada,spacewarrioriii
2088,BrainWarships (JapaneseEdition),BrainWarships (JapaneseEdition),12,142,estimada,brainwarships
2091,BabyRabbitAdventure6 (USversion),BabyRabbitAdventure6 (USversion),12,142,estimada,babyrabbitadventure6
2092,AdventuresofBabyRabbit (AmericanEdition),AdventuresofBabyRabbit (AmericanEdition),12,142,estimada,adventuresofbabyrabbit
2098,NaughtyDog (JapaneseEdition),NaughtyDog (JapaneseEdition),12,142,estimada,naughtydog
2103,TennisMatch (Europeanedition),TennisMatch (Europeanedition),12,142,estimada,tennismatch
2104,TheLegendofWillough (AmericanEdition),TheLegendofWillough (AmericanEdition),12,142,estimada,thelegendofwillough
2105,OzakiGolfProfessionalEdition (JapaneseEdition),OzakiGolfProfessionalEdition (JapaneseEdition),12,142,estimada,ozakigolfprofessionaledition
2106,MythoftheFuture (JapaneseVersion),MythoftheFuture (JapaneseVersion),12,142,estimada,mythofthefuture
2107,WizardandWarrior2IronSword (USversion),WizardandWarrior2IronSword (USversion),12,142,estimada,wizardandwarrior2ironsword
2108,Whoop!WildballLifeLine (JapaneseEdition),Whoop!WildballLifeLine (JapaneseEdition),12,142,estimada,whoopwildballlifeline
2109,TheAdventureofMusashi (JapaneseEdition),TheAdventureofMusashi (JapaneseEdition),12,142,estimada,theadventureofmusashi
2112,Prince'sResurrectionDiary (DiaryEdition),Prince'sResurrectionDiary (DiaryEdition),12,142,estimada,princesresurrectiondiary
2116,BananaPrince'sGreatAdventure (USEdition),BananaPrince'sGreatAdventure (USEdition),12,142,estimada,bananaprincesgreatadventure
2118,Xiaotaishan (Americanversion),Xiaotaishan (Americanversion),12,142,estimada,xiaotaishan
2120,TheAbductionofCountSherlockHolmes (Japaneseedition),TheAbductionofCountSherlockHolmes (Japaneseedition),12,142,estimada,theabductionofcountsherlockholmes
2121,NewFormula1racingcar (Europeanversion),NewFormula1racingcar (Europeanversion),12,142,estimada,newformula1racingcar
2122,NewUndergroundExploration (JapaneseEdition),NewUndergroundExploration (JapaneseEdition),12,142,estimada,newundergroundexploration
2123,SeeBiographyofEightDogsinXinli (JapaneseEdition),SeeBiographyofEightDogsinXinli (JapaneseEdition),12,142,estimada,seebiographyofeightdogsinxinli
2127,ThreeSistersinCriminalProcedure (JapaneseEdition),ThreeSistersinCriminalProcedure (JapaneseEdition),12,142,estimada,threesistersincriminalprocedure
2132,YaskiProfessionalWildball2 (JapaneseEdition),YaskiProfessionalWildball2 (JapaneseEdition),12,142,estimada,yaskiprofessionalwildball2
2133,YaskiProfessionalWildball90 (JapaneseEdition),YaskiProfessionalWildball90 (JapaneseEdition),12,142,estimada,yaskiprofessionalwildball90
2135,AtlantisMystery (JapaneseEdition),AtlantisMystery (JapaneseEdition),12,142,estimada,atlantismystery
2136,Yanshan90Tank (JapaneseVersion),Yanshan90Tank (JapaneseVersion),12,142,estimada,yanshan90tank
2137,CobraCommander (Japaneseedition),CobraCommander (Japaneseedition),12,142,estimada,cobracommander
2142,YiliConcert (JapaneseEdition),YiliConcert (JapaneseEdition),12,142,estimada,yiliconcert
2143,ThePrefaceoftheLostIsuAncientKingdom (JapaneseEdition),ThePrefaceoftheLostIsuAncientKingdom (JapaneseEdition),12,142,estimada,theprefaceofthelostisuancientkingdom
2144,TheFinalChapteroftheLostIsuAncientKingdom (JapaneseEdition),TheFinalChapteroftheLostIsuAncientKingdom (JapaneseEdition),6,142,estimada,thefinalchapterofthelostisuancientkingdom
2145,TulongDiarybyHeaven (DiaryEdition),TulongDiarybyHeaven (DiaryEdition),12,142,estimada,tulongdiarybyheaven
2146,TortoisePayingGrace (JapaneseEdition),TortoisePayingGrace (JapaneseEdition),12,142,estimada,tortoisepayinggrace
2149,TraveltoIndia (Japaneseversion),TraveltoIndia (Japaneseversion),12,142,estimada,traveltoindia
2156,PhantomSchool (Americanversion),PhantomSchool (Americanversion),12,142,estimada,phantomschool
2158,TouristGarden (JapaneseEdition),TouristGarden (JapaneseEdition),12,142,estimada,touristgarden
2159,UniverseShooting (JapaneseEdition),UniverseShooting (JapaneseEdition),12,142,estimada,universeshooting
2161,YuanpingDiscussestheBiographyofDemons (JapaneseEdition),YuanpingDiscussestheBiographyofDemons (JapaneseEdition),12,142,estimada,yuanpingdiscussesthebiographyofdemons
2162,Stayawayfromtherulers (Americanversion),Stayawayfromtherulers (Americanversion),12,142,estimada,stayawayfromtherulers
2165,MoonlightGems (JapaneseVersion),MoonlightGems (JapaneseVersion),12,142,estimada,moonlightgems
2170,KingofBombs (Japaneseversion),KingofBombs (Japaneseversion),12,142,estimada,kingofbombs
2171,CombatShip (Europeanversion),CombatShip (Europeanversion),12,142,estimada,combatship
2178,PrincessZhucai (JapaneseEdition),PrincessZhucai (JapaneseEdition),12,142,estimada,princesszhucai
2179,Selfcentered2Mahjong (Japaneseversion),Selfcentered2Mahjong (Japaneseversion),12,142,estimada,selfcentered2mahjong
2180,SelfcenteredGenerationSparrowGame (JapaneseEdition),SelfcenteredGenerationSparrowGame (JapaneseEdition),12,142,estimada,selfcenteredgenerationsparrowgame
2181,CombinationDiamond (Americanversion),CombinationDiamond (Americanversion),12,142,estimada,combinationdiamond
2183,PopeyeSpinachRunning (EuropeanEdition),PopeyeSpinachRunning (EuropeanEdition),12,142,estimada,popeyespinachrunning
2184,BigeyeFrogBigAdventureII (JapaneseEdition),BigeyeFrogBigAdventureII (JapaneseEdition),12,142,estimada,bigeyefrogbigadventureii
2185,StrangeNose (Americanversion),StrangeNose (Americanversion),12,142,estimada,strangenose
2186,TheStoryofShellfishandAnimals (JapaneseVersion),TheStoryofShellfishandAnimals (JapaneseVersion),12,142,estimada,thestoryofshellfishandanimals
2187,BeidouBoxing (Americanversion),BeidouBoxing (Americanversion),12,142,estimada,beidouboxing
2188,BeidouShenquan4 (Japaneseversion),BeidouShenquan4 (Japaneseversion),12,142,estimada,beidoushenquan4
2189,BeidouShenquan3 (Japaneseversion),BeidouShenquan3 (Japaneseversion),12,142,estimada,beidoushenquan3
2190,ProtectBaby,ProtectBaby,12,142,estimada,protectbaby
2191,WorldHeritageoftheHundred (Japaneseedition),WorldHeritageoftheHundred (Japaneseedition),12,142,estimada,worldheritageofthehundred
2193,OlympicGames2 (Americanedition),OlympicGames2 (Americanedition),12,142,estimada,olympicgames2
2195,AngelofLove (Americanversion),AngelofLove (Americanversion),12,142,estimada,angeloflove
2196,WCWWorldWrestlingCompetition (USEdition),WCWWorldWrestlingCompetition (USEdition),12,142,estimada,wcwworldwrestlingcompetition
2197,SDashighas4 (Japaneseversion),SDashighas4 (Japaneseversion),12,142,estimada,sdashighas4
2198,SDashighas2 (Japaneseversion),SDashighas2 (Japaneseversion),12,142,estimada,sdashighas2
2199,007EdiciónFortalecimientoInvencible,007StrengthenInvincibleEdition,14,142,estimada,007strengtheninvincibleedition
2200,BabyBunnyInvincibleEdition,BunnyInvincibleEdition,14,142,estimada,bunnyinvincibleedition
2202,BattleofTanksInvincibleEdition,BattleofTanksInvincibleEdition,14,142,estimada,battleoftanksinvincibleedition
2205,Comandoderescateespecialversióninvencible,Specialrescuecommandinvincibleversion,28,142,estimada,specialrescuecommandinvincibleversion
2206,WingManUnlimitedLifeEdition,WingManUnlimitedLifeEdition,12,142,estimada,wingmanunlimitedlifeedition
2207,WildernessBigProstituteBulletEdiciónilimitada,WildernessBigProstituteBulletUnlimitedEdition,12,142,estimada,wildernessbigprostitutebulletunlimitededition
2208,RedShadowWarriorSelectkeyplusversióndesangre,RedShadowWarriorSelectkeyplusbloodversion,12,142,estimada,redshadowwarriorselectkeyplusbloodversion
2210,EdiciónBingbee1UnlimitedLife,Bingbee1UnlimitedLifeEdition,12,142,estimada,bingbee1unlimitedlifeedition
2211,EdiciónBingbee2UnlimitedLife,Bingbee2UnlimitedLifeEdition,12,142,estimada,bingbee2unlimitedlifeedition
2212,JiadiGaidenUnlimitedLifeEdition,JiadiGaidenUnlimitedLifeEdition,12,142,estimada,jiadigaidenunlimitedlifeedition
2213,1943EdiciónSuperInvencible,1943SuperInvincibleEdition,14,142,estimada,1943superinvincibleedition
2215,PlanBinvencible,PlanBinvincible,14,142,estimada,planbinvincible
2216,Versióninvencible,Invincibleversion,14,142,estimada,invincibleversion
2217,Cardiffcieloeinfierno,CardiffHeavenandHell,12,142,estimada,cardiffheavenandhell
2219,MadreSuperEdición,MotherSuperEdition,12,142,estimada,mothersuperedition
2220,EdiciónQSandSnakeInvincibleEdition,QEditionSandSnakeInvincibleEdition,14,142,estimada,qeditionsandsnakeinvincibleedition
2221,EdiciónQEnergyWarriorInvincibleEdition,QEditionEnergyWarriorInvincibleEdition,14,142,estimada,qeditionenergywarriorinvincibleedition
2222,1945númeroilimitado,1945unlimitednumber,12,142,estimada,1945unlimitednumber
2223,"Bombade1945,númeroilimitado","1945bomb,unlimitednumber",12,142,estimada,1945bombunlimitednumber
2224,Guerraz,Zwar,12,142,estimada,zwar
2225,SevenTreasures2Modoinvencible,SevenTreasures2InvincibleMode,14,142,estimada,seventreasures2invinciblemode
2226,SevenTreasures2UnlimitedLife,SevenTreasures2UnlimitedLife,12,142,estimada,seventreasures2unlimitedlife
2227,QibaoQimouInvincibleEdition,QibaoQimouInvincibleEdition,14,142,estimada,qibaoqimouinvincibleedition
2228,Laversióninvencibledelostrescerditosnoestámuerta,Threelittlepigsinvincibleversionisnotdead,14,142,estimada,threelittlepigsinvincibleversionisnotdead
2229,ThreeLittlePigsInvincibleEditionPersonasilimitadas,ThreeLittlePigsInvincibleEditionUnlimitedPeople,14,142,estimada,threelittlepigsinvincibleeditionunlimitedpeople
2230,ThreeEyesBoyUnlimitedLifeCompleteWeapons,ThreeEyesBoyUnlimitedLifeCompleteWeapons,12,142,estimada,threeeyesboyunlimitedlifecompleteweapons
2231,Mayornúmerodebalasdeniñodetresojos,Increasednumberofthreeeyeboybullets,12,142,estimada,increasednumberofthreeeyeboybullets
2232,Niñodetresojosinvencible,ThreeEyesBoyInvincible,14,142,estimada,threeeyesboyinvincible
2233,Ordensecretadelcapitán (CapitánAmérica) Sangreilimitada,Captain'sSecretOrder (CaptainAmerica) UnlimitedBlood,12,142,estimada,captainssecretorderunlimitedblood
2234,FudoMyojinInvincibleEdition,FudoMyojinInvincibleEdition,14,142,estimada,fudomyojininvincibleedition
2235,FudoMingwangSuperEdition,FudoMingwangSuperEdition,12,142,estimada,fudomingwangsuperedition
2236,CruzadosNinjaInmortales (U),ImmortalNinjaCrusaders (U),12,142,estimada,immortalninjacrusaders
2238,EdiciónDongfengInvincible,DongfengInvincibleEdition,14,142,estimada,dongfenginvincibleedition
2240,EdicióndevidailimitadadelaguerradeOrienteMedio,MiddleEastWarUnlimitedLifeEdition,12,142,estimada,middleeastwarunlimitedlifeedition
2242,Versióninvencibledearmahumana,HumanWeaponInvincibleVersion,14,142,estimada,humanweaponinvincibleversion
2243,Ys1SuperEdición,Ys1SuperEdition,12,142,estimada,ys1superedition
2244,Ys2SuperEdición,Ys2SuperEdition,12,142,estimada,ys2superedition
2246,EdiciónInvencibleFlorNinjaEnmascarada,MaskedNinjaFlowerInvincibleEdition,14,142,estimada,maskedninjaflowerinvincibleedition
2247,NinjaenmascaradoHanamaru,MaskedNinjaHanamaru,12,142,estimada,maskedninjahanamaru
2248,BunnyAdventureInvincibleEdition,BunnyAdventureInvincibleEdition,14,142,estimada,bunnyadventureinvincibleedition
2249,Tiempoilimitadodecarrerasencarretera,Unlimitedroadracingtime,12,142,estimada,unlimitedroadracingtime
2250,SoldierBeeIIIVidailimitada,SoldierBeeIIIUnlimitedLife,12,142,estimada,soldierbeeiiiunlimitedlife
2251,SoldierBeeIIVidailimitada,SoldierBeeIIUnlimitedLife,12,142,estimada,soldierbeeiiunlimitedlife
2252,SoldadoAbejaVidaIlimitada,SoldierBeeUnlimitedLife,12,142,estimada,soldierbeeunlimitedlife
2253,BeastmasterInvincibleEdition,BeastmasterInvincibleEdition,14,142,estimada,beastmasterinvincibleedition
2256,MapleStory2Invencible,MapleStory2Invincible,14,142,estimada,maplestory2invincible
2263,EdiciónKingofSwordInvincible,KingofSwordInvincibleEdition,14,142,estimada,kingofswordinvincibleedition
2264,EdiciónInvencibledelluchadordeGhana,GhanaFighterInvincibleEdition,14,142,estimada,ghanafighterinvincibleedition
2266,Guerrerosinvencibles,WarriorsInvincibleEdition,14,142,estimada,warriorsinvincibleedition
2268,PuñodelaNorthStar2InvincibleEdition,FistoftheNorthStar2InvincibleEdition,14,142,estimada,fistofthenorthstar2invincibleedition
2269,Vidaprimitivainfinita,PrimitiveInfiniteLife,12,142,estimada,primitiveinfinitelife
2271,Dobleáguilainvencible,DoubleEagleInvincible,14,142,estimada,doubleeagleinvincible
2272,Lossoldadoscubanosmuerensinparpadear,Cubansoldiersdiewithoutflicker,12,142,estimada,cubansoldiersdiewithoutflicker
2273,Númeroilimitadoderevolucionarioscubanos,UnlimitednumberofCubanrevolutionaries,12,142,estimada,unlimitednumberofcubanrevolutionaries
2274,Doraemontienevidailimitada,Doraemonhasunlimitedlife,12,142,estimada,doraemonhasunlimitedlife
2275,Tirosilimitadosdebillar,Billiardsunlimitedshots,12,142,estimada,billiardsunlimitedshots
2279,DonaldDuck2InvincibleEdition,DonaldDuck2InvincibleEdition,14,142,estimada,donaldduck2invincibleedition
2280,AventuradeensueñodelpatoDonald,DonaldDuckDreamAdventure,12,142,estimada,donaldduckdreamadventure
2281,LuchadordelImperioInmortal,ImmortalEmpireFighter,12,142,estimada,immortalempirefighter
2282,JiadiGaideninvencible,JiadiGaidenInvincible,14,142,estimada,jiadigaideninvincible
2283,EdiciónmejoradadeSaintSeiya,SaintSeiyaEnhancedEdition,12,142,estimada,saintseiyaenhancededition
2284,HolyBellLegendInvincibleEdition,HolyBellLegendInvincibleEdition,14,142,estimada,holybelllegendinvincibleedition
2285,EdiciónSanMagoInvencible,SaintMagicianInvincibleEdition,14,142,estimada,saintmagicianinvincibleedition
2286,HellBlissMaruInvincibleVersion,HellBlissMaruInvincibleVersion,14,142,estimada,hellblissmaruinvincibleversion
2287,EdiciónSupermanEarthInvincible,SupermanEarthInvincibleEdition,14,142,estimada,supermanearthinvincibleedition
2288,Chicotanque,Tankboy,12,142,estimada,tankboy
2290,AlienWarriorsCualquierversióndesustitución,AlienWarriorsAnySubstitutionVersion,12,142,estimada,alienwarriorsanysubstitutionversion
2291,EdiciónPopeyeInvincible,PopeyeInvincibleEdition,14,142,estimada,popeyeinvincibleedition
2292,EdiciónBigTankInvincible,BigTankInvincibleEdition,14,142,estimada,bigtankinvincibleedition
2293,Chefgenio,Geniuschef,12,142,estimada,geniuschef
2294,Geniochefmodificado,ModifiedChefGenius,12,142,estimada,modifiedchefgenius
2295,Superedicióndelareencarnacióndeladiosa,GoddessReincarnationSuperEdition,12,142,estimada,goddessreincarnationsuperedition
2296,SpaceCruiser1InvincibleEdition1,SpaceCruiser1InvincibleEdition1,14,142,estimada,spacecruiser1invincibleedition1
2297,SpaceCruiser1InvincibleEdition2,SpaceCruiser1InvincibleEdition2,14,142,estimada,spacecruiser1invincibleedition2
2298,SpaceCruiser2InvincibleEdition,SpaceCruiser2InvincibleEdition,14,142,estimada,spacecruiser2invincibleedition
2299,SpaceCruiser2InvincibleEdition2,SpaceCruiser2InvincibleEdition2,14,142,estimada,spacecruiser2invincibleedition2
2300,EdiciónmejoradadeSpaceCruiser2,SpaceCruiser2EnhancedEdition,12,142,estimada,spacecruiser2enhancededition
2302,Bunny2InvincibleEdition,Bunny2InvincibleEdition,14,142,estimada,bunny2invincibleedition
2303,FengshenBangVersióninvencible,FengshenBangInvincibleVersion,14,142,estimada,fengshenbanginvincibleversion
2304,FengshenBangVersióndepistoladellamadoble,FengshenBangDoubleFlameGunVersion,12,142,estimada,fengshenbangdoubleflamegunversion
2306,LittleWitchPippiUnlimitedBlood,LittleWitchPippiUnlimitedBlood,12,142,estimada,littlewitchpippiunlimitedblood
2307,Workers'War1InvincibleEdition,Workers'War1InvincibleEdition,14,142,estimada,workerswar1invincibleedition
2308,Workers'War2InvincibleEdition,Workers'War2InvincibleEdition,14,142,estimada,workerswar2invincibleedition
2309,EmpireFighterHACK,EmpireFighterHACK,12,142,estimada,empirefighterhack
2310,AlienResurrectionInvincibleEdition,AlienResurrectionInvincibleEdition,14,142,estimada,alienresurrectioninvincibleedition
2311,EdiciónespecialdeRainbowIslandInvincible,RainbowIslandInvincibleSpecialEdition,14,142,estimada,rainbowislandinvinciblespecialedition
2313,Gatoninja,NinjaCat,12,142,estimada,ninjacat
2316,NinjaDragonSword1InvincibleEdition,NinjaDragonSword1InvincibleEdition,14,142,estimada,ninjadragonsword1invincibleedition
2317,EdiciónmejoradadeNinjaDragonSword1Generation,NinjaDragonSword1GenerationEnhancedEdition,12,142,estimada,ninjadragonsword1generationenhancededition
2318,NinjaDragonSword2InvincibleEdition,NinjaDragonSword2InvincibleEdition,14,142,estimada,ninjadragonsword2invincibleedition
2319,EdiciónmejoradadeNinjaDragonSword2ndGeneration,NinjaDragonSword2ndGenerationEnhancedEdition,12,142,estimada,ninjadragonsword2ndgenerationenhancededition
2320,NinjaDragonSword3Ediciónrevisada,NinjaDragonSword3RevisedEdition,12,142,estimada,ninjadragonsword3revisededition
2324,QuickJieYangGun3 (Llavedevidailimitada),QuickJieYangGun3 (UnlimitedLifeKey),12,142,estimada,quickjieyanggun3
2325,Anger3InvincibleEdition,Anger3InvincibleEdition,14,142,estimada,anger3invincibleedition
2326,Anger2InvincibleEdition,Anger2InvincibleEdition,14,142,estimada,anger2invincibleedition
2327,LasaventurasdeStrangeDuckInvincibleEdition,TheAdventuresofStrangeDuckInvincibleEdition,14,142,estimada,theadventuresofstrangeduckinvincibleedition
2328,Dinosaurs2InvincibleEdition,Dinosaurs2InvincibleEdition,14,142,estimada,dinosaurs2invincibleedition
2329,DemonSwordInvincibleEdition,DemonSwordInvincibleEdition,14,142,estimada,demonswordinvincibleedition
2339,JackieChanDragonEnhancedEdition,JackieChanDragonEnhancedEdition,12,142,estimada,jackiechandragonenhancededition
2340,JackieChanKickingHall1InvincibleEdition,JackieChanKickingHall1InvincibleEdition,14,142,estimada,jackiechankickinghall1invincibleedition
2342,Versióngloboinvencible,Ballooninvincibleversion,14,142,estimada,ballooninvincibleversion
2343,EdiciónBrickBreakerInvincible,BrickBreakerInvincibleEdition,14,142,estimada,brickbreakerinvincibleedition
2344,Ghostbusters2GenerationUnlimitedLife,Ghostbusters2GenerationUnlimitedLife,12,142,estimada,ghostbusters2generationunlimitedlife
2345,EdiciónMotoInvincible,MotoInvincibleEdition,14,142,estimada,motoinvincibleedition
2347,ModernPrimitive1InvincibleEdition,ModernPrimitive1InvincibleEdition,14,142,estimada,modernprimitive1invincibleedition
2348,ModernPrimitiveIIEnhancedEdition,ModernPrimitiveIIEnhancedEdition,12,142,estimada,modernprimitiveiienhancededition
2349,EdiciónFireHeroAngelRebirth,FireHeroAngelRebirthEdition,12,142,estimada,fireheroangelrebirthedition
2350,ModoinvencibleElegíadelcontendiente,Contender'sElegyInvincibleMode,14,142,estimada,contenderselegyinvinciblemode
2351,EdiciónmejoradadeAxe,AxeEnhancedEdition,12,142,estimada,axeenhancededition
2352,Pérdidadesangrecorregidaporelhacha,AxeCorrectedbloodloss,12,142,estimada,axecorrectedbloodloss
2353,Nuevaversiónhumanainvencible,Newhumaninvincibleversion,14,142,estimada,newhumaninvincibleversion
2354,RogueWarriorInvincibleEdition,RogueWarriorInvincibleEdition,14,142,estimada,roguewarriorinvincibleedition
2355,StarSpringFairyStoryInvincibleEdition,StarSpringFairyStoryInvincibleEdition,14,142,estimada,starspringfairystoryinvincibleedition
2356,TrilogíadeStarWars:EdiciónStarWarsNamco,StarWarsTrilogy:StarWarsNamcoEdition,12,142,estimada,starwarstrilogystarwarsnamcoedition
2357,EdiciónStarWarriorInvincible,StarWarriorInvincibleEdition,14,142,estimada,starwarriorinvincibleedition
2358,EdiciónBaofangTenguInvincible,BaofangTenguInvincibleEdition,14,142,estimada,baofangtenguinvincibleedition
2359,EdicióncompletadeMoonWindDemon,MoonWindDemonCompleteEdition,12,142,estimada,moonwinddemoncompleteedition
2360,Niñofuturo,Futurekid,12,142,estimada,futurekid
2361,Guerrerofuturo,FutureWarrior,12,142,estimada,futurewarrior
2362,EdiciónRobotWarInvincible,RobotWarInvincibleEdition,14,142,estimada,robotwarinvincibleedition
2363,Guerradeinsecticidas,Insecticidewar,12,142,estimada,insecticidewar
2364,SquirrelWar2InvincibleEdition,SquirrelWar2InvincibleEdition,14,142,estimada,squirrelwar2invincibleedition
2365,EdiciónExtremeSalomanSnakeInvincible,ExtremeSalomanSnakeInvincibleEdition,14,142,estimada,extremesalomansnakeinvincibleedition
2366,SerpienteSalomanextrema:resucitadaensulugar,ExtremeSalomanSnakeResurrectedinPlace,12,142,estimada,extremesalomansnakeresurrectedinplace
2367,KonamiWorld2InvincibleEdition,KonamiWorld2InvincibleEdition,14,142,estimada,konamiworld2invincibleedition
2368,KonamiWorld1ZombieEdition,KonamiWorld1ZombieEdition,12,142,estimada,konamiworld1zombieedition
2369,Aventuradeensueño,Dreamadventure,12,142,estimada,dreamadventure
2370,Dreamfighterinvencible,Dreamfighterinvincible,14,142,estimada,dreamfighterinvincible
2371,Elbuenchicodelbosqueviveeneltiempo,Thegoodforestboylivesintime,12,142,estimada,thegoodforestboylivesintime
2372,HappyBumperCarEnhancedEdition,HappyBumperCarEnhancedEdition,12,142,estimada,happybumpercarenhancededition
2373,BicaSuperII,BicaSuperII,12,142,estimada,bicasuperii
2374,EdiciónSalomanSerpienteInvencible,SalomanSnakeInvincibleEdition,14,142,estimada,salomansnakeinvincibleedition
2375,EdiciónmejoradadeSalomanSnake2,SalomanSnake2EnhancedEdition,12,142,estimada,salomansnake2enhancededition
2376,VersióndemáquinaSalomanSnake99,SalomanSnake99machineversion,12,142,estimada,salomansnake99machineversion
2377,EdiciónInvencibledelMonstruodelPantano,SwampMonsterInvincibleEdition,14,142,estimada,swampmonsterinvincibleedition
2384,EdiciónSubmarineWarInvincible,SubmarineWarInvincibleEdition,14,142,estimada,submarinewarinvincibleedition
2385,FightingNinjaTurtlesUnlimitedMarblesEdition,FightingNinjaTurtlesUnlimitedMarblesEdition,12,142,estimada,fightingninjaturtlesunlimitedmarblesedition
2386,NivelopcionaldeGeekyTurtleNinjaLegend,GeekyTurtleNinjaLegendoptionallevel,12,142,estimada,geekyturtleninjalegendoptionallevel
2387,VersióninvencibledelabiografíadeJiguiNinja,JiguiNinjaBiographyInvincibleVersion,14,142,estimada,jiguininjabiographyinvincibleversion
2388,GekiTurtleNinjaLegend2InvincibleEdition,GekiTurtleNinjaLegend2InvincibleEdition,14,142,estimada,gekiturtleninjalegend2invincibleedition
2389,Pájarodefuego,Firebird,12,142,estimada,firebird
2390,EdiciónFireBirdInvincible,FireBirdInvincibleEdition,14,142,estimada,firebirdinvincibleedition
2391,EdiciónArtilleríaInvencible,ArtilleryInvincibleEdition,14,142,estimada,artilleryinvincibleedition
2392,Artilleríaversiónsinpérdidadesangre,Artillerynobloodlossversion,12,142,estimada,artillerynobloodlossversion
2393,Cochecohete,Rocketcar,12,142,estimada,rocketcar
2394,KingofBombsInvincibleEdition,KingofBombsInvincibleEdition,14,142,estimada,kingofbombsinvincibleedition
2397,EdiciónAgniInvincible,AgniInvincibleEdition,14,142,estimada,agniinvincibleedition
2398,90tanqueinvencibleversión,90tankinvincibleversion,14,142,estimada,90tankinvincibleversion
2399,Nuevorecord,Newrecord,12,142,estimada,newrecord
2400,EdiciónmejoradadeHotBloodHockey,HotBloodHockeyEnhancedEdition,12,142,estimada,hotbloodhockeyenhancededition
2401,Hockeydesangre,Bloodhockey,12,142,estimada,bloodhockey
2404,HotBloodBasketball_UnlimitedJump,HotBloodBasketball_UnlimitedJump,12,142,estimada,hotbloodbasketballunlimitedjump
2406,HotBloodFootballUnlimitedJumpEdition,HotBloodFootballUnlimitedJumpEdition,12,142,estimada,hotbloodfootballunlimitedjumpedition
2407,Versióninvenciblededodgeballuniversitariodesangrecaliente,Hotbloodedcollegedodgeballinvincibleversion,14,142,estimada,hotbloodedcollegedodgeballinvincibleversion
2408,EdiciónmejoradadeBurningChariot1,BurningChariot1EnhancedEdition,12,142,estimada,burningchariot1enhancededition
2409,Carroardiente,Burningchariot,12,142,estimada,burningchariot
2412,Versióninvencibledelhelicóptero,Helicopterinvincibleversion,14,142,estimada,helicopterinvincibleversion
2413,CommanderCobraInvincibleEdition,CommanderCobraInvincibleEdition,14,142,estimada,commandercobrainvincibleedition
2414,CobraSpecialForces2ndGenerationInvincibleEdition,CobraSpecialForces2ndGenerationInvincibleEdition,14,142,estimada,cobraspecialforces2ndgenerationinvincibleedition
2415,EdicióninvencibledeAntiDrugGuardian,AntiDrugGuardianInvincibleEdition,14,142,estimada,antidrugguardianinvincibleedition
2416,UltimateInvencible,UltimateInvincible,14,142,estimada,ultimateinvincible
2417,EdiciónmejoradadeUltimateTiger,UltimateTigerEnhancedEdition,12,142,estimada,ultimatetigerenhancededition
2418,EdiciónAirWolfInvincible,AirWolfInvincibleEdition,14,142,estimada,airwolfinvincibleedition
2419,EdiciónrepentinamenteJunInvincible,SuddenlyJunInvincibleEdition,14,142,estimada,suddenlyjuninvincibleedition
2421,Lasegundaversiónderobotwarbodyinvencible,Thesecondrobotwarbodyinvincibleversion,14,142,estimada,thesecondrobotwarbodyinvincibleversion
2422,EdiciónRedPigInvincible,RedPigInvincibleEdition,14,142,estimada,redpiginvincibleedition
2423,GreenCorpsSuperHardEdition,GreenCorpsSuperHardEdition,12,142,estimada,greencorpssuperhardedition
2424,GreenCorpsGoldenBodyInvincibleEdition,GreenCorpsGoldenBodyInvincibleEdition,14,142,estimada,greencorpsgoldenbodyinvincibleedition
2425,EdiciónRobinHoodInvincible,RobinHoodInvincibleEdition,14,142,estimada,robinhoodinvincibleedition
2426,Ediciónsirenainvencible,MermaidInvincibleEdition,14,142,estimada,mermaidinvincibleedition
2428,EdiciónWingManInvincible,WingManInvincibleEdition,13,142,estimada,wingmaninvincibleedition
2430,EnergyWarriorInvincibleEdition,EnergyWarriorInvincibleEdition,14,142,estimada,energywarriorinvincibleedition
2431,EnergyWarrior2InvincibleEdition,EnergyWarrior2InvincibleEdition,14,142,estimada,energywarrior2invincibleedition
2432,PrisonBreak2InvincibleEdition,PrisonBreak2InvincibleEdition,14,142,estimada,prisonbreak2invincibleedition
2433,Tirosilimitadosdepiscinadelujo,Fancypoolunlimitedshots,12,142,estimada,fancypoolunlimitedshots
2434,NuevabiografíadeJingKe,NewbiographyofJingKe,12,142,estimada,newbiographyofjingke
2435,RedDeadRedemptionIlimitadoBullet+Ilimitado,RedDeadRedemptionUnlimitedBullet+Unlimited,12,142,estimada,reddeadredemptionunlimitedbulletunlimited
2438,FelixCatInvincibleEdition,FelixCatInvincibleEdition,14,142,estimada,felixcatinvincibleedition
2439,Felipegato,PhilipCat,12,142,estimada,philipcat
2440,Edicióninvencibledevenganzadelhombreenmascarado,MaskedMan'sRevengeInvincibleEdition,14,142,estimada,maskedmansrevengeinvincibleedition
2441,LaylaInvincibleEdition,LaylaInvincibleEdition,14,142,estimada,laylainvincibleedition
2442,Edicióndemunicióninfinita,InfiniteAmmunitionEdition,12,142,estimada,infiniteammunitionedition
2447,JourneytotheWest1InvincibleEdition,JourneytotheWest1InvincibleEdition,14,142,estimada,journeytothewest1invincibleedition
2448,JourneytotheWest2InvincibleEdition,JourneytotheWest2InvincibleEdition,14,142,estimada,journeytothewest2invincibleedition
2449,Viajealageneraciónmundial,JourneytotheWorldGeneration,12,142,estimada,journeytotheworldgeneration
2450,Diosdelosjugadorestanque,GodofGamblersTank,12,142,estimada,godofgamblerstank
2452,EdiciónMacrossInvincible,MacrossInvincibleEdition,14,142,estimada,macrossinvincibleedition
2453,SuperhombreloboinvencibleHACK,SuperWerewolfInvincibleHACK,14,142,estimada,superwerewolfinvinciblehack
2454,EdiciónSuperBabyInvincible,SuperBabyInvincibleEdition,14,142,estimada,superbabyinvincibleedition
2457,SuperSpyRacing (Habilidadessecretasilimitadas),SuperSpyRacing (UnlimitedSecretSkills),12,142,estimada,superspyracing
2458,Ediciónsúperárabeinvencible,SuperArabInvincibleEdition,14,142,estimada,superarabinvincibleedition
2459,Versiónmejoradaparamotocicletastodoterreno,Offroadmotorcycleenhancedversion,12,142,estimada,offroadmotorcycleenhancedversion
2460,EdiciónKickKingInvincible,KickKingInvincibleEdition,14,142,estimada,kickkinginvincibleedition
2461,EdiciónCazaInvencible,HuntingInvincibleEdition,14,142,estimada,huntinginvincibleedition
2462,EdiciónHeavyCombatInvincible,HeavyCombatInvincibleEdition,14,142,estimada,heavycombatinvincibleedition
2463,Batalladetanquespesados,Heavytankbattle,12,142,estimada,heavytankbattle
2464,VersiónpesadadeltanqueYS,HeavyversionoftheYStank,12,142,estimada,heavyversionoftheystank
2465,EdiciónKingKong2Invincible,KingKong2InvincibleEdition,14,142,estimada,kingkong2invincibleedition
2466,EdiciónmejoradadeBellCircuit,BellCircuitEnhancedEdition,12,142,estimada,bellcircuitenhancededition
2467,EdiciónGalaxyInvincible,GalaxyInvincibleEdition,14,142,estimada,galaxyinvincibleedition
2468,GalaxyWarriorsInvencible,GalaxyWarriorsInvincible,14,142,estimada,galaxywarriorsinvincible
2471,EdiciónOverlordLandInvincible,OverlordLandInvincibleEdition,14,142,estimada,overlordlandinvincibleedition
2472,EdiciónNaughtyDogInvincible,NaughtyDogInvincibleEdition,14,142,estimada,naughtydoginvincibleedition
2473,EdiciónmejoradadeMissGhosts,MissGhostsEnhancedEdition,12,142,estimada,missghostsenhancededition
2474,EdiciónBananaPrinceInvincible,BananaPrinceInvincibleEdition,14,142,estimada,bananaprinceinvincibleedition
2475,EdiciónCircoInvencible,CircusInvincibleEdition,14,142,estimada,circusinvincibleedition
2476,Edicióninvencibledelaaventuradelacasaencantada,HauntedHouseAdventureInvincibleEdition,14,142,estimada,hauntedhouseadventureinvincibleedition
2477,¡EdicióninvencibledelaescuelaparahombresdeKui!,Kui!Men'sSchoolInvincibleEdition,14,142,estimada,kuimensschoolinvincibleedition
2478,EdiciónMagicStoryInvincible,MagicStoryInvincibleEdition,14,142,estimada,magicstoryinvincibleedition
2480,"Héroesdemoníacos,","DemonHeroes,",12,142,estimada,demonheroes
2481,Mr.CrocodileInvincibleEdition,Mr.CrocodileInvincibleEdition,14,142,estimada,mrcrocodileinvincibleedition
2482,EquipoBirdmaninvencible,Birdmanteaminvincible,14,142,estimada,birdmanteaminvincible
2483,ElmundodeMcDonald'svivesincesar,McDonald'sworldlivesunabated,12,142,estimada,mcdonaldsworldlivesunabated
2484,DragónGuerreroInvencible,DragonWarriorInvincible,14,142,estimada,dragonwarriorinvincible
2485,EdiciónInvencibledeDientedeDragón,DragonToothInvincibleEdition,14,142,estimada,dragontoothinvincibleedition
2486,EdiciónInvencibledeDragonSoul,DragonSoulInvincibleEdition,14,142,estimada,dragonsoulinvincibleedition
2487,1942EdiciónInvencible,1942InvincibleEdition,14,142,estimada,1942invincibleedition
2489,UltimateFreezingofSoulFighting,UltimateFreezingofSoulFighting,7,142,estimada,ultimatefreezingofsoulfighting
2490,ThePowerofSoulFighting,ThePowerofSoulFighting,7,142,estimada,thepowerofsoulfighting
2491,SuperSoulDouLuo2King'sSoul (EnglishEdition),SuperSoulDouLuo2King'sSoul (EnglishEdition),7,142,estimada,supersouldouluo2kingssoul
2493,SoulDouLuo (hackversion),SoulDouLuo (hackversion),7,142,estimada,souldouluo
2495,Quickfightforthesoul (Americanversion),Quickfightforthesoul (Americanversion),7,142,estimada,quickfightforthesoul
2497,Niveldecontraseleccióninterestelar,InterstellarContraSelectLevel,7,142,estimada,interstellarcontraselectlevel
2498,SkyContraInvincibleEdition,SkyContraInvincibleEdition,9,142,estimada,skycontrainvincibleedition
2549,TransspaceFortress (JapaneseEdition),TransspaceFortress (JapaneseEdition),11,142,estimada,transspacefortress
2600,AdventuresoftheStrangeDuck (Americanedition),AdventuresoftheStrangeDuck (Americanedition),11,142,estimada,adventuresofthestrangeduck
2664,QuickCyclone (Americanversion),QuickCyclone (Americanversion),11,142,estimada,quickcyclone
2665,Quickheroforeigngun (Japaneseversion),Quickheroforeigngun (Japaneseversion),11,142,estimada,quickheroforeigngun
2710,Magicsquare,Magicsquare,10,142,estimada,magicsquare
2716,MagicVillage (Europeanedition),MagicVillage (Europeanedition),11,142,estimada,magicvillage
6538,SpaceWarriors (USEdition),SpaceWarriors (USEdition),21,142,estimada,spacewarriors
2804,Shuangjielong (Japaneseedition),Shuangjielong (Japaneseedition),11,141,estimada,shuangjielong
2929,FinalTask (JapaneseEdition),FinalTask (JapaneseEdition),11,141,estimada,finaltask
3095,Golpearelhielo,Knockice,11,141,estimada,knockice
6523,F1arena91 (USversion),F1arena91 (USversion),12,137,estimada,f1arena91
6524,PCprimitivohombre2,PCprimitiveman2,12,137,estimada,pcprimitiveman2
6525,PCOriginVengeance (AmericanEdition),PCOriginVengeance (AmericanEdition),12,137,estimada,pcoriginvengeance
6526,Baseball'90 (Japaneseversion),Baseball'90 (Japaneseversion),12,137,estimada,baseball90
6528,RainbowIsland3 (JapaneseEdition),RainbowIsland3 (JapaneseEdition),12,137,estimada,rainbowisland3
6529,SuperBaseballLeague3 (JapaneseVersion),SuperBaseballLeague3 (JapaneseVersion),12,137,estimada,superbaseballleague3
6531,KingofGambling (JapaneseEdition),KingofGambling (JapaneseEdition),12,137,estimada,kingofgambling
6532,DemonPinballPlatform (USversion),DemonPinballPlatform (USversion),12,137,estimada,demonpinballplatform
6533,TakahashiCelebrityNewAdventureIsland,TakahashiCelebrityNewAdventureIsland,12,137,estimada,takahashicelebritynewadventureisland
6535,HotBloodWrestlingAngle3 (JapaneseEdition),HotBloodWrestlingAngle3 (JapaneseEdition),12,137,estimada,hotbloodwrestlingangle3
6536,VictoryRacing (JapaneseVersion),VictoryRacing (JapaneseVersion),12,137,estimada,victoryracing
6537,Carrerasdecaballosdelmundo,Worldhorseracing,12,137,estimada,worldhorseracing
6542,Uighur~BizarreTalksonDeathday (JapaneseEdition),Uighur~BizarreTalksonDeathday (JapaneseEdition),12,137,estimada,uighurbizarretalksondeathday
6561,Contraer (versióndeEE.UU.),Drop,16,137,estimada,drop
6577,ZenkokuKoukouSoccerSenshuken (Japón),ZenkokuKoukouSoccerSenshuken (Japan),9,137,estimada,zenkokukoukousoccersenshuken
6586,Electrosperm,Electrosperm,7,137,estimada,electrosperm
6617,AventurasdelDr.,AdventuresofDr,7,137,estimada,adventuresofdr
6631,AIIIS,AIIIS,7,137,estimada,aiiis
6640,AlUnserJr,AlUnserJr,7,137,estimada,alunserjr
6647,Tornadorápido2,HurryupCyclone2,7,137,estimada,hurryupcyclone2
6658,Extraterrestresvs,Aliensvs,7,137,estimada,aliensvs
6761,¡Bazoe!MahouSekai (Japón),Bazoe!MahouSekai (Japan),9,137,estimada,bazoemahousekai
6859,CalRipkenJr,CalRipkenJr,7,137,estimada,calripkenjr
7541,TheLegendofValkyrie (versiónjaponesa),WalkuerenoDensetsu (Japan),11,136,estimada,walkuerenodensetsu
7552,SeiyoshiSevenHideyoshi'sGold (versiónjaponesa),Sadakichi7SeriesHideyoshinoOugon (Japan),22,136,estimada,sadakichi7serieshideyoshinoougon
7571,Asistente (versiónjaponesa),Necromancer (Japan),11,136,estimada,necromancer
7583,AlienFighter2 (versiónjaponesa),RTypePart2 (Japan),11,136,estimada,rtypepart2
7597,Monster (versiónjaponesa),MonsterPuroresu (Japan),11,136,estimada,monsterpuroresu
7601,DevilSmashKeshatBall (versiónestadounidense),Devil'sCrushNaxatPinball (USA),15,136,estimada,devilscrushnaxatpinball
7606,Warrior'sBladeSpecialEditionCaravanStage (versiónjaponesa),SoldierBladeSpecialCaravanStage (Japan),11,136,estimada,soldierbladespecialcaravanstage
7620,Luchaporlahegemonía (versiónjaponesa),BullFightRingnoHaja (Japan),22,136,estimada,bullfightringnohaja
7635,LuchaprofesionaljaponesaFutureFight (versiónjaponesa),ManiacPuroresuAsuhenoTatakai (Japan),11,136,estimada,maniacpuroresuasuhenotatakai
7651,MechaWarriorMechaConference (versiónjaponesa),GunhedHudsonGunhedTaikai (Japan),22,136,estimada,gunhedhudsongunhedtaikai
7671,Luchadorarmado (versiónjaponesa),ArmedFormationF (Japan),22,136,estimada,armedformationf
7684,Ciudadeterna (versiónjaponesa),ToshiTensouKeikakuEternalCity (Japan),21,136,estimada,toshitensoukeikakueternalcity
7695,Viajarparatenerunavidaexitosa (versiónjaponesa),YuuYuuJinseiVictoryLife (Japan),11,136,estimada,yuuyuujinseivictorylife
7696,GenpeiTomorrow2 (versiónjaponesa),GenpeiToumadenNinoMaki (Japan),11,136,estimada,genpeitoumadenninomaki
7721,PedidoGriffin (versiónestadounidense),OrderoftheGriffon (USA),15,136,estimada,orderofthegriffon
7745,CondorOne2Mandala'sCounter (versiónjaponesa),TerraCrestaIIMandoraanoGyakushuu (Japan),21,136,estimada,terracrestaiimandoraanogyakushuu
7791,Bloodstorm (versiónjaponesa),NarazumonoSentaiButaiBloodyWolf (Japan),11,136,estimada,narazumonosentaibutaibloodywolf
7804,SuperLeague5 (versiónjaponesa),PowerLeagueV (Japan),21,136,estimada,powerleaguev
7830,TrackHQ (versiónestadounidense),TaitoChaseH,7,136,estimada,taitochaseh
7855,LegendofSusa (versiónjaponesa),SusanooDensetsu (Japan),20,136,estimada,susanoodensetsu
7868,MagicKing (versiónjaponesa),MadouOuGranzooto (SuperGrafx) (Japan),10,136,estimada,madouougranzooto
7879,BiografíadeSparrowAssassinSparrowWar (versiónjaponesa),MahjongShikyakuRetsudenMahjongWars (Japan),20,136,estimada,mahjongshikyakuretsudenmahjongwars
7890,DragonSaberDragonSoulSequel (versiónjaponesa),DragonSaberAfterStoryofDragonSpirit (Japan),20,136,estimada,dragonsaberafterstoryofdragonspirit
7900,Sr.Henry (versiónjaponesa),Mr,10,136,estimada,mr
7933,LeagueofForces4 (versiónjaponesa),PowerLeagueIV (Japan),10,136,estimada,powerleagueiv
8143,Ciudaddeldiabloxiaoyue,DevilCityXiaoyue,6,136,estimada,devilcityxiaoyue
8152,PirateKingTheGreatSecretoftheSevenIslands (JapaneseEdition),PirateKingTheGreatSecretoftheSevenIslands (JapaneseEdition),5,136,estimada,piratekingthegreatsecretofthesevenislands
8153,PirateKing:Target!KingofRewards (Japaneseversion),PirateKing:Target!KingofRewards (Japaneseversion),6,136,estimada,piratekingtargetkingofrewards
8155,MetalRobotWarSixBooksEdition (EuropeanEdition),MetalRobotWarSixBooksEdition (EuropeanEdition),6,136,estimada,metalrobotwarsixbooksedition
8158,MonsterRule (Europeanedition),MonsterRule (Europeanedition),12,136,estimada,monsterrule
8162,MachineandAnimalNewCentury (JapaneseEdition),MachineandAnimalNewCentury (JapaneseEdition),12,136,estimada,machineandanimalnewcentury
8163,MonsterFarmA (Americanversion),MonsterFarmA (Americanversion),12,136,estimada,monsterfarma
8164,MachineCatChessBoardGame (JapaneseEdition),MachineCatChessBoardGame (JapaneseEdition),12,136,estimada,machinecatchessboardgame
8165,MonsterFarmA2 (Japaneseedition),MonsterFarmA2 (Japaneseedition),12,136,estimada,monsterfarma2
8166,Marheavenopensthedoorofheaven (Japaneseversion),Marheavenopensthedoorofheaven (Japaneseversion),12,136,estimada,marheavenopensthedoorofheaven
8167,Membership (Europeanedition),Membership (Europeanedition),12,136,estimada,membership
8168,PocketDream!DreamTreasureSurvivalChallenge! (SimplifiedChineseversionofTGB,PocketDream!DreamTreasureSurvivalChallenge! (SimplifiedChine,12,136,estimada,pocketdreamdreamtreasuresurvivalchallenge
8169,MonsterPower (Americanversion),MonsterPower (Americanversion),12,136,estimada,monsterpower
8170,Powerfuloneleggedtaxi (Americanversion),Powerfuloneleggedtaxi (Americanversion),12,136,estimada,powerfuloneleggedtaxi
8171,Monster'sGate (JapaneseEdition),Monster'sGate (JapaneseEdition),12,136,estimada,monstersgate
8172,MonsterEggBlueEdition (JapaneseEdition),MonsterEggBlueEdition (JapaneseEdition),12,136,estimada,monstereggblueedition
8173,PinkMonkeyVillage (Japaneseedition),PinkMonkeyVillage (Japaneseedition),12,136,estimada,pinkmonkeyvillage
8175,MonsterGate2 (JapaneseEdition),MonsterGate2 (JapaneseEdition),12,136,estimada,monstergate2
8176,Pocketboutique (Japaneseedition),Pocketboutique (Japaneseedition),12,136,estimada,pocketboutique
8177,Powertaxiingracingcar (Europeanversion),Powertaxiingracingcar (Europeanversion),12,136,estimada,powertaxiingracingcar
8178,Mitoticcells (Americanversion),Mitoticcells (Americanversion),12,136,estimada,mitoticcells
8179,PrincessOshal3 (Japaneseedition),PrincessOshal3 (Japaneseedition),12,136,estimada,princessoshal3
8180,PinballPlatformA (EuropeanEdition),PinballPlatformA (EuropeanEdition),12,136,estimada,pinballplatforma
8181,PlanetaryfighterX (USversion),PlanetaryfighterX (USversion),12,136,estimada,planetaryfighterx
8182,PureLodgerBellofBlessings (JapaneseEdition),PureLodgerBellofBlessings (JapaneseEdition),12,136,estimada,purelodgerbellofblessings
8183,PrincessOshal (Japaneseedition),PrincessOshal (Japaneseedition),12,136,estimada,princessoshal
8185,PetHospitalAnimalDoctorBreedingGame (JapaneseEdition),PetHospitalAnimalDoctorBreedingGame (JapaneseEdition),12,136,estimada,pethospitalanimaldoctorbreedinggame
8186,PrincessOshal2andAnimalDivination (JapaneseEdition),PrincessOshal2andAnimalDivination (JapaneseEdition),12,136,estimada,princessoshal2andanimaldivination
8187,Petdog (Europeanversion),Petdog (Europeanversion),12,136,estimada,petdog
8188,MonsterScooter (USversion),MonsterScooter (USversion),12,136,estimada,monsterscooter
8189,PocketPuppy (Americanversion),PocketPuppy (Americanversion),12,136,estimada,pocketpuppy
8190,Polly'spocket (Europeanversion),Polly'spocket (Europeanversion),12,136,estimada,pollyspocket
8191,MX2002FutureLocomotiveRace (USEdition),MX2002FutureLocomotiveRace (USEdition),12,136,estimada,mx2002futurelocomotiverace
8192,ModifiedracingcarA (Americanversion),ModifiedracingcarA (Americanversion),12,136,estimada,modifiedracingcara
8194,MaskedManofLight21DevilBatDevilDay (JapaneseEdition),MaskedManofLight21DevilBatDevilDay (JapaneseEdition),6,136,estimada,maskedmanoflight21devilbatdevilday
8195,PrincessDisneyKingdomAdventures (USEdition),PrincessDisneyKingdomAdventures (USEdition),12,136,estimada,princessdisneykingdomadventures
8196,PureHeartofHamTaroParadise (JapaneseEdition),PureHeartofHamTaroParadise (JapaneseEdition),12,136,estimada,pureheartofhamtaroparadise
8197,MatchboxTask2in1 (Europeanversion),MatchboxTask2in1 (Europeanversion),12,136,estimada,matchboxtask2in1
8198,PocketProfessorKewickNotes (AmericanEdition),PocketProfessorKewickNotes (AmericanEdition),12,136,estimada,pocketprofessorkewicknotes
8199,M&MSquare (USEdition),M&MSquare (USEdition),12,136,estimada,mmsquare
8200,MoleMouse (Americanversion),MoleMouse (Americanversion),12,136,estimada,molemouse
8201,Lacadenadememoriadelcorazóndelreino,TheChainofHeartMemoryofKingdom,12,136,estimada,thechainofheartmemoryofkingdom
8202,PointTrendsinGeometricGenerations (DailyEdition),PointTrendsinGeometricGenerations (DailyEdition),12,136,estimada,pointtrendsingeometricgenerations
8204,SuperRobotWarOG,SuperRobotWarOG,12,136,estimada,superrobotwarog
8205,PushingStoneBoyofCrazyFantasySquare (JapaneseEdition),PushingStoneBoyofCrazyFantasySquare (JapaneseEdition),12,136,estimada,pushingstoneboyofcrazyfantasysquare
8207,Lahistoriadellanzamientodeespadasenlanochedelallamada,TheStoryofSwordCastingintheNightofCall,12,136,estimada,thestoryofswordcastinginthenightofcall
8209,MetalRobotWarfareBlueBeeEdition (EuropeanEdition),MetalRobotWarfareBlueBeeEdition (EuropeanEdition),12,136,estimada,metalrobotwarfarebluebeeedition
8210,MetalRobot2armourEdition (JapaneseEdition),MetalRobot2armourEdition (JapaneseEdition),12,136,estimada,metalrobot2armouredition
8212,MetalRobot2ShovelInsectEdition (JapaneseEdition),MetalRobot2ShovelInsectEdition (JapaneseEdition),12,136,estimada,metalrobot2shovelinsectedition
8213,MonsterMaker4DiceKiller (JapaneseEdition),MonsterMaker4DiceKiller (JapaneseEdition),12,136,estimada,monstermaker4dicekiller
8214,PiratesoftheCaribbean2DeadCasket (USversion),PiratesoftheCaribbean2DeadCasket (USversion),12,136,estimada,piratesofthecaribbean2deadcasket
8215,MetalRobotWarAXBlueBeeEdition (USEdition),MetalRobotWarAXBlueBeeEdition (USEdition),12,136,estimada,metalrobotwaraxbluebeeedition
8216,MechatronBabySoldier2CrossEdition (JapaneseEdition),MechatronBabySoldier2CrossEdition (JapaneseEdition),12,136,estimada,mechatronbabysoldier2crossedition
8217,MobileSoldierUptoSEEDFriendshipChapter (JapaneseEdition),MobileSoldierUptoSEEDFriendshipChapter (JapaneseEdition),12,136,estimada,mobilesoldieruptoseedfriendshipchapter
8219,9PoleWarriorsJokeFusion (JapaneseEdition),9PoleWarriorsJokeFusion (JapaneseEdition),12,136,estimada,9polewarriorsjokefusion
8220,MetalRobotGarmorEdition (JapaneseEdition),MetalRobotGarmorEdition (JapaneseEdition),12,136,estimada,metalrobotgarmoredition
8221,PhantomDanny'sFinalEnemy (EuropeanEdition),PhantomDanny'sFinalEnemy (EuropeanEdition),12,136,estimada,phantomdannysfinalenemy
8222,MetalRobotWarAX6Edition (USEdition),MetalRobotWarAX6Edition (USEdition),12,136,estimada,metalrobotwarax6edition
8234,Soyelcontroladoraéreo,BokuhaKoukuuKanseikan,12,136,estimada,bokuhakoukuukanseikan
8239,eden,Iridion3D,12,136,estimada,iridion3d
8283,Stevengolderfootball2002,TotalSoccer,12,135,estimada,totalsoccer
8288,CompadreríaMaJiang,NakayoshiMahjongKaburiichi,12,135,estimada,nakayoshimahjongkaburiichi
8326,Extraterrestresdefueradelatierra,TheExtraTerrestrial,12,135,estimada,theextraterrestrial
8338,Laescuelaleyenda,GakkouwoTsukurou!!Advance,12,135,estimada,gakkouwotsukurouadvance
8352,YukLongZhanapuntadas1x2,SansaraNaga1x2,12,135,estimada,sansaranaga1x2
8391,MetalRobotBattleAXSeisedicionesdelibros,MedabotsAXRokushoVersion,12,135,estimada,medabotsaxrokushoversion
8413,criadoenelbéisbol,ProYakyuuTeamwoTsukurou!Advance,12,135,estimada,proyakyuuteamwotsukurouadvance
8417,MetalRobotGEdiciónPython,MedarotGKuwagataVersion,12,135,estimada,medarotgkuwagataversion
8431,ClubdeCreacióndeCarrerasdeFútboldelaJLeague,J.LeagueProSoccerClubwoTsukurou!Advance,12,135,estimada,jleagueprosoccerclubwotsukurouadvance
8462,GenioniñoJimmyneutrónVSJimmyelectrónnegativo,AdventuresofJimmyNeutronvs.JimmyNegatron：The,10,135,estimada,adventuresofjimmyneutronvsjimmynegatronthe
8466,Corazónhumanoidedelángeldelacomputadora,ChobitsAtashiDakenoHito,10,135,estimada,chobitsatashidakenohito
8473,MetalRobotGUnaEdición冑,MedarotGKabutoVersion,10,135,estimada,medarotgkabutoversion
8487,Lavenganzadelospitufospitufos,Smurfs：TheTheRevengeoftheSmurfs,10,135,estimada,smurfsthetherevengeofthesmurfs
8495,Ángeldelagalaxia,GalaxyAngelMoridakusanTenshinoFullCourseOkawariJiyuu,10,135,estimada,galaxyangelmoridakusantenshinofullcourseokawarijiyuu
8534,JetgirlsÉlyBuscar,PowerpuffGirls：TheHimandSeekT,9,135,estimada,powerpuffgirlsthehimandseekt
8550,TombRaiderProfecía,TombRaiderTheProphecy,18,135,estimada,tombraidertheprophecy
8554,Reydelosladroneselgrantesorosecretodelassieteislas,FromTVAnimationOnePieceNanatsuShimanoDaihihou,9,135,estimada,fromtvanimationonepiecenanatsushimanodaihihou
8569,ScanHunterPersiguiendoalPezMonstruodelMilenio,ScanHunterSennenKaigyowoOe!,9,135,estimada,scanhuntersennenkaigyowooe
8591,TheFleshManIIElCaminodelaJusticiaSuperman,KinnikumanIIseiSeigiChoujinhenoMichi,9,135,estimada,kinnikumaniiseiseigichoujinhenomichi
8623,ElMonteTaideDisneyregresaalaselva,TarzanRuckkehrindenDschungel,9,135,estimada,tarzanruckkehrindendschungel
8630,MetalRobotBattleEdiciónBlueBee,MedabotsMetabeeVersion,9,135,estimada,medabotsmetabeeversion
8692,TennisPrince2003EdiciónAzulHielorev1,MedabotsRokushoVersion,9,135,estimada,medabotsrokushoversion
8698,DuendedíscoloMirumolaleyendadelacalabazadeororev1,AoZouratoNakamatachiYumenoBouken,9,135,estimada,aozouratonakamatachiyumenobouken
8707,SonicAventura2rev1,MedarotNiCoreKabutoVersion,9,135,estimada,medarotnicorekabutoversion
8710,BaezDollMáquinadeBailerev1,WatashinoMakesalon,9,135,estimada,watashinomakesalon
8714,Dr.Locorev1,KisekkoGurumiChestytoNuigurumitachinoMahounoBouken,9,135,estimada,kisekkogurumichestytonuigurumitachinomahounobouken
8715,JaponésSamuraiJackAmuletodelTiemporev1,ShinNipponProWrestlingToukonRetsudenAdvance,5,135,estimada,shinnipponprowrestlingtoukonretsudenadvance
8717,ReydeladronesReydelarecompensadeblancorev1,BassTsuriShiyouze!TournamenthaSenryakuda!,9,135,estimada,basstsurishiyouzetournamenthasenryakuda
8723,SuperStreetBaronvsBattleBlock2rev1,0981RPG,9,135,estimada,0981rpg
8741,CazavampirosBuffyRegresoalMundoOscuro,BuffyImBannderDamonenKoenigDarkhulsZorn,9,135,estimada,buffyimbannderdamonenkoenigdarkhulszorn
8758,MetalRobotBattleAXEdiciónBlueBee,MedabotsAXMetabeeVersion,9,135,estimada,medabotsaxmetabeeversion
8760,Sedealemanaen 3D,Wolfenstein3D,9,135,estimada,wolfenstein3d
8770,PolicíaCriminalNinja,NinjaFive0,9,135,estimada,ninjafive0
8778,Derribaalrey,1079PunchKingArcadeBoxing,9,135,estimada,1079punchkingarcadeboxing
8827,AcademiadeDetectivesQUndetectiveerestú,TanteiGakuenQMeitanteihaKimida!,9,135,estimada,tanteigakuenqmeitanteihakimida
8833,NiñogenioJimmyJetMelt,AdventuresofJimmyNeutron：TheBoyGeniusJetFusion,9,135,estimada,adventuresofjimmyneutrontheboygeniusjetfusion
8834,Lasaventurasdelapequeñaselvatraviesa,Razmoket：LesRencontrentlesDelajungle,9,135,estimada,razmoketlesrencontrentlesdelajungle
301,SFⅡ:Warrior,SFⅡ:Warrior,1,134,estimada,sfiiwarrior
303,SFⅡ:TheWorldWarriorVA,SFⅡ:TheWorldWarriorVA,1,134,estimada,sfiitheworldwarriorva
304,SFⅡ:TheWorldWarriorVC,SFⅡ:TheWorldWarriorVC,1,134,estimada,sfiitheworldwarriorvc
305,SFⅡ:TheWorldWarriorVE,SFⅡ:TheWorldWarriorVE,1,134,estimada,sfiitheworldwarriorve
306,SFⅡ:ChampionEdition2V,SFⅡ:ChampionEdition2V,1,134,estimada,sfiichampionedition2v
309,SFⅡChampionEdition3,SFⅡChampionEdition3,1,134,estimada,sfiichampionedition3
316,luchadorcallejeroWORD,StreetFighterWORD,1,134,estimada,streetfighterword
329,EdicióndeHungryWolfLegendBoos,HungryWolfLegendBoosEdition,1,134,estimada,hungrywolflegendboosedition
332,EdiciónWorldHeroBoos,WorldHeroBoosEdition,1,134,estimada,worldheroboosedition
358,Dobleáguiladecombateaéreo,AirCombatDoubleEagle,1,134,estimada,aircombatdoubleeagle
373,StreetSmart2,StreetSmart2,1,134,estimada,streetsmart2
385,Versióndescifradadebala,Bulletdecryptedversion,1,134,estimada,bulletdecryptedversion
386,WorldWrestlingLeagueWrestlingSuperstar (Versiónmundial),WorldWrestlingLeagueWrestlingSuperstar (WorldVersion),1,134,estimada,worldwrestlingleaguewrestlingsuperstar
387,General (911202world),GreatGeneral (911202Worldedition),3,134,estimada,greatgeneral
393,General (910928us),GreatSoldier (910928USedition),2,134,estimada,greatsoldier
394,Salvadordedemonios,DemonSavior,1,134,estimada,demonsavior
396,BeeStormAngryBossBee2 (Ediciónmundial),BeeStormAngryBossBee2 (WorldEdition),2,134,estimada,beestormangrybossbee2
399,SanrinSanChanTricicloSan,SanrinSanChanTricycleSan,1,134,estimada,sanrinsanchantricyclesan
403,KabukiKlash,KabukiKlash,1,134,estimada,kabukiklash
404,LavenganzadeKarnodv,Karnodv'SRevenge,1,134,estimada,karnodvsrevenge
405,Leyendadeunguerrero,LegendofaWarrior,1,134,estimada,legendofawarrior
409,TierraRoja372Ragnagard,RedEarth372Ragnagard,1,134,estimada,redearth372ragnagard
415,TaoTaido1,TaoTaido1,1,134,estimada,taotaido1
416,WWFSuperstarsUSNewer,WWFSuperstarsUSNewer,1,134,estimada,wwfsuperstarsusnewer
440,ElviajedeBlue,Blue'sJourney,1,134,estimada,bluesjourney
446,Lavenganzadelosviolentos,ExplosiveRevenge,1,134,estimada,explosiverevenge
457,Circocharlie1,CircusCharlie1,1,134,estimada,circuscharlie1
458,Circocharlie2,CircusCharlie2,1,134,estimada,circuscharlie2
470,Elmundodeldemonio1,Demon'sWorld1,1,134,estimada,demonsworld1
477,DragonBowl1,DragonBowl1,1,134,estimada,dragonbowl1
483,Tierradesueños,DreamLand,1,134,estimada,dreamland
484,DynastyWarsUSA23P,DynastyWarsUSA23P,1,134,estimada,dynastywarsusa2
485,EdwardRandy,EdwardRandy,1,134,estimada,edwardrandy
490,Pescakoshien,FishingKoshien,1,134,estimada,fishingkoshien
493,Cuatrolineas,Fourlines,1,134,estimada,fourlines
545,Jinetesenmascarados,MaskedRiders,1,134,estimada,maskedriders
549,Cazadordemeikyuu,MeikyuuHunter,1,134,estimada,meikyuuhunter
552,Perdidoenacción,MissingInAction,1,134,estimada,missinginaction
558,Lanzaderalunar1,MoonShuttle1,1,134,estimada,moonshuttle1
561,Sr.HELI,Mr.HELI,1,134,estimada,mrheli
563,Multi5,Multi5,1,134,estimada,multi5
569,Nemo1,Nemo1,1,134,estimada,nemo1
597,Rastannos,RastanUS,1,134,estimada,rastan
615,Espíasecreta,SecretSpy,1,134,estimada,secretspy
633,Spelunk,Spelunk,1,134,estimada,spelunk
634,Spelunk2,Spelunk2,1,134,estimada,spelunk2
638,Guerrerodelatormenta,StormWarrior,1,134,estimada,stormwarrior
641,Súperbéisbol,SuperBaseball,1,134,estimada,superbaseball
644,Supermacross,SuperMacross,1,134,estimada,supermacross
649,TortugasNinjaTM2,TMNinjaTurtles2,1,134,estimada,tmninjaturtles2
653,TenchiwoKurauJP3P,TenchiwoKurauJP3P,1,134,estimada,tenchiwokurau
655,ElgladiadorV101,TheGladiatorV101,1,134,estimada,thegladiator
659,Lanuevarevolucion,TheNewRevolution,1,134,estimada,thenewrevolution
671,Trioelponchenuncaolvides,TriothePunchNeverForget,1,134,estimada,triothepunchneverforget
676,GranRally1000Millas2,Great1000MilesRally2,1,134,estimada,great1000milesrally2
693,Vendettaasia,VendettaAsia,1,134,estimada,vendettaasia
705,DesaparecidosenacciónII,MissinginActionII,1,134,estimada,missinginactionii
725,Pop'nBounce,Pop'nBounce,1,134,estimada,popnbounce
726,Empujarlacaja,PushtheBox,1,134,estimada,pushthebox
735,Xormundocuadrado,XorSquareWorld,1,134,estimada,xorsquareworld
741,Feliz6en1101,Happy6in1101,1,134,estimada,happy6in1101
748,Realyfalso3,RealandFake3,1,134,estimada,realandfake3
750,ElAdvientodelSr.F,TheAdvofMr.F,1,134,estimada,theadvofmrf
759,Ganadordeestacas,StakesWinner,1,134,estimada,stakeswinner
765,Cookie&Bibi1,Cookie&Bibi1,1,134,estimada,cookiebibi1
783,Superfeliz6en1102,SuperHappy6In1102,1,134,estimada,superhappy6in1102
797,Golpearlapared,Hitthewall,1,134,estimada,hitthewall
801,NeoTurfMasters,NeoTurfMasters,1,134,estimada,neoturfmasters
805,Pañuelolateraldebolsillo2,SidePocketBootleg2,1,134,estimada,sidepocketbootleg2
811,Supervolleyballjapon,SuperVolleyballJapan,1,134,estimada,supervolleyballjapan
813,TecmoWorld96,TecmoWorld96,1,134,estimada,tecmoworld96
814,Laluchadecavar,TheDigFight,1,134,estimada,thedigfight
821,TheUltimate11:ElCampeonatodeFútbolSNK,TheUltimate11:TheSNKFootballChampionship,1,134,estimada,theultimate11thesnkfootballchampionship
827,Pipiybibis,Pipi&Bibis,1,134,estimada,pipibibis
840,FiestadelaranaC,FrogFeastC,1,134,estimada,frogfeastc
848,1945p,1945p,1,134,estimada,1945p
889,Espgaludajapon,EspgaludaJapan,1,134,estimada,espgaludajapan
936,RezonTaito,RezonTaito,1,133,estimada,rezontaito
954,StarFighterV1,StarFighterV1,1,133,estimada,starfighterv1
969,ReyDarren2,DarenKing2,1,133,estimada,darenking2
977,VaporTrailWorld1,VaporTrailWorld1,1,133,estimada,vaportrailworld1
983,ZedBlade,ZedBlade,1,133,estimada,zedblade
987,ActuadordeCáncer,ActFancer,1,133,estimada,actfancer
992,Aurail2,Aurail2,1,133,estimada,aurail2
1005,CrazyKongScramble,CrazyKongScramble,1,133,estimada,crazykongscramble
1019,SOLDADOAMERICANO.JoeEAB,G.I.JoeEAB,1,133,estimada,gijoeeab
1027,HotDogDogLosprimerossupersónicosinternacionales,HotdogStormTheFirstSupersonicsInternational,1,133,estimada,hotdogstormthefirstsupersonicsinternational
1029,KidnoHoHoDaisakusen,KidnoHoHoDaisakusen,1,133,estimada,kidnohohodaisakusen
1036,Últimamisión2,LastMission2,1,133,estimada,lastmission2
1059,Pengo2,Pengo2,1,133,estimada,pengo2
1086,GyrussCenturi,GyrussCenturi,1,133,estimada,gyrusscenturi
1119,Guerradelespacio2083,SpaceWarfare2083,1,133,estimada,spacewarfare2083
1121,PuzzleUpPoko,PuzzleUpPoko,1,133,estimada,puzzleuppoko
1138,Versiónderayas1,StreakingVersion1,1,133,estimada,streaking
1144,Accióntodoenuno,Onestopaction,1,133,estimada,onestopaction
1151,Vasara1,Vasara1,1,133,estimada,vasara1
1173,Alaslegendariasnos,LegendaryWingsUS,1,133,estimada,legendarywings
1182,Ovnirojo,RedUFO,1,133,estimada,redufo
1203,Raptor,LeiLong,1,133,estimada,leilong
1204,"Wolffistx1/2 (versióneuropea,versión1.1.0908)","WolfFistX1/2 (Euro,version1.1.0908)",1,133,estimada,wolffistx12
1205,Hothothot7,Hothot7,1,133,estimada,hothot7
1206,Pesadillademedianoche,Themiddleofthenightnightmare,1,133,estimada,themiddleofthenightnightmare
1207,BastantesoldadoSailorMoonHK,PrettySoldierSailorMoonHK,1,133,estimada,prettysoldiersailormoon
1230,Isaacmetalsoldado,MetalSoldierIsaac,1,133,estimada,metalsoldierisaac
1237,HermanosMuñecodeNieve2,SnowmanBrothers2,2,133,estimada,snowmanbrothers2
1279,NormandyLanding,NormandyLanding,1,133,estimada,normandylanding
1285,DoubleDragonCombat (Neo-Geo),DoubleDragonCombat (Neo-Geo),1,133,estimada,doubledragoncombat
1286,DragonFightingBossversion12People,Doubledragonfightingbossversion12people,1,133,estimada,doubledragonfightingbossversion12people
1291,lntrepid,lntrepid,1,133,estimada,lntrepid
1299,BlazersWarrior,BlazersWarrior,1,133,estimada,blazerswarrior
1308,SmallPacManTubo,SmallPacManTubo,1,133,estimada,smallpacmantubo
1313,FirePhoenix,FirePhoenix,1,133,estimada,firephoenix
1318,SuperPuckMan,SuperPuckMan,1,133,estimada,superpuckman
1327,SyusseQozumou,SyusseQozumou,1,133,estimada,syusseqozumou
1344,Prisionerosdeguerra,PrisonersOfWar,1,133,estimada,prisonersofwar
1374,"MichaelJackson'smoonwalk (serie3,ediciónmundial,fd1094/87513170159)","MichaelJackson'sMoonwalk (Set3,WorldEdition,FD1094/875131",1,133,estimada,michaeljacksonsmoonwalk
1378,DungeonsandDragons:TowerofDestruction4P,DungeonsandDragons:TowerofDestruction4P,1,133,estimada,dungeonsanddragonstowerofdestruction
1379,Guerreroblindado3P,ArmoredWarrior3P,1,133,estimada,armoredwarrior
1384,P47PhantomFighter,P47PhantomFighter,1,133,estimada,p47phantomfighter
1389,Vs.lceClimberDual,Vs.lceClimberDual,1,133,estimada,vslceclimberdual
1446,Diosdiabloeléctrico2,ElectricGodDevil2,1,133,estimada,electricgoddevil2
1476,BoogieWingsEuro,BoogieWingsEuro,1,133,estimada,boogiewingseuro
1480,ChampionBassBassPart2:PairPlay,ChampionBassBassPart2:PairPlay,1,133,estimada,championbassbasspart2pairplay
1498,FastSprint,FastSprint,1,133,estimada,fastsprint
1514,Baladecañon2,CannonBall2,1,133,estimada,cannonball2
1517,SyougiNoTatsujinMaster,SyougiNoTatsujinMaster,1,133,estimada,syouginotatsujinmaster
1524,Rompecabezasdedinero,MoneyPuzzle,1,133,estimada,moneypuzzle
1528,DonDenLover,DonDenLover,1,133,estimada,dondenlover
1539,MoreChallengingQ*bert,MoreChallengingQ*bert,1,133,estimada,morechallengingqbert
1554,RikuKaiKuuSaizensen,RikuKaiKuuSaizensen,1,133,estimada,rikukaikuusaizensen
1570,LeyendaéxitoJoe,LegendSuccessJoe,1,133,estimada,legendsuccessjoe
1577,Objetivodepoder,PowerGoal,1,133,estimada,powergoal
1597,Maestrosdepingpong,PingPongMasters,1,133,estimada,pingpongmasters
1615,Larondafinalm,TheFinalRoundM,1,133,estimada,thefinalroundm
1639,SuperMuscleBomber:IBlowout,SuperMuscleBomber:IBlowout,1,133,estimada,supermusclebomberiblowout
1669,Cazadelpavo,TurkeyHunting,1,133,estimada,turkeyhunting
1688,Batalladelapolicíaarmada,ArmedPoliceBatride,1,133,estimada,armedpolicebatride
11581,Comandantebioquímicofuerzaextrema,BiochemicalCommanderExtremeForce,9,132,estimada,biochemicalcommanderextremeforce
11583,Ejércitodecampo,FieldArmy,9,132,estimada,fieldarmy
11584,GB2DesertDevilCityenXilin,GB2DesertDevilCityinXilin,8,132,estimada,2desertdevilcityinxilin
11585,Modismosdelapradera3,GrasslandIdioms3,9,132,estimada,grasslandidioms3
11588,SoulFalchionGalsLuchadores,SoulFalchionGalsFighters,10,132,estimada,soulfalchiongalsfighters
11589,Guerreroespacialx,SpaceWarriorX,10,132,estimada,spacewarriorx
11590,StarOceanBluePlanet,StarOceanBluePlanet,10,132,estimada,staroceanblueplanet
11591,TheBraveFighttheDragon3,TheBraveFighttheDragon3,10,132,estimada,thebravefightthedragon3
11594,102dálmatasediciónfrancesa,102DalmatiansFrenchEdition,10,132,estimada,102dalmatiansfrenchedition
11596,Billar 3Dversióneuropea,3DbilliardsEuropeanversion,6,132,estimada,3dbilliards
11598,"Patinetade720gradosparaniños,versiónestadounidense",720degreeskateboardkidUSversion,7,132,estimada,720degreeskateboardkid
11599,EdicióndelDíadelaTierraen80días,80DaysAroundEarthDayEdition,10,132,estimada,80daysaroundearthdayedition
11600,ThreeKingdoms2ndGenerationJapaneseEdition,ThreeKingdoms2ndGenerationJapaneseEdition,10,132,estimada,threekingdoms2ndgeneration
11601,Tresreinos5,ThreeKingdoms5,6,132,estimada,threekingdoms5
11603,RomancedelosTresReinos:BatalladeChibi1,RomanceoftheThreeKingdoms:BattleofChibi1,6,132,estimada,romanceofthethreekingdomsbattleofchibi1
11604,RomancedelosTresReinos:BatalladeChibi2,RomanceoftheThreeKingdoms:BattleofChibi2,6,132,estimada,romanceofthethreekingdomsbattleofchibi2
11605,Tresreinos1,ThreeKingdoms1,6,132,estimada,threekingdoms1
11606,EdiciónDTGeneWarDay,DTGeneWarDayEdition,10,132,estimada,dtgenewardayedition
11607,Versiónestadounidensedelaligadehockey,HockeyLeagueUSVersion,7,132,estimada,hockeyleague
11608,ETAlienEscapefromEarthVersióndeEE.UU.,ETAlienEscapefromEarthUSVersion,7,132,estimada,etalienescapefromearth
11609,Eeraluchadesangre,Eerabloodfighting,10,132,estimada,eerabloodfighting
11610,F18LightningSpecialAttackversiónestadounidense,F18LightningSpecialAttackUSVersion,7,132,estimada,f18lightningspecialattack
11613,CampeonatodeF12000EdiciónEuro,F1Championship2000EuroEdition,6,132,estimada,f1championship2000euroedition
11616,ColecciónGame&WatchCollection2VersiónparaEE.UU.YEuropa,Game&WatchCollectionCollection2USandEuropeVersion,6,132,estimada,gamewatchcollectioncollection2usandeuropeversion
11617,ColecciónGame&WatchCollection3VersiónparaEE.UU.YEuropa,Game&WatchCollectionCollection3USandEuropeVersion,6,132,estimada,gamewatchcollectioncollection3usandeuropeversion
11618,LasaventurasdeTintínPrisionerodelsolVersióneuropea,TheAdventuresofTintinPrisoneroftheSunEuropeanVersion,6,132,estimada,theadventuresoftintinprisonerofthesun
11624,TombRaiderCursedDaggerversiónestadounidense,TombRaiderCursedDaggerUSVersion,7,132,estimada,tombraidercurseddagger
11625,EspadamalditadeTombRaider,TombRaiderCursedSword,10,132,estimada,tombraidercursedsword
11626,LasaventurasdeDingDing,DingDing'sAdventures,10,132,estimada,dingdingsadventures
11628,VersiónestadounidensedeCrashingWolfAdventures,CrashingWolfAdventuresUSVersion,7,132,estimada,crashingwolfadventures
11630,EdicióndeldíadeaventurasdeScoobyDoo,ScoobyDooAdventureDayEdition,10,132,estimada,scoobydooadventuredayedition
11634,Patodonald2,DonaldDuck2,10,132,estimada,donaldduck2
11635,AventuradelpatoDonald,DonaldDuckAdventure,10,132,estimada,donaldduckadventure
11637,LasaventurasdeDingDingenelTíbet,DingDing'sAdventuresTibet,10,132,estimada,dingdingsadventurestibet
11639,VersióneuropeadeHolyCardBattle,HolyCardBattleEuropeanVersion,6,132,estimada,holycardbattle
11642,VersióneuropeadelasaventurasdeWinniethePooh,WinniethePooh'sAdventuresEuropeanVersion,6,132,estimada,winniethepoohsadventures
11643,EdicióndeldíadeWinniethePooh,WinniethePoohDayEdition,10,132,estimada,winniethepoohdayedition
11644,VersióneuropeadeLittleChickenRun,LittleChickenRunEuropeanVersion,6,132,estimada,littlechickenrun
11645,ShaolinThirteenSticksHeroSavior,ShaolinThirteenSticksHeroSavior,10,132,estimada,shaolinthirteensticksherosavior
11651,DinosaurHunter2ndGenerationVersiónjaponesa,DinosaurHunter2ndGenerationJapaneseVersion,10,132,estimada,dinosaurhunter2ndgeneration
11652,DinosaurHunter2versiónestadounidense,DinosaurHunter2USVersion,7,132,estimada,dinosaurhunter2
11653,Tresreinos2,ThreeKingdoms2,10,132,estimada,threekingdoms2
11654,DinosaurHunter3raversióndeEE.UU.,DinosaurHunter3rdUSVersion,7,132,estimada,dinosaurhunter3rd
11657,NewLegendofCondorHeroes,NewLegendofCondorHeroes,10,132,estimada,newlegendofcondorheroes
11658,UltimateBoxingChampionshipEuroEdition,UltimateBoxingChampionshipEuroEdition,6,132,estimada,ultimateboxingchampionshipeuroedition
12722,FCTheSpringandAutumnPeriodoftheThreeKingdomsinSichuanProvince (ChineseVe,FCTheSpringandAutumnPeriodoftheThreeKingdomsinSichuanPro,4,131,estimada,thespringandautumnperiodofthethreekingdomsinsichuanpro
12726,FCTheMainlandSuperEdition (JapaneseEdition) oftheOverlordofThreeKingdoms2[,FCTheMainlandSuperEdition (JapaneseEdition) oftheOverlordofT,4,131,estimada,themainlandsupereditionoftheoverlordoft
13012,FCNinjaDragonSword3rdGenerationJapaneseEditionEdiciónmejorada[v1 ARCADE,FCNinjaDragonSword3rdGenerationJapaneseEditionEnhancedEd,4,130,estimada,ninjadragonsword3rdgenerationjapaneseeditionenhanceded
13507,SFCBishoujoSenshiSailorMoonS¡JougaiRantou!ShuyakuSoudatsusen (Japón) [v1 A,SFCBishoujoSenshiSailorMoonSJougaiRantou!ShuyakuSoudatsuse,4,130,estimada,bishoujosenshisailormoonsjougairantoushuyakusoudatsuse
13511,SFCBishoujoSenshiSailorMoonSuperS¡¡ZeninSanka!!ShuyakuSoudatsusen (Japón),SFCBishoujoSenshiSailorMoonSuperSZeninSanka!!ShuyakuSouda,4,130,estimada,bishoujosenshisailormoonsuperszeninsankashuyakusouda
14154,GBCMIBStarWars2GenerationBlackMan2GenerationVersióneuropea[v1 ARCADE,GBCMIBStarWars2GenerationBlackMan2GenerationEuropeanVe,3,129,estimada,mibstarwars2generationblackman2generationeuropeanve
14155,GBCMIBStarWars2ndGenerationMeninBlack2ndGenerationVersiónestadouniden,GBCMIBStarWars2ndGenerationMeninBlack2ndGenerationUSVe,3,129,estimada,mibstarwars2ndgenerationmeninblack2ndgenerationusve
14228,GBABanditGoemon1stGenerationTheTenguParty'sCounterattackJapaneseVersion,GBABanditGoemon1stGenerationTheTenguParty'sCounterattack,3,129,estimada,banditgoemon1stgenerationthetengupartyscounterattack
14263,GBAMonsterDemolition2ndGenerationJourneytotheUniverseVersióndeEE.UU.[v1,GBAMonsterDemolition2ndGenerationJourneytotheUniverseUSV,3,129,estimada,monsterdemolition2ndgenerationjourneytotheuniverseusv
14289,GBACuatrojugadoresjugandoMahjongenestaversiónjaponesadeestiloMahjongKin,GBAFourpeopleplayingmahjonginthisstyleMahjongKingJapaneseV,3,129,estimada,fourpeopleplayingmahjonginthisstylemahjongkingjapanesev
14335,GBAInnocentLandlordandPrettyTenantEdicióndebolsilloEdiciónjaponesa[v1 ARCA,GBAInnocentLandlordandPrettyTenantPocketEditionJapaneseEdi,3,129,estimada,innocentlandlordandprettytenantpocketeditionjapaneseedi
14451,GBC¡adelante!EdiciónjaponesaAnpanmanKingdomofLightandDarkness[v1 ARCAD,GBCgoahead!AnpanmanKingdomofLightandDarknessJapaneseEd,3,129,estimada,cgoaheadanpanmankingdomoflightanddarknessjapaneseed
14519,GBCDetectiveConanTheLegendofQiyanIslandSecretTreasureVersiónjaponesa[v1 A,GBCDetectiveConanTheLegendofQiyanIslandSecretTreasureJapan,3,129,estimada,detectiveconanthelegendofqiyanislandsecrettreasurejapan
14643,GBCJack'sAdventureTheGreatDevil'sCounterattackVersiónjaponesa[v1 ARCADE],GBCJack'sAdventureTheGreatDevil'sCounterattackJapaneseVersi,3,129,estimada,jacksadventurethegreatdevilscounterattackjapaneseversi
14691,GBCRevistaLuoPaiIntelligence:PensaryresolverelproblemainauguralEdiciónjapone,GBCLuoPaiIntelligenceMagazineThinkingandSolvingInauguralIssu,3,129,estimada,luopaiintelligencemagazinethinkingandsolvinginauguralissu
14692,GBCRevistaLuoPaiIntelligenceThinkingandSolvingNo.2Ediciónjaponesa[v1 ARCAD,GBCLuoPaiIntelligenceMagazineThinkingandSolvingNo.2Japanese,3,129,estimada,luopaiintelligencemagazinethinkingandsolvingno2japanese
14693,GBCRevistaLuoPaiIntelligenceThinkingandSolvingNo.3Ediciónjaponesa[v1 ARCAD,GBCLuoPaiIntelligenceMagazineThinkingandSolvingNo.3Japanese,3,129,estimada,luopaiintelligencemagazinethinkingandsolvingno3japanese
14694,GBCRevistaLuoPaiIntelligenceEdicióninauguraldeInspirationSolvingMysteryEdició,GBCLuoPaiIntelligenceMagazineInauguralIssueofInspirationSolvin,3,129,estimada,luopaiintelligencemagazineinauguralissueofinspirationsolvin
14695,GBCRevistaLuoPaiIntelligenceInspirationSolvingNo.2Ediciónjaponesa[v1 ARCADE],GBCLuoPaiIntelligenceMagazineInspirationSolvingNo.2JapaneseE,3,129,estimada,luopaiintelligencemagazineinspirationsolvingno2japanese
14696,GBCRevistaLuoPaiIntelligenceInspirationSolvingNo.3Ediciónjaponesa[v1 ARCADE],GBCLuoPaiIntelligenceMagazineInspirationSolvingNo.3JapaneseE,3,129,estimada,luopaiintelligencemagazineinspirationsolvingno3japanese
14704,GBCElemblemadelfuegodifundelareencarnacióndelaluzylaoscuridad[v1 ARCADE],GBCTheEmblemofFireSpreadstheReincarnationofLightandDarkne,3,129,estimada,theemblemoffirespreadsthereincarnationoflightanddarkne
24419,GBAleyenda,GBAlegend,3,129,estimada,alegend
24442,GBA叱咤依林日版,GBA叱咤依林日版,3,129,estimada,a叱咤依林日版
24686,GBC¡adelante!AnpanmanIncredibleAlbumversiónjaponesa,GBCgoahead!AnpanmanIncredibleAlbumJapaneseVersion,3,129,estimada,cgoaheadanpanmanincrediblealbum
24687,GBC¡adelante!AnpanmanKingofFiveTowersEdiciónjaponesa,GBCgoahead!AnpanmanKingofFiveTowersJapaneseEdition,3,129,estimada,cgoaheadanpanmankingoffivetowers
30200,Terminator2Arcadep.d,Terminator2Arcadep.d,9,129,estimada,terminator2
30375,Versióneuropeadelaaventuradelaardilla,SquirrelAdventureEuropeanVersion,5,129,estimada,squirreladventure
30379,OnePieceDreamyGreatRouteAdventureVersiónjaponesa,OnePieceFantasyGreatRouteAdventureJapaneseVersion,9,129,estimada,onepiecefantasygreatrouteadventure
30381,BombSupermanExplosionStory5thEdition,BombSupermanBurstGaiden5thEdition,9,129,estimada,bombsupermanburstgaiden5thedition
30382,RanchStory3raversióneuropea,RanchStory3rdEuropeanVersion,13,129,estimada,ranchstory3rd
30384,BiochemicalCommanderUltimateStrengthversióneuropea,BiochemicalCommanderUltimateStrengthEuropeanVersion,5,129,estimada,biochemicalcommanderultimatestrength
30386,AlienFighter2,AlienFighter2,9,129,estimada,alienfighter2
30387,Héroesdelostresreinos,HeroesoftheThreeKingdoms,9,129,estimada,heroesofthethreekingdoms
30390,VersiónestadounidensedeRedFoxAdventure,RedFoxAdventureUSVersion,9,129,estimada,redfoxadventure
30391,BarbieRescuePetsversiónestadounidense,BarbieRescuePetsUSVersion,5,129,estimada,barbierescuepets
30392,DesertIslandAdventure2GenerationVersiónjaponesa,DesertIslandAdventure2GenerationJapaneseVersion,9,129,estimada,desertislandadventure2generation
30393,DesertIslandAdventureVersióneuropea,DesertIslandAdventureEuropeanVersion,5,129,estimada,desertislandadventure
30394,PitufosAventuraVersióneuropea,SmurfsAdventureEuropeanVersion,5,129,estimada,smurfsadventure
30396,CreyónShinChan5,CrayonShinChan5,9,129,estimada,crayonshinchan5
30397,Jurassic3criandodinosaurios,Jurassic3RaisingDinosaurs,9,129,estimada,jurassic3raisingdinosaurs
30398,Soldadodecampoversióneuropea,FieldSoldierEuropeanVersion,5,129,estimada,fieldsoldier
30399,Canariasaventuras,CanaryGreatAdventure,9,129,estimada,canarygreatadventure
30401,Lehmanversióneuropeadesegundageneración,Lehman2ndgenerationEuropeanversion,5,129,estimada,lehman2ndgeneration
30402,ElvientollegaaXilin2,ThewindcomestoXilin2,9,129,estimada,thewindcomestoxilin2
30403,TheWindComesXilin2DesertMagicCityVersiónjaponesa,TheWindComesXilin2DesertMagicCityJapaneseVersion,9,129,estimada,thewindcomesxilin2desertmagiccity
30406,ConejitoAventura1,BunnyAdventure1,9,129,estimada,bunnyadventure1
30407,VersiónjaponesadeGrandStrategy2ndGeneration,GrandStrategy2ndGenerationJapaneseVersion,9,129,estimada,grandstrategy2ndgeneration
30408,Granestrategiaversiónjaponesadetercerageneración,GrandStrategy3rdGenerationJapaneseVersion,9,129,estimada,grandstrategy3rdgeneration
30411,EdiciónjaponesadeHunter'sGenealogy,Hunter'sGenealogyJapaneseEdition,9,129,estimada,huntersgenealogy
30412,Ediciónjaponesadeltesorosecretoprohibido,ForbiddenSecretTreasureJapaneseEdition,9,129,estimada,forbiddensecrettreasure
30413,TimeMysteryVersióneuropea,TimeMysteryEuropeanEdition,5,129,estimada,timemystery
30414,EdiciónJLeagueFootballDay,JLeagueFootballDayEdition,9,129,estimada,jleaguefootballdayedition
30415,EdiciónJLeagueFootballManagerDay,JLeagueFootballManagerDayEdition,9,129,estimada,jleaguefootballmanagerdayedition
30416,KonamiGBGameCollection1versióneuropea,KonamiGBGameCollection1EuropeanVersion,5,129,estimada,konamigbgamecollection1
30417,KonamiGBGameCollection2Versióneuropea,KonamiGBGameCollection2EuropeanVersion,5,129,estimada,konamigbgamecollection2
30418,KonamiGBGameCollection3versióneuropea,KonamiGBGameCollection3EuropeanVersion,5,129,estimada,konamigbgamecollection3
30419,KonamiGBGameCollection4versióneuropea,KonamiGBGameCollection4EuropeanVersion,5,129,estimada,konamigbgamecollection4
30420,EdicióneuropeadelosJuegosOlímpicosdeInviernodeKonami,KonamiWinterOlympicsEuropeanEdition,5,129,estimada,konamiwinterolympics
30421,KOProfessionalBoxingKingEdiciónjaponesa,KOProfessionalBoxingKingJapaneseEdition,9,129,estimada,koprofessionalboxingking
30422,MIBStarWars1stGenerationInBlack1stGenerationVersióndeEE.UU.,MIBStarWars1stGenerationInBlack1stGenerationUSVersion,5,129,estimada,mibstarwars1stgenerationinblack1stgeneration
30425,MTVAthleteBMXCrossCountryBikeVersiónEE.UU.,MTVAthleteBMXCrossCountryBikeUSVersion,5,129,estimada,mtvathletebmxcrosscountrybike
30426,MTVAthleteSkateboardversiónestadounidense,MTVAthleteSkateboardUSVersion,5,129,estimada,mtvathleteskateboard
30427,MTVAthleteSkiVersiónamericana,MTVAthleteSkiAmericanVersion,5,129,estimada,mtvathleteski
30428,NBA3on3BasketballVersiónEE.UU.,NBA3on3BasketballUSVersion,5,129,estimada,nba3on3basketball
30431,NBAzoneversiónestadounidense,NBAzoneUSversion,5,129,estimada,nbazone
30432,NBAProfessionalAzul99EdiciónEuro,NBAProfessionalBlue99EuroEdition,5,129,estimada,nbaprofessionalblue99euroedition
30433,NBAExhibitionGameVersióndeEE.UU.,NBAExhibitionGameUSVersion,5,129,estimada,nbaexhibitiongame
30435,VersiónjaponesadeproduccióndeRPG,RPGproductionJapaneseversion,9,129,estimada,rpgproduction
30436,SDFlyingDragonFistEXversiónjaponesa,SDFlyingDragonFistEXJapaneseVersion,9,129,estimada,sdflyingdragonfistex
30438,TNNChampionshipFishingGameVersióndeEE.UU.,TNNChampionshipFishingGameUSVersion,5,129,estimada,tnnchampionshipfishinggame
30439,Voffroadracingversióneuropea,VoffroadracingEuropeanversion,5,129,estimada,voffroadracing
30440,WCWWrestlingversiónestadounidense,WCWWrestlingUSVersion,5,129,estimada,wcwwrestling
30441,WWFCrazyWrestling2000EdiciónEE.UU.,WWFCrazyWrestling2000USEdition,5,129,estimada,wwfcrazywrestling2000
30442,XMenWarofMutantsversiónestadounidense,XMenWarofMutantsUSVersion,5,129,estimada,xmenwarofmutants
30443,VersiónestadounidensedeXMenWolverine,XMenWolverineUSVersion,5,129,estimada,xmenwolverine
30445,JungleBallGameVersióndeEE.UU.,JungleBallGameUSVersion,5,129,estimada,jungleballgame
30446,EdiciónSweetTravelDaydeDannyBaby,DannyBaby'sSweetTravelDayEdition,9,129,estimada,dannybabyssweettraveldayedition
30447,LegendRPGversiónestadounidense,LegendRPGUSversion,5,129,estimada,legendrpg
30450,MantengasuequilibrioenEuropa,Keepbalance,5,129,estimada,keepbalance
30452,GloryWingsversiónestadounidense,GloryWingsUSVersion,5,129,estimada,glorywings
30453,Edicióndeldíapúblicodelbéisbol,PublicBaseballDayEdition,9,129,estimada,publicbaseballdayedition
30454,RoadRacer98EdiciónEE.UU.,RoadRacer98USEdition,5,129,estimada,roadracer98
30455,Hockeysobrehielo2000EdiciónEE.UU.,IceHockey2000USEdition,5,129,estimada,icehockey2000
30456,Cochedeesquídehieloversióneuropea,IceskicarEuropeanversion,5,129,estimada,iceskicar
30457,EdicióndeldíadesurfYelang,SurfingYelangDayEdition,9,129,estimada,surfingyelangdayedition
30458,TaxiHighSpeed​​2Ediciónfrancesa,TaxiHighSpeed​​2FrenchEdition,9,129,estimada,taxihighspeed2frenchedition
30460,VersiónjaponesaDynamicBeat,DynamicBeatJapaneseVersion,9,129,estimada,dynamicbeat
30461,AnimalLandversiónamericana,AnimalLandAmericanVersion,5,129,estimada,animalland
30462,EdiciónAnimalKingDay,AnimalKingDayEdition,9,129,estimada,animalkingdayedition
30463,Alimentadordeanimalesversiónjaponesadetercerageneración,AnimalFeeder3rdGenerationJapaneseVersion,9,129,estimada,animalfeeder3rdgeneration
30464,Alimentadordeanimales4tageneraciónversiónjaponesa,AnimalFeeder4thGenerationJapaneseVersion,9,129,estimada,animalfeeder4thgeneration
30465,PuñodeOsaMayor,BigDipperFist,9,129,estimada,bigdipperfist
30466,Chicatravestidaversiónjaponesa,CrossdressedgirlJapaneseversion,9,129,estimada,crossdressedgirl
30467,Conviérteteenunreyversióneuropea,BecomeaKingEuropeanVersion,5,129,estimada,becomeaking
30468,Guerrerotransformadoversióneuropea,TransformedWarriorEuropeanVersion,5,129,estimada,transformedwarrior
30469,GuerrerodelaTransfiguración,TransfigurationWarrior,9,129,estimada,transfigurationwarrior
30471,CrashWolfCrazyCastleVersióneuropea,CrashingWolfCrazyCastleEuropeanVersion,5,129,estimada,crashingwolfcrazycastle
30472,CrashWolfAdventureversióneuropea,CrashWolfAdventureEuropeanVersion,5,129,estimada,crashwolfadventure
30473,EdicióndelDíadelGuardiándeAncientCapitalAdventure,AncientCapitalAdventureGuardianDayEdition,9,129,estimada,ancientcapitaladventureguardiandayedition
30476,MissPacmanCollectionversiónestadounidense,MissPacmanCollectionUSVersion,5,129,estimada,misspacmancollection
30477,EdicióndelDíaMágicodeGuruGuru,GuruGuruMagicDayEdition,9,129,estimada,gurugurumagicdayedition
30480,DungeonSaverVersiónjaponesa,DungeonSaverJapaneseEdition,9,129,estimada,dungeonsaver
30481,SakataGoroNineDanRenjuClassroomVersiónjaponesa,SakataGoroNineDanRenjuClassroomJapaneseVersion,9,129,estimada,sakatagoroninedanrenjuclassroom
30482,FortressAdventureEdicióneuropea,FortressAdventureEuropeanEdition,5,129,estimada,fortressadventure
30483,DoraemonMultiplicationLearningversiónjaponesa,DoraemonMultiplicationLearningJapaneseVersion,9,129,estimada,doraemonmultiplicationlearning
30484,DoraemonPetStoryversiónjaponesa,DoraemonPetStoryJapaneseVersion,9,129,estimada,doraemonpetstory
30486,EdicióndeldíadeaventurasdeDoraemonLabyrinth,DoraemonLabyrinthAdventureDayEdition,9,129,estimada,doraemonlabyrinthadventuredayedition
30487,DoraemonNobitaAdventureVersiónjaponesa,DoraemonNobitaAdventureJapaneseVersion,9,129,estimada,doraemonnobitaadventure
30488,DoraemonRacing2daedición,DoraemonRacing2ndEdition,9,129,estimada,doraemonracing2ndedition
30489,DoraemonQuizVersiónjaponesa,DoraemonQuizJapaneseVersion,9,129,estimada,doraemonquiz
30490,Espadaanchaversióneuropea,BroadswordEuropeanversion,5,129,estimada,broadsword
30491,EdiciónjaponesaStrongForeman,StrongForemanJapaneseEdition,9,129,estimada,strongforeman
30492,HerculesLegendaryJourneyversiónestadounidense,HerculesLegendaryJourneyUSVersion,5,129,estimada,herculeslegendaryjourney
30493,MonopolyDXversiónjaponesa,MonopolyDXJapaneseversion,9,129,estimada,monopolydx
30495,Granlucha,BigWrestling,5,129,estimada,bigwrestling
30496,VersióndeGreatBattleUS,GreatBattleUSVersion,5,129,estimada,greatbattle
30498,RobberGoemon2generaciónversiónjaponesa,RobberGoemon2generationJapaneseversion,9,129,estimada,robbergoemon2generation
30499,RobberGoemon3rdversiónjaponesa,RobberGoemon3rdJapaneseVersion,9,129,estimada,robbergoemon3rd
30502,Elosoenlagranhabitaciónazul,Thebearinthebigblueroom,5,129,estimada,thebearinthebigblueroom
30503,BigShellMonsterStoryEllaberintodeBoyong2,BigShellMonsterStoryBoyong'sLabyrinth2,9,129,estimada,bigshellmonsterstoryboyongslabyrinth2
30504,DaibeiMonsterStory1versiónjaponesa,DaibeiMonsterStory1JapaneseVersion,9,129,estimada,daibeimonsterstory1
30505,BigShellMonsterStory2Versiónjaponesa,BigShellMonsterStory2JapaneseVersion,9,129,estimada,bigshellmonsterstory2
30506,BigShellMonsterStoryMagicZone2daedición,BigShellMonsterStoryMagicZone2ndEdition,9,129,estimada,bigshellmonsterstorymagiczone2ndedition
30507,Grandesgatosmontesesycanarios,BigWildcatandCanary,5,129,estimada,bigwildcatandcanary
30508,ContinentalLegendVersióneuropea,ContinentalLegendEuropeanVersion,5,129,estimada,continentallegend
30509,Aventurerosolitario1,LonelyAdventurer1,9,129,estimada,lonelyadventurer1
30510,Aventurerosolitario2,LonelyAdventurer2,9,129,estimada,lonelyadventurer2
30512,GemMonsterversiónestadounidense,GemMonsterUSVersion,14,129,estimada,gemmonster
30513,BabyBearHappyVillageversiónjaponesa,BabyBearHappyVillageJapaneseVersion,9,129,estimada,babybearhappyvillage
30514,BabyPigversiónestadounidense,BabyPigUSVersion,5,129,estimada,babypig
30515,BunnyCrazyCastle3versiónestadounidense,Bunny–CrazyCastle3USVersion,5,129,estimada,bunnycrazycastle3
30517,BunnyCrazyCartoonversiónestadounidense,BunnyCrazyCartoonUSVersion,5,129,estimada,bunnycrazycartoon
30518,Bunnyversiónestadounidense,BunnyUSversion,5,129,estimada,bunny
30519,BunnyRacingversiónestadounidense,BunnyRacingUSVersion,5,129,estimada,bunnyracing
30520,PokémonReydelaTorredeJade,PokemonKingofJadeTower,9,129,estimada,pokemonkingofjadetower
30521,BattleShogiversiónjaponesa,BattleShogiJapaneseVersion,9,129,estimada,battleshogi
30522,BattleDance4versiónparaEE.UU.YEuropa,BattleDance4USandEuropeversion,5,129,estimada,battledance4usandeuropeversion
30523,Batallacontralaversiónestadounidensedelmileniodeladanza,BattleagainstthedancemillenniumUSversion,5,129,estimada,battleagainstthedancemillennium
30524,BruxiongSmartLakeGermanEdition,BruxiongSmartLakeGermanEdition,9,129,estimada,bruxiongsmartlakegermanedition
30526,Guerreroarcoiris,RainbowWarrior,9,129,estimada,rainbowwarrior
30527,DebemataraPachinkoBoyversiónjaponesa,MustKillPachinkoBoyJapaneseVersion,9,129,estimada,mustkillpachinkoboy
30528,EdiciónWeirdZonaDay,WeirdZonaJapaneseEdition,9,129,estimada,weirdzona
30529,EdiciónMonsterCardBattleDay,MonsterCardBattleDayEdition,9,129,estimada,monstercardbattledayedition
30530,"MonsterBattleCard,versiónestadounidense",MonsterBattleCardUSVersion,5,129,estimada,monsterbattlecard
30531,MonsterDemolition1stGenerationWorldTourVersióndeEE.UU.,MonsterDemolition1stGenerationWorldTourUSVersion,5,129,estimada,monsterdemolition1stgenerationworldtour
30533,EdiciónMonsterWalkingDay,MonsterWalkingDayEdition,9,129,estimada,monsterwalkingdayedition
30534,EdiciónEuroMonsterCarRace,MonsterCarRaceEuroEdition,5,129,estimada,monstercarraceeuroedition
30535,EdiciónestadounidensedeMonsterCompany,MonsterCompanyUSEdition,5,129,estimada,monstercompany
30536,MonstruoGOGOGO,MonsterGOGOGO,9,129,estimada,monstergogogo
30537,VersiónjaponesadeGhostStory,GhostStoryJapaneseVersion,9,129,estimada,ghoststory
30545,RVContestVersióndeEE.UU.,RVContestUSVersion,5,129,estimada,rvcontest
30546,Vestirdiario,Dressupdiary,9,129,estimada,dressupdiary
30547,Versióneuropeadelmonodelagujero,HoleMonkeyEuropeanVersion,5,129,estimada,holemonkey
30548,Hunting2ediciónalemana,Hunting2GermanEdition,9,129,estimada,hunting2germanedition
30549,Plandepescaversióneuropea,FishingplanEuropeanversion,5,129,estimada,fishingplan
30550,Didfordniñodivertido,FunnyKidDidford,5,129,estimada,funnykiddidford
30551,Conquistalaversiónjaponesadellaberinto,ConquertheMazeJapaneseVersion,9,129,estimada,conquerthemaze
30552,Versióndedíadeaventuradespuésdeclase,Afterclassadventuredayversion,9,129,estimada,afterclassadventuredayversion
30553,Versiónestadounidensedelamotocicletaviolenta,ViolentmotorcycleUSversion,5,129,estimada,violentmotorcycle
30554,RunawayTruckLegendVersiónjaponesa,RunawayTruckLegendJapaneseVersion,9,129,estimada,runawaytrucklegend
30555,VersiónestadounidensedeRunawayWars,RunawayWarsUSVersion,5,129,estimada,runawaywars
30556,VersiónjaponesadelaguíaPachinkodeZengCun,ZengCun'sPachinkoGuideJapaneseVersion,9,129,estimada,zengcunspachinkoguide
30557,Benjamin'sZooTourVersiónalemana,Benjamin'sZooTourGermanVersion,9,129,estimada,benjaminszootourgermanversion
30559,Shogiversiónjaponesa,ShogiJapaneseversion,9,129,estimada,shogi
30560,BengeFlowerGiftVersiónjaponesa,BengeFlowerGiftJapaneseVersion,9,129,estimada,bengeflowergift
30561,TripasdeDuGe,DuGe'sGuts,14,129,estimada,dugesguts
30563,PachinkoWinnerGuideEdiciónjaponesa,PachinkoWinningGuideJapaneseEdition,9,129,estimada,pachinkowinningguide
30564,EdicióndeldíadeGrandia,GrandiaDayEdition,8,129,estimada,grandiadayedition
30565,Diosdelaespadadelucha,FightingSwordGod,8,129,estimada,fightingswordgod
30566,FightingKing2003,FightingKing2003,8,129,estimada,fightingking2003
30567,FightingCookingLegendDuelVersiónjaponesa,FightingCookingLegendDuelJapaneseVersion,8,129,estimada,fightingcookinglegendduel
30568,FightingCookingLegendFightingJapaneseVersion,FightingCookingLegendFightingJapaneseVersion,8,129,estimada,fightingcookinglegendfighting
30569,FightingSupreme2003,FightingSupreme2003,8,129,estimada,fightingsupreme2003
30570,Rugby2000EdiciónEuro,Rugby2000EuroEdition,4,129,estimada,rugby2000euroedition
30571,Rugby2001Edicióneuropea,Rugby2001EuropeanEdition,4,129,estimada,rugby2001
30573,Edicióndeldíadelaguerradegiroscopiosdepróximageneración,NextGenerationGyroWarDayEdition,8,129,estimada,nextgenerationgyrowardayedition
30574,BillyBobFishingGameversiónestadounidense,BillyBobFishingGameUSVersion,4,129,estimada,billybobfishinggame
30575,BibiQueenofFlowersversiónalemana,BibiQueenofFlowersGermanVersion,8,129,estimada,bibiqueenofflowersgermanversion
30576,VersiónestadounidensedeBitBuddhaJungleAdventure,BitBuddhaJungleAdventureUSVersion,4,129,estimada,bitbuddhajungleadventure
30578,Burstballburstversiónjaponesa,BurstballburstJapaneseversion,8,129,estimada,burstballburst
30579,HilaranteBoxing2Versiónestadounidense,HilariousBoxing2USVersion,4,129,estimada,hilariousboxing2
30581,Amistaddeacerodeguerraexplosiva,BlastingWarFriendshipofSteel,16,129,estimada,blastingwarfriendshipofsteel
30582,TopSpinner2ndEdition,TopSpinner2ndEdition,8,129,estimada,topspinner2ndedition
30583,TopSpinningTopVersiónjaponesa,TopSpinningTopJapaneseVersion,8,129,estimada,topspinningtop
30584,VersióneuropeadelaestacióndeGougou,GougouStationEuropeanVersion,4,129,estimada,gougoustation
30585,DogStationVersióndeEE.UU.,DogStationUSVersion,4,129,estimada,dogstation
30586,DragóndefuegodeGuagua,GuaguaFireDragon,8,129,estimada,guaguafiredragon
30587,VersiónestadounidenseyeuropeadeGuagualongdeprimerageneración,Guagualong1stgenerationUSandEuropeanversion,4,129,estimada,guagualong1stgenerationusand
30588,VersiónestadounidensedesegundageneracióndeGuagualong,Guagualong2ndGenerationUSVersion,4,129,estimada,guagualong2ndgeneration
30589,Versióneuropeadelcubodedescargaeléctrica,ElectricshockcubeEuropeanversion,4,129,estimada,electricshockcube
30591,VersióndeelevadorfrentearobotVersióndeEE.UU.,Elevatorvs.RobotVersionUSVersion,4,129,estimada,elevatorvsrobotversion
30592,TranvíaGO!Versiónjaponesadeprimerageneración,TramGO!1stgenerationJapaneseversion,8,129,estimada,tramgo1stgeneration
30593,TranvíaGO!Versiónjaponesadesegundageneración,TramGO!2ndgenerationJapaneseversion,8,129,estimada,tramgo2ndgeneration
30596,VersióneuropeadeCrazyArena,CrazyArenaEuropeanVersion,4,129,estimada,crazyarena
30597,Monopolioloco,CrazyMonopoly,8,129,estimada,crazymonopoly
30598,Locoagi2,CrazyAgi2,8,129,estimada,crazyagi2
30599,EdiciónKingGaiaCardBattleDay,KingGaiaCardBattleDayEdition,8,129,estimada,kinggaiacardbattledayedition
30600,Estúpidoladrónycabezademelón,StupidThiefandMelonHead,8,129,estimada,stupidthiefandmelonhead
30601,Laprimeraguerradesúperrobots,The1stSuperRobotWar,8,129,estimada,the1stsuperrobotwar
30602,Lasegundaguerradesúperrobots,The2ndSuperRobotWar,8,129,estimada,the2ndsuperrobotwar
30603,Edicióndeldíadecarrerasdelaprimerafila,Firstrowracingdayedition,8,129,estimada,firstrowracingdayedition
30605,Edicióndeldíadelafiestadelpropietarioinocenteyelinquilinobonito,InnocentLandlordandPrettyTenantPartyDayEdition,8,129,estimada,innocentlandlordandprettytenantpartydayedition
30606,"Comidaparaamigos,1aedición","Foodforfriends,1stedition",8,129,estimada,foodforfriends1stedition
30607,"Comidaparabuenosamigos,2aedición","Foodforgoodfriends,2ndedition",8,129,estimada,foodforgoodfriends2ndedition
30608,Alimentosparamascotas1aedición,Foodforpets1stedition,8,129,estimada,foodforpets1stedition
30609,Alimentosparamascotas2daedición,FoodforPets2ndEdition,8,129,estimada,foodforpets2ndedition
30610,Alimentosparamascotas3aedición,FoodforPets3rdEdition,8,129,estimada,foodforpets3rdedition
30611,Alimentosparamascotas4taedición,FoodforPets4thEdition,8,129,estimada,foodforpets4thedition
30612,Alimentosparamascotas5taedición,FoodforPets5thEdition,8,129,estimada,foodforpets5thedition
30613,Versiónjaponesadelrestaurantedetéescarlata,ScarletTeaRestaurantJapaneseVersion,8,129,estimada,scarlettearestaurant
30614,Flipcubeversiónestadounidense,FlipcubeUSversion,4,129,estimada,flipcube
30615,VersiónjaponesadeTanmeiLegend,TanmeiLegendJapaneseVersion,8,129,estimada,tanmeilegend
30616,BugCrisisVersióndeEE.UU.,BugCrisisUSVersion,4,129,estimada,bugcrisis
30621,EspíacontraespíaJapón,Spyvs.SpyJapan,8,129,estimada,spyvsspyjapan
30622,Espíacontraeuro,Spyvs.Euro,4,129,estimada,spyvseuro
30624,BeckhamFootballEuropeanEdition,BeckhamFootballEuropeanEdition,4,129,estimada,beckhamfootball
30625,BeibeiBearFeverSportsversiónestadounidense,BeibeiBearFeverSportsUSVersion,4,129,estimada,beibeibearfeversports
30626,FerretStoryversiónjaponesa,FerretStoryJapaneseVersion,8,129,estimada,ferretstory
30627,FelixCatHalloweenVersióneuropea,FelixCatHalloweenEuropeanVersion,4,129,estimada,felixcathalloween
30628,¡SúperGALS!EdicióndeldíadeShoulan,SuperGALS!ShoulanDayEdition,8,129,estimada,supergalsshoulandayedition
30629,SuperZhanshiJuejueLaversiónjaponesadelcapítulodefuego,SuperZhanshiJuejueTheJapaneseversionofthefirechapter,8,129,estimada,superzhanshijuejuethejapaneseversionofthefirechapter
30630,SuperAccountancyDecisionOathsVersiónjaponesa,SuperAccountancyDecisionOathsJapaneseVersion,8,129,estimada,superaccountancydecisionoaths
30631,DiariodeSuperPlanet,SuperPlanetDiary,7,129,estimada,superplanetdiary
30633,Versióndedíadepescasúperrealista,Superrealisticfishingdayversion,8,129,estimada,superrealisticfishingdayversion
30634,Macross7maedición,Macross7thEdition,8,129,estimada,macross7thedition
30636,SuperRobotWarsF,SuperRobotWarsF,8,129,estimada,superrobotwarsf
30638,Ediciónde2000díasdelosSuperJuegosOlímpicosdeInvierno,SuperWinterOlympics2000DayEdition,8,129,estimada,superwinterolympics2000dayedition
30639,EdicióndeldíadepistaycampodelaserieSúperOlímpica,SuperOlympicSeriesTrackandFieldDayEdition,8,129,estimada,superolympicseriestrackandfielddayedition
30640,SupermuñecaRikaDayEdition,SuperDollRikaDayEdition,8,129,estimada,superdollrikadayedition
30641,SuperBrickBreakerversiónestadounidense,SuperBrickBreakerUSversion,4,129,estimada,superbrickbreaker
30643,SuperBlackBath3rdGenerationJapaneseEdition,SuperBlackBath3rdGenerationJapaneseEdition,8,129,estimada,superblackbath3rdgeneration
30644,EdiciónSuperEvolutionDigimonGems,SuperEvolutionDigimonGemsEdition,8,129,estimada,superevolutiondigimongemsedition
30645,DuffyDuckGetRichversiónestadounidense,DuffyDuckGetRichUSVersion,4,129,estimada,duffyduckgetrich
30646,TorneodemagiadeDisneyWorld,DisneyWorldMagicTournament,4,129,estimada,disneyworldmagictournament
30647,Disneydinosaurioversiónestadounidense,DisneyDinosaurUSVersion,4,129,estimada,disneydinosaur
30648,EdiciónRoadChaseSail,RoadChaseSailEdition,4,129,estimada,roadchasesailedition
30649,Guerradearmasdeacero,GunSteelWar,8,129,estimada,gunsteelwar
30650,HistoriadeGundam2,GundamStory2,8,129,estimada,gundamstory2
30651,Sr.Pesca2daEdición,Mr.Fishing2ndEdition,8,129,estimada,mrfishing2ndedition
30652,EdiciónDíadeAventurasdePesca,FishingAdventureDayEdition,8,129,estimada,fishingadventuredayedition
30653,KingFishing1stGenerationVersióndeEE.UU.,KingFishing1stGenerationUSVersion,4,129,estimada,kingfishing1stgeneration
30654,FishingKing2versiónestadounidense,FishingKing2USVersion,4,129,estimada,fishingking2
30655,"Reydelapesca,versiónjaponesa",FishingKingJapaneseVersion,8,129,estimada,fishingking
30656,PescaTaro4taEdición,FishingTaro4thEdition,8,129,estimada,fishingtaro4thedition
30657,Barcodepescaversiónestadounidense,FishingBoatUSVersion,4,129,estimada,fishingboat
30658,EdiciónDíadePesca,FishingDayEdition,8,129,estimada,fishingdayedition
30659,ShovelTruckversiónestadounidense,ShovelTruckUSVersion,4,129,estimada,shoveltruck
30661,TranvíaGo!1,TramGo!1,8,129,estimada,tramgo1
30662,TranvíaGo!2,TramGo!2,8,129,estimada,tramgo2
30663,Versióneuropeadeprimerageneracióndelrallysuperior,TopRally1stGenerationEuropeanVersion,4,129,estimada,toprally1stgeneration
30664,Versióneuropeade2ageneracióndelRallysuperior,TopRally2ndGenerationEuropeanVersion,4,129,estimada,toprally2ndgeneration
30665,NausicaädelValledelViento2,NausicaäoftheValleyoftheWind2,8,129,estimada,nausicaaofthevalleyofthewind2
30666,VientoaXilin1,WindtoXilin1,8,129,estimada,windtoxilin1
30667,HotWheelsRacingversiónestadounidense,HotWheelsRacingUSVersion,4,129,estimada,hotwheelsracing
30668,FlyingDragonFistEX,FlyingDragonFistEX,8,129,estimada,flyingdragonfistex
30669,PuñodedragónvoladorGaiden,FlyingDragonFistGaiden,8,129,estimada,flyingdragonfistgaiden
30670,PowerpuffGirlsBadWarcraftVersiónamarillaVersióndeEE.UU.,PowerpuffGirlsBadWarcraftYellowVersionUSVersion,4,129,estimada,powerpuffgirlsbadwarcraftyellowversion
30671,FlyingDragonFistRietingVersiónjaponesa,FlyingDragonFistLieChuanJapaneseVersion,8,129,estimada,flyingdragonfistliechuan
30672,Lobohambriento,Hungrywolf,8,129,estimada,hungrywolf
30673,Ediciónjaponesadebéisboldesecundaria,HighSchoolBaseballJapaneseEdition,8,129,estimada,highschoolbaseball
30674,GauberIntellectualGameCollectionVersióneuropea,GauberIntellectualGameCollectionEuropeanVersion,4,129,estimada,gauberintellectualgamecollection
30675,"ColeccióndejuegosdeinteligenciadeGauber,versiónestadounidense",Gauber'sIntelligenceGameCollectionUSVersion,4,129,estimada,gaubersintelligencegamecollection
30676,GolfKingEdiciónjaponesa,GolfKingJapaneseEdition,8,129,estimada,golfking
30678,GhostHorseElfversiónestadounidense,GhostHorseElfUSVersion,4,129,estimada,ghosthorseelf
30680,Tresleonesdefútbolversióneuropea,ThreeLionsFootballEuropeanVersion,4,129,estimada,threelionsfootball
30681,TripleBaseball3EdiciónEuro,TripleBaseball3EuroEdition,4,129,estimada,triplebaseball3euroedition
30682,SetagayaGolfClubversiónjaponesa,SetagayaGolfClubJapaneseversion,8,129,estimada,setagayagolfclub
30683,WorldF1carversióneuropea,WorldF1carEuropeanversion,4,129,estimada,worldf1car
30684,LottoPakChingSisterVersiónjaponesa,LottoPakChingSisterJapaneseVersion,8,129,estimada,lottopakchingsister
30685,LegoGrandPrixEdiciónEuropea,LegoGrandPrixEuropeanEdition,4,129,estimada,legograndprix
30686,LegoIsland2ndGenerationVersióndeEE.UU.,LegoIsland2ndGenerationUSVersion,4,129,estimada,legoisland2ndgeneration
30687,FórmulaLego,FormulaLego,4,129,estimada,formulalego
30688,LEGOGameWorldversióneuropea,LEGOGameWorldEuropeanVersion,8,129,estimada,legogameworld
30690,Versióneuropeadetenisdemesa,TableTennisEuropeanVersion,4,129,estimada,tabletennis
30691,VersiónjaponesadeIyosukeMahjongSchool,IyosukeMahjongSchoolJapaneseVersion,8,129,estimada,iyosukemahjongschool
30692,LifeTheatreversiónjaponesa,LifeTheaterJapaneseVersion,8,129,estimada,lifetheater
30693,GameofLifeDXversiónjaponesa,GameofLifeDXJapaneseVersion,8,129,estimada,gameoflifedx
30694,PlanificaciónS11versióneuropea,PlanningS11Europeanversion,4,129,estimada,plannings11
30695,EdiciónjaponesadeCreweTown,CreweTownJapaneseEdition,8,129,estimada,crewetown
30696,AllStarBaseball2000EdiciónEuro,AllStarBaseball2000EuroEdition,4,129,estimada,allstarbaseball2000euroedition
30698,AllStarTennis2000EdiciónEuro,AllStarTennis2000EuroEdition,4,129,estimada,allstartennis2000euroedition
30699,VersiónjaponesadeNationalShogiElementary,NationalShogiElementaryJapaneseVersion,8,129,estimada,nationalshogielementary
30700,OchoDragonBall,EightDragonBall,8,129,estimada,eightdragonball
30701,VersióndeHexagonSquareEE.UU.,HexagonSquareUSVersion,4,129,estimada,hexagonsquare
30702,LiumenTianwaiversiónjaponesa,LiumenTianwaiJapaneseVersion,8,129,estimada,liumentianwai
30704,Juegodecisivodeajedrez,Decisivegameofchess,4,129,estimada,decisivegameofchess
30705,KainaBattlePrincessversiónestadounidense,Kaina–BattlePrincessUSVersion,4,129,estimada,kainabattleprincess
30706,VersiónestadounidensedesegundageneracióndelCaesarsPalace,CaesarsPalace2ndGenerationUSVersion,4,129,estimada,caesarspalace2ndgeneration
30708,HelloKittyLuckyDictionaryEdiciónjaponesa,HelloKittyLuckyDictionaryJapaneseEdition,8,129,estimada,hellokittyluckydictionary
30709,HelloKittyColorPearlStudioversiónjaponesa,HelloKittyColorPearlStudioJapaneseVersion,8,129,estimada,hellokittycolorpearlstudio
30710,HelloKittyHappyHouseversiónjaponesa,HelloKittyHappyHouseJapaneseVersion,8,129,estimada,hellokittyhappyhouse
30711,EdicióndeldíadellibromágicodeHelloKitty,HelloKittyMagicBookDayEdition,8,129,estimada,hellokittymagicbookdayedition
30712,HelloKittyyDaniel'sDreamAdventureDayEdition,HelloKittyandDaniel'sDreamAdventureDayEdition,8,129,estimada,hellokittyanddanielsdreamadventuredayedition
30713,HelloKittyCubeversiónestadounidense,HelloKittyCubeUSVersion,4,129,estimada,hellokittycube
30714,EdicióndeldíadeladulceaventuradeHelloKitty,HelloKittySweetAdventureDayEdition,8,129,estimada,hellokittysweetadventuredayedition
30715,IraRacecourseJapaneseEdition,GotoRacecourseJapaneseEdition,8,129,estimada,gotoracecourse
30716,PrimeraediciónGuerraNuevaMisiónDía,FrontlineWarNewMissionDayEdition,8,129,estimada,frontlinewarnewmissiondayedition
30717,Versióneuropeadeprimeralíneadeguerra,FrontlineWarEuropeanVersion,4,129,estimada,frontlinewar
30722,FiestadecumpleañosdeNudiversióneuropea,Nudi'sbirthdaypartyEuropeanversion,4,129,estimada,nudisbirthdayparty
30723,MaddenNBA2001Versiónestadounidense,MaddenNBA2001USVersion,4,129,estimada,maddennba2001
30724,LamejorversióndeNBA99paraEE.UU.YEuropadelmundo,World'sbestNBA99USandEuropeanversion,4,129,estimada,worldsbestnba99usand
30725,DanceRevolution1stGenerationVersiónjaponesa,DanceRevolution1stGenerationJapaneseVersion,8,129,estimada,dancerevolution1stgeneration
30726,DanceRevolution2ndGenerationVersiónjaponesa,DanceRevolution2ndGenerationJapaneseVersion,8,129,estimada,dancerevolution2ndgeneration
30727,DanceRevolution3rageneraciónversiónjaponesa,DanceRevolution3rdGenerationJapaneseVersion,8,129,estimada,dancerevolution3rdgeneration
30728,DanceRevolutionDisneyMusicCollectionVersiónjaponesa,DanceRevolutionDisneyMusicCollectionJapaneseVersion,8,129,estimada,dancerevolutiondisneymusiccollection
30729,VersiónjaponesadesegundageneracióndeFossilCreation,FossilCreation2ndGenerationJapaneseVersion,8,129,estimada,fossilcreation2ndgeneration
30730,EdicióndeldíadeCrossHunterXHunter,CrossHunterXHunterDayEdition,8,129,estimada,crosshunterxhunterdayedition
30731,CrossHunterTreasureHuntVersiónjaponesa,CrossHunterTreasureHuntJapaneseVersion,8,129,estimada,crosshuntertreasurehunt
30732,CrossHunterMonstersversiónjaponesa,CrossHunterMonstersJapaneseVersion,8,129,estimada,crosshuntermonsters
30733,TenSidesAmbushTianlongChapter,TenSidesAmbushTianlongChapter,8,129,estimada,tensidesambushtianlongchapter
30734,EmboscadaportodosladosMatanzadedragones,AmbushonAllSidesDragonSlaying,8,129,estimada,ambushonallsidesdragonslaying
30735,Emboscadaendiezlados,AmbushonTenSides,8,129,estimada,ambushontensides
30736,VersióneuropeadelosJuegosOlímpicosdeInviernodelMilenio,EuropeanversionoftheMillenniumWinterOlympics,4,129,estimada,europeanversionofthemillenniumwinterolympics
30737,EdiciónMillenniumAdventureDay,MillenniumAdventureDayEdition,8,129,estimada,millenniumadventuredayedition
30738,EdiciónjaponesadeHualanTigerDragonAcademy,HualanTigerDragonAcademyJapaneseEdition,8,129,estimada,hualantigerdragonacademy
30739,WarnerStarCollectionversióneuropea,WarnerStarCollectionEuropeanVersion,4,129,estimada,warnerstarcollection
30740,WarnerStarMarvin'scontraataqueversiónestadounidense,WarnerStarMarvin'scounterattackUSversion,4,129,estimada,warnerstarmarvinscounterattack
30741,HuaNaiStarCrisisWarversiónestadounidense,HuaNaiStarCrisisWarUSVersion,4,129,estimada,huanaistarcrisiswar
30742,EdiciónCardDuelDay,CardDuelDayEdition,8,129,estimada,carddueldayedition
30743,EdicióndeCardHeroesShowdownDay,CardHeroesShowdownDayEdition,8,129,estimada,cardheroesshowdowndayedition
30744,EdiciónCardHeroDay,CardHeroDayEdition,8,129,estimada,cardherodayedition
30745,CamelLegendEuropeanEdition,CamelLegendEuropeanEdition,8,129,estimada,camellegend
30747,EdicióndeldíadelascarrerasdecaballosPocketGI,PocketGIHorseRacingDayEdition,8,129,estimada,pocketgihorseracingdayedition
30748,PocketGTRacingEdiciónjaponesa,PocketGTRacingJapaneseEdition,8,129,estimada,pocketgtracing
30750,PocketShanghaiUSEdition,PocketShanghaiUSEdition,12,129,estimada,pocketshanghai
30753,Cambiocelestialdebolsillo,PocketCelestialChange,8,129,estimada,pocketcelestialchange
30754,PocketCelestialSilkwormseconvierteenversióneuropea,PocketCelestialSilkwormbecomesEuropeanversion,4,129,estimada,pocketcelestialsilkwormbecomes
30755,PocketPoolColorEditionEdiciónjaponesa,PocketPoolColorEditionJapaneseEdition,8,129,estimada,pocketpoolcoloredition
30756,PocketSquareColorEditionEdiciónjaponesa,PocketSquareColorEditionJapaneseEdition,8,129,estimada,pocketsquarecoloredition
30758,EdiciónjaponesadePocketKingdom,PocketKingdomJapaneseEdition,8,129,estimada,pocketkingdom
30759,PocketTram2dageneraciónversiónjaponesa,PocketTram2ndGenerationJapaneseVersion,8,129,estimada,pockettram2ndgeneration
30760,PocketSolitaireColorEditionEdiciónjaponesa,PocketSolitaireColorEditionJapaneseEdition,8,129,estimada,pocketsolitairecoloredition
30761,EdiciónPocketProWrestlingDay,PocketProWrestlingDayEdition,8,129,estimada,pocketprowrestlingdayedition
30762,EdiciónPocketProBaseballDay,PocketProBaseballDayEdition,8,129,estimada,pocketprobaseballdayedition
30763,Tarjetadefloresdebolsilloversiónjaponesa,PocketflowercardJapaneseversion,8,129,estimada,pocketflowercard
30765,PocketRacing1stGenerationVersióndeEE.UU.,PocketRacing1stGenerationUSVersion,12,129,estimada,pocketracing1stgeneration
30767,PocketRacing2dageneraciónversiónestadounidense,PocketRacing2ndGenerationUSVersion,12,129,estimada,pocketracing2ndgeneration
30768,Fútboldebolsillo,Pocketfootball,4,129,estimada,pocketfootball
30769,PocketMiniRacerEdicióneuropea,PocketMiniRacerEuropeanEdition,4,129,estimada,pocketminiracer
30771,PocketMagicBubbleSunEditionEdiciónjaponesa,PocketMagicBubbleSunEditionJapaneseEdition,8,129,estimada,pocketmagicbubblesunedition
30772,PocketMahjongColorEditionEdiciónjaponesa,PocketMahjongColorEditionJapaneseEdition,8,129,estimada,pocketmahjongcoloredition
30773,Lindaversión4WDQday,Cute4WDQdayversion,8,129,estimada,cute4wdqdayversion
30774,CutePetShopStory1versiónjaponesa,CutePetShopStory1JapaneseVersion,8,129,estimada,cutepetshopstory1
30775,CutePetShopStory2versiónjaponesa,CutePetShopStory2JapaneseVersion,8,129,estimada,cutepetshopstory2
30776,Cochedecarreraslindo,Cuteracingcar,8,129,estimada,cuteracingcar
30778,LindaversiónjaponesadeMahjong,CuteMahjongJapaneseVersion,8,129,estimada,cutemahjong
30780,ShrekO,ShrekO,4,129,estimada,shreko
30781,MetalSlug2001,MetalSlug2001,8,129,estimada,metalslug2001
30787,JimmyPoolEuropeo,JimmyPoolEuropean,4,129,estimada,jimmypooleuropean
30789,DetectiveConanKoriTempleMurderCaseVersiónjaponesa,DetectiveConanKoriTempleMurderCaseJapaneseVersion,8,129,estimada,detectiveconankoritemplemurdercase
30790,DetectiveConanTheCursedRouteVersiónjaponesa,DetectiveConanTheCursedRouteJapaneseVersion,8,129,estimada,detectiveconanthecursedroute
30791,DetectiveConan:Elasesinatoeneltemploinstitucional,DetectiveConan:TheMurderintheInstitutionTemple,8,129,estimada,detectiveconanthemurderintheinstitutiontemple
30792,HaroldMechanicalArenaversiónestadounidense,HaroldMechanicalArenaUSVersion,4,129,estimada,haroldmechanicalarena
30793,HazdaRacingVersiónamericana,HazdaRacingAmericanVersion,4,129,estimada,hazdaracing
30794,"Harry,elmisteriodelahabitación","Harry,themysteryoftheroom",8,129,estimada,harrythemysteryoftheroom
30799,HarrowRobotJapaneseEdition,HarrowRobotJapaneseEdition,8,129,estimada,harrowrobot
30800,HarleyMotorRallyversiónestadounidense,HarleyMotorRallyUSVersion,4,129,estimada,harleymotorrally
30801,InternationalTrackandFieldSummerRaceEdicióneuropea,InternationalTrackandFieldSummerRaceEuropeanEdition,4,129,estimada,internationaltrackandfieldsummerrace
30802,Juegosinternacionalesdepistaycampo,InternationalTrackandFieldGames,4,129,estimada,internationaltrackandfieldgames
30804,InternationalSuperstarFootball2000EuroEdition,InternationalSuperstarFootball2000EuroEdition,4,129,estimada,internationalsuperstarfootball2000euroedition
30805,InternationalSuperstarFootball99versiónestadounidense,InternationalSuperstarFootball99USVersion,4,129,estimada,internationalsuperstarfootball99
30806,Ajedrezinternacional,Internationalchess,8,129,estimada,internationalchess
30807,VersiónjaponesadeHolyBrandLegend,HolyBrandLegendJapaneseVersion,8,129,estimada,holybrandlegend
30808,VillanonavideñoNiñonavideñoversióneuropea,ChristmasvillainChristmasboyEuropeanversion,4,129,estimada,christmasvillainchristmasboy
30810,Navidadelfoverdeversióneuropea,ChristmasGreenElfEuropeanVersion,12,129,estimada,christmasgreenelf
30811,SaintCasinoEuropeanEdition,SaintCasinoEuropeanEdition,4,129,estimada,saintcasino
30813,VersióneuropeadeBadMouse,BadMouseEuropeanVersion,4,129,estimada,badmouse
30814,Edicióneuropeadelaaventuraegipcia,EgyptianAdventureEuropeanEdition,4,129,estimada,egyptianadventure
30815,EdicióneuropeaPríncipedeEgipto,PrinceofEgyptEuropeanEdition,4,129,estimada,princeofegypt
30816,Sabrina1a (o2a) versióneuropea,Sabrina1st (or2nd) Europeanversion,4,129,estimada,sabrina1st
30817,Sabrina2a (o1a) versióneuropea,Sabrina2nd (or1st) Europeanversion,4,129,estimada,sabrina2nd
30819,StrangeWorldAdventure2GenerationVersióneuropea,StrangeWorldAdventure2GenerationEuropeanVersion,4,129,estimada,strangeworldadventure2generation
30820,VersiónjaponesadeStrangeIsland,StrangeIslandJapaneseVersion,8,129,estimada,strangeisland
30821,OgaMaruThreeWishesversiónjaponesa,OgaMaruThreeWishesJapaneseVersion,8,129,estimada,ogamaruthreewishes
30822,"OgaMaruTreasuresintheMoonlitPool,versiónjaponesa","OgaMaruTreasuresintheMoonlitPool,JapaneseVersion",8,129,estimada,ogamarutreasuresinthemoonlitpool
30823,AustinRegimeUnderworldversiónestadounidense,AustinRegimeUnderworldUSVersion,4,129,estimada,austinregimeunderworld
30824,AustinRegimeActionVersióneuropea,AustinRegimeActionEuropeanVersion,4,129,estimada,austinregimeaction
30826,Versióneuropeadelajuergadecomprasdecelebridadesfemeninas,FemalecelebrityshoppingspreeEuropeanversion,4,129,estimada,femalecelebrityshoppingspree
30827,DiosaReencarnaciónGaiden2,GoddessReincarnationGaiden2,8,129,estimada,goddessreincarnationgaiden2
30828,EdiciónGoodBoy'sGameDay,GoodBoy'sGameDayEdition,8,129,estimada,goodboysgamedayedition
30829,Buenayudanteversióneuropea,GoodhelperEuropeanversion,4,129,estimada,goodhelper
30830,Buentiempomaltiempoversiónalemana,GoodtimebadtimeGermanversion,8,129,estimada,goodtimebadtimegermanversion
30833,AndrewRatAdventuresversiónestadounidense,AndrewRatAdventuresUSVersion,4,129,estimada,andrewratadventures
30834,LiveFootball2000Ediciónjaponesa,LiveFootball2000JapaneseEdition,8,129,estimada,livefootball2000
30835,LiveFootball2ndEdition,LiveFootball2ndEdition,8,129,estimada,livefootball2ndedition
30836,LiveWildBallTrainingEdition2.aedición,LiveWildBallTrainingEdition2ndEdition,8,129,estimada,livewildballtrainingedition2ndedition
30837,Livewildballtrainingversionversiónjaponesa,LivewildballtrainingversionJapaneseversion,8,129,estimada,livewildballtrainingversion
30838,ActualcombatSuperBlackBathDayEdition,ActualcombatSuperBlackBathDayEdition,8,129,estimada,actualcombatsuperblackbathdayedition
30839,Shogi2daedición,Shogi2ndEdition,8,129,estimada,shogi2ndedition
30840,ShogiBengevs.Versiónjaponesa,ShogiBengevs.JapaneseVersion,8,129,estimada,shogibengevs
30841,ShogiClassroomversiónjaponesa,ShogiClassroomJapaneseVersion,8,129,estimada,shogiclassroom
30842,EdicióneuropeadeSam'sAdventures,Sam'sAdventuresEuropeanEdition,4,129,estimada,samsadventures
30846,VersiónestadounidensedeBarneyNobility,BarneyNobilityUSVersion,4,129,estimada,barneynobility
30847,Hablapanameñaversiónalemana,PanamanianSpeechGermanVersion,8,129,estimada,panamanianspeechgermanversion
30848,BarocaFootball2000EuroEdition,BarocaFootball2000EuroEdition,4,129,estimada,barocafootball2000euroedition
30849,FantasyLegendDressUpLabyrinthversiónjaponesa,FantasyLegendDressUpLabyrinthJapaneseVersion,8,129,estimada,fantasylegenddressuplabyrinth
30850,FantasyLegendDressUpMaze,FantasyLegendDressUpMaze,8,129,estimada,fantasylegenddressupmaze
30851,NinjaRantaroversiónjaponesa,NinjaRantaroJapaneseVersion,8,129,estimada,ninjarantaro
30852,AgeofNinjaversióneuropea,AgeofNinjaEuropeanVersion,12,129,estimada,ageofninja
30855,Rananinja2,NinjaFrog2,8,129,estimada,ninjafrog2
30856,NinjaFrogyDoubleDragon,NinjaFrogandDoubleDragon,8,129,estimada,ninjafroganddoubledragon
30858,VersióndeHappyRhinoUS,HappyRhinoUSVersion,4,129,estimada,happyrhino
30859,Díasfelices,Happydays,4,129,estimada,happydays
30860,Monopatíntécnicoversiónestadounidense,TechnicalSkateboardUSVersion,4,129,estimada,technicalskateboard
30861,LasVegasGambleSaintEuropeEdition,LasVegasGambleSaintEuropeEdition,4,129,estimada,lasvegasgamblesainteuropeedition
30862,LasVegasGambleShengmeiEdition,LasVegasGambleShengmeiEdition,4,129,estimada,lasvegasgambleshengmeiedition
30863,RealistabolasalvajeversiónjaponesadelaLigaCentral,RealisticwildballCentralLeagueJapaneseversion,8,129,estimada,realisticwildballcentralleague
30864,RealisticWildballPacificLeagueJapaneseEdition,RealisticWildballPacificLeagueJapaneseEdition,8,129,estimada,realisticwildballpacificleague
30865,Edicióneuropeadelpríncipedelboxeo,BoxingPrinceEuropeanEdition,4,129,estimada,boxingprince
30866,BoxingKingMeiouEdition,BoxingKingMeiouEdition,4,129,estimada,boxingkingmeiouedition
30868,ModernPrimitiveHamburgTimeEuropeanEdition,ModernPrimitiveHamburgTimeEuropeanEdition,4,129,estimada,modernprimitivehamburgtime
30869,EdicióneuropeadeAgileCommander,AgileCommanderEuropeanEdition,4,129,estimada,agilecommander
30871,Lifebuoyjuegodeesquíacuáticoversiónestadounidense,USversionoflifebuoywaterskiing,4,129,estimada,usversionoflifebuoywaterskiing
30885,Ediciónjaponesadeldíadeesquídelujo,JapaneseFancySkiingDayEdition,8,129,estimada,japanesefancyskiingdayedition
30886,GranPremiodeSanFrancisco2049EdiciónEE.UU.,SanFranciscoGrandPrix2049USEdition,4,129,estimada,sanfranciscograndprix2049
30887,InsectClubEdiciónJaponesa,InsectClubJapaneseEdition,8,129,estimada,insectclub
30888,Dr.Insect2ndGenerationVersiónjaponesa,DoctorInsect2ndGenerationJapaneseVersion,8,129,estimada,doctorinsect2ndgeneration
30889,Dr.Insect3rdGenerationJapaneseVersion,Dr.Insect3rdGenerationJapaneseVersion,8,129,estimada,drinsect3rdgeneration
30890,EdiciónStarDanceRevolutionDay,StarDanceRevolutionDayEdition,8,129,estimada,stardancerevolutiondayedition
30891,PearlPocketMonsterII,PearlPocketMonsterII,8,129,estimada,pearlpocketmonsterii
30892,PearlPocketMonsterIII,PearlPocketMonsterIII,8,129,estimada,pearlpocketmonsteriii
30893,BestiaEstelardelTiempoyelEspacio,TimeandSpaceStarBeast,8,129,estimada,timeandspacestarbeast
30895,HockeyIronManVersióneuropea,HockeyIronManEuropeanVersion,4,129,estimada,hockeyironman
30896,MomiaDiosesyFantasmasLegendDayEdition,MummiesandGhostsDayEdition,8,129,estimada,mummiesandghostsdayedition
30897,ImperiodelJuicioFinal,DoomsdayEmpire,4,129,estimada,doomsdayempire
30898,MechaBeastGenesisSilverBeastMechGodEdiciónjaponesa,MechaBeastGenesisSilverBeastMechGodJapaneseEdition,8,129,estimada,mechabeastgenesissilverbeastmechgod
30899,RobotBeastGenesisCthulhuResurrectionDay,RobotBeastGenesisCthulhuResurrectionDayEdition,8,129,estimada,robotbeastgenesiscthulhuresurrectiondayedition
30900,AcorazadomóvilNadesicoLuliLuliMahjongVersiónjaponesa,MobileBattleshipNadesicoLuliLuliMahjongJapaneseVersion,8,129,estimada,mobilebattleshipnadesicolulilulimahjong
30901,RobotWarsLienChanvs.Versiónjaponesa,RobotWarsLienChanvs.JapaneseVersion,8,129,estimada,robotwarslienchanvs
30902,RobotWarversióneuropea,RobotWarEuropeanVersion,4,129,estimada,robotwar
30903,DoraemonCuro2,DoraemonCuro2,8,129,estimada,doraemoncuro2
30904,EdicióndelDíadeBatalladelCuerpoMecánico,MechanicalCorpsBattleDayEdition,8,129,estimada,mechanicalcorpsbattledayedition
30910,Losluchadoresmecánicosdecideneldíadelabatalla,Mechfightersdecidethedayofbattle,8,129,estimada,mechfightersdecidethedayofbattle
30911,InsectFighterVersióneuropea,InsectFighterEuropeanVersion,4,129,estimada,insectfighter
30913,JackLong1stGenerationVersióndeEE.UU.,JackLong1stGenerationUSVersion,4,129,estimada,jacklong1stgeneration
30914,VersióneuropeadeJackLong3Generation,JackLong3GenerationEuropeanVersion,4,129,estimada,jacklong3generation
30915,JackLong3rdGenerationVersióndeEE.UU.,JackLong3rdGenerationUSVersion,4,129,estimada,jacklong3rdgeneration
30916,JeffJordanRacingversiónamericana,JeffJordanRacingAmericanVersion,4,129,estimada,jeffjordanracing
30917,JeremyMcGreeSuperOffRoadBike2000EdiciónEE.UU.,JeremyMcGreeSuperOffRoadBike2000USEdition,4,129,estimada,jeremymcgreesuperoffroadbike2000
30918,Esquíextremoversiónestadounidense,ExtremeskiingUSversion,4,129,estimada,extremeskiing
30919,VersióneuropeadeFastDestroyingGhostGroup,FastDestroyingGhostGroupEuropeanVersion,4,129,estimada,fastdestroyingghostgroup
30920,Speed​​Hurricaneversióneuropea,Speed​​HurricaneEuropeanVersion,4,129,estimada,speedhurricane
30921,VersiónjaponesaprimitivadePachinkoCR,PachinkoCRPrimitiveJapaneseVersion,8,129,estimada,pachinkocrprimitive
30922,PapaNoel,Santa,8,129,estimada,santa
30923,EdiciónSantao,SantaoEdition,4,129,estimada,santaoedition
30924,DreamProvingGroundsVersiónestadounidense,DreamProvingGroundsUSVersion,4,129,estimada,dreamprovinggrounds
30925,DreamSportsversiónestadounidense,DreamSportsUSVersion,4,129,estimada,dreamsports
30926,Diariodebúsquedadeltesorodelbosque,ForestTreasureHuntDiary,8,129,estimada,foresttreasurehuntdiary
30927,ForestLittleTaishanEuropeanEdition,ForestLittleTaishanEuropeanEdition,4,129,estimada,forestlittletaishan
30928,HappyBuilderversióneuropea,HappyBuilderEuropeanVersion,4,129,estimada,happybuilder
30929,VersiónestadounidensedeHappyBuilders,HappyBuildersUSVersion,4,129,estimada,happybuilders
30930,HappyOsohormigueroversiónalemana,HappyAnteaterGermanVersion,8,129,estimada,happyanteatergermanversion
30931,UEFAEuropaLeague,UEFAEuropaLeague,4,129,estimada,uefaeuropaleague
30932,Duquedeladestrucción,DukeofDestruction,12,129,estimada,dukeofdestruction
30933,Destruyeelmundo,Destroytheworld,4,129,estimada,destroytheworld
30935,AvióndepasajerosdelaaviacióncivilGo!,CivilAviationPassengerPlaneGo!,8,129,estimada,civilaviationpassengerplanego
30936,AvionesdelaaviacióncivilGO!versiónjaponesa,CivilAviationAircraftGO!Japaneseversion,8,129,estimada,civilaviationaircraftgo
30937,EdicióndelDíadelaGuerradelosGlobos,BalloonWarsDayEdition,8,129,estimada,balloonwarsdayedition
30938,Cubodeglobosversióneuropea,BallooncubeEuropeanversion,4,129,estimada,ballooncube
30939,HamburgParadiseInternationalEditionEdiciónjaponesa,HamburgParadiseInternationalEditionJapaneseEdition,8,129,estimada,hamburgparadiseinternationaledition
30940,EdiciónjaponesadeBurgerKing,BurgerKingJapaneseEdition,8,129,estimada,burgerking
30942,KanjiBoy1stGenerationVersiónjaponesa,KanjiBoy1stGenerationJapaneseVersion,8,129,estimada,kanjiboy1stgeneration
30943,VersiónjaponesadeKanjiBoy2ndGeneration,KanjiBoy2ndGenerationJapaneseVersion,8,129,estimada,kanjiboy2ndgeneration
30945,SalomanSnakeQEdition,SalomanSnakeQEdition,8,129,estimada,salomansnakeqedition
30947,BubbleDragonCubeMillenniumEditionEdiciónjaponesa,BubbleDragonCubeMillenniumEditionJapaneseEdition,8,129,estimada,bubbledragoncubemillenniumedition
30966,EdiciónMelodyDaydeanimacióndemúsicapop,PopMusicAnimationMelodyDayEdition,8,129,estimada,popmusicanimationmelodydayedition
30967,EdicióndelDíadelaArmoníadeMúsicaPopDisney,PopMusicDisneyHarmonyDayEdition,8,129,estimada,popmusicdisneyharmonydayedition
30968,EdicióndelDíadelaMúsicaPop,PopMusicDayEdition,8,129,estimada,popmusicdayedition
30969,Versióneuropeadeldragónvoladorsubmarino,UnderseaFlyingDragonEuropeanVersion,4,129,estimada,underseaflyingdragon
30970,Guerranaval,Seawarfare,8,129,estimada,seawarfare
30971,EdiciónjaponesaDolphinAdventure,DolphinAdventureJapaneseEdition,8,129,estimada,dolphinadventure
30972,OnePieceDreamLuffyEdicióndecumpleañosdeOnePiece,OnePieceDreamLuffyOnePieceBirthdayEdition,8,129,estimada,onepiecedreamluffyonepiecebirthdayedition
30974,VersiónestadounidensedeRocketForce,RocketForceUSVersion,4,129,estimada,rocketforce
30975,Locomotoracoheteversióneuropea,RocketlocomotiveEuropeanversion,4,129,estimada,rocketlocomotive
30977,TheAlchemistMaryChapterVersiónjaponesa,TheAlchemistMaryChapterJapaneseVersion,8,129,estimada,thealchemistmarychapter
30978,AlchemistEllieversiónjaponesa,AlchemistEllieJapaneseVersion,8,129,estimada,alchemistellie
30979,HotWarHockey2000EuroEdition,HotWarHockey2000EuroEdition,4,129,estimada,hotwarhockey2000euroedition
30980,TallerdelaalquimistaEllie,AlchemistEllie'sWorkshop,8,129,estimada,alchemistelliesworkshop
30981,FightingWorldHeroes2,FightingWorldHeroes2,8,129,estimada,fightingworldheroes2
30982,Peleacaliente,Hotfight,16,129,estimada,hotfight
30983,LuchacalienteSamuraiSoulZhanhonglangWushuang,HotFightingSamuraiSoulZhanhonglangWushuang,8,129,estimada,hotfightingsamuraisoulzhanhonglangwushuang
30985,Superguerreroluchacaliente,Hotfightsuperwarrior,8,129,estimada,hotfightsuperwarrior
30986,Luchacalientelaleyendadellobohambriento2,HotFightTheLegendofHungryWolf2,8,129,estimada,hotfightthelegendofhungrywolf2
30987,HotFight:EdiciónespecialdeLegendofHungryWolf,HotFight:LegendofHungryWolfSpecialEdition,8,129,estimada,hotfightlegendofhungrywolfspecialedition
30988,Hardcoredesangrecaliente:Luchaextraordinaria,HotbloodedHardcore:ExtraordinaryFighting,8,129,estimada,hotbloodedhardcoreextraordinaryfighting
30989,BurningSnowboardJapaneseEdition,BurningSnowboardJapaneseEdition,8,129,estimada,burningsnowboard
14805,GBCTheLegendofWinnerTheLegendofTetsuyaAwakensversiónjaponesa[v1 ARCAD,GBCTheLegendofWinnerTheLegendofTetsuyaAwakensJapaneseV,3,128,estimada,thelegendofwinnerthelegendoftetsuyaawakensjapanesev
15288,MDGenghisKhan2:TheWolfandtheWhiteDeerintheSecretHistoryoftheYuanDynast,MDGenghisKhan2:TheWolfandtheWhiteDeerintheSecretHistoryo,3,128,estimada,genghiskhan2thewolfandthewhitedeerinthesecrethistoryo
30990,EdicióneuropeaardientedelaNBA,BurningNBAEuropeanEdition,4,128,estimada,burningnba
30992,PatriotMissileMissileCommanderversiónestadounidense,PatriotMissileMissileCommanderUSversion,4,128,estimada,patriotmissilemissilecommander
30993,ElmoenlaversiónestadounidensedeNaughtyIsland,ElmoinNaughtyIslandUSversion,4,128,estimada,elmoinnaughtyisland
30994,RanchStory2aversióneuropea,RanchStory2ndEuropeanVersion,4,128,estimada,ranchstory2nd
30996,RanchStory2,RanchStory2,8,128,estimada,ranchstory2
30997,RanchoHistoria3,RanchStory3,8,128,estimada,ranchstory3
30998,Lafiebresuperaalaversiónjaponesadeprimerageneración,Feverbeats1stgenerationJapaneseversion,8,128,estimada,feverbeats1stgeneration
30999,FeverBeats2ndGenerationVersiónjaponesa,FeverBeats2ndGenerationJapaneseVersion,8,128,estimada,feverbeats2ndgeneration
31000,FeverBeats3rdGenerationJapaneseVersion,FeverBeats3rdGenerationJapaneseVersion,8,128,estimada,feverbeats3rdgeneration
31001,CyclonusBikeversiónestadounidense,CyclonusBikeUSVersion,4,128,estimada,cyclonusbike
31002,Cyclonusversiónalemana,CyclonusGermanVersion,8,128,estimada,cyclonusgermanversion
31003,Cyclonusversióneuropea,CyclonusEuropeanversion,4,128,estimada,cyclonus
31007,CatandMouseCatchtheMouseVersióndeEE.UU.,CatandMouseCatchtheMouseUSVersion,4,128,estimada,catandmousecatchthemouse
31008,Elgatoyelratón:elinfiernodelasratas,CatandMouseHellofRats,4,128,estimada,catandmousehellofrats
31012,CatCatStationVersióneuropea,CatCatStationEuropeanVersion,8,128,estimada,catcatstation
31014,EdiciónMonkeyBoxingDay,MonkeyBoxingDayEdition,8,128,estimada,monkeyboxingdayedition
31015,MammothStoryversiónestadounidense,MammothStoryUSVersion,4,128,estimada,mammothstory
31016,MaryandAxueWinterHorseRacingVersiónamericana,MaryandAxueWinterHorseRacingAmericanVersion,4,128,estimada,maryandaxuewinterhorseracing
31017,MaryandAxueJuegodemesaversiónestadounidense,MaryandAxue–BoardGameUSVersion,4,128,estimada,maryandaxueboardgame
31018,MaryyAxueRiddleresolviendolaversiónestadounidense,MaryandAxueRiddleSolvingUSVersion,4,128,estimada,maryandaxueriddlesolving
31019,EdiciónUniversalRacingDay,UniversalRacingDayEdition,8,128,estimada,universalracingdayedition
31022,Vanguardiabioquímica,BiochemicalVanguard,8,128,estimada,biochemicalvanguard
31023,EdiciónjaponesadebéisbolKoshien,KoshienBaseballJapaneseEdition,8,128,estimada,koshienbaseball
31026,HundredWarsSkyWormDoomsdayCatastropheVersiónestadounidense,HundredWarsSkyWormDoomsdayCatastrophe,4,128,estimada,hundredwarsskywormdoomsdaycatastrophe
31027,HundredWarsLemmingsversiónestadounidense,HundredWarsLemmingsUSVersion,4,128,estimada,hundredwarslemmings
31029,RoyalCupFootball2000EdiciónEuro,RoyalCupFootball2000EuroEdition,4,128,estimada,royalcupfootball2000euroedition
31030,EdaddePiedra:nacióelReyElfo,StoneAge:TheElfKingwasborn,8,128,estimada,stoneagetheelfkingwasborn
31031,DockPorterVersióndeEE.UU.,DockPorterUSVersion,4,128,estimada,dockporter
31033,BumperBalloonVersióneuropea,BumperBalloonEuropeanVersion,12,128,estimada,bumperballoon
31034,EdiciónDetectiveGajeto,DetectiveGajetoEdition,4,128,estimada,detectivegajetoedition
31035,LegendofGodsandGhosts1Momia1Versióneuropea,LegendofGodsandGhosts1Mummy1EuropeanVersion,4,128,estimada,legendofgodsandghosts1mummy1
31036,LegendofGodsandGhosts2Mummy2Versióneuropea,LegendofGodsandGhosts2Mummy2EuropeanVersion,4,128,estimada,legendofgodsandghosts2mummy2
31037,CosmoTimeandSpaceRedSunEdition,CosmoTimeandSpaceRedSunEdition,8,128,estimada,cosmotimeandspaceredsunedition
31038,EdiciónCosmoTimeySpaceBlueDay,CosmoTimeandSpaceBlueDayEdition,8,128,estimada,cosmotimeandspacebluedayedition
31039,EdicióneuropeaColinRally,ColinRallyEuropeanEdition,4,128,estimada,colinrally
31040,EdiciónSecretWorldAdventureDay,SecretWorldAdventureDayEdition,8,128,estimada,secretworldadventuredayedition
31041,UltimateMahjong2ndGenerationVersiónjaponesa,UltimateMahjong2ndGenerationJapaneseVersion,8,128,estimada,ultimatemahjong2ndgeneration
31044,EdiciónjaponesadeTetristridimensional,ThreedimensionalTetrisJapaneseEdition,8,128,estimada,threedimensionaltetris
31045,JinBanFuRou1generaciónversiónjaponesa,JinBanFuRou1generationJapaneseversion,8,128,estimada,jinbanfurou1generation
31046,JinBanFuRou2generaciónversiónjaponesa,JinBanFuRou2generationJapaneseversion,8,128,estimada,jinbanfurou2generation
31047,JinBanFuRou3generaciónversiónjaponesa,JinBanFuRou3generationJapaneseversion,8,128,estimada,jinbanfurou3generation
31048,MiaBeeVersióneuropeadeGardenAdventure,MiaBee–GardenAdventureEuropeanVersion,4,128,estimada,miabeegardenadventure
31049,VersióneuropeadefútbolfemeninodeMiaHam,MiaHamWomen'sFootballEuropeanVersion,4,128,estimada,miahamwomensfootball
31050,MickeyMouseAdventureversióneuropea,MickeyMouseAdventureEuropeanVersion,4,128,estimada,mickeymouseadventure
31051,MickeyMouseChallengeMagicCubeVersiónjaponesa,MickeyMouseChallengeMagicCubeJapaneseEdition,8,128,estimada,mickeymousechallengemagiccube
31052,MickeyMouseRacingAmericanChallengeEuroEdition,MickeyMouseRacingAmericanChallengeEuroEdition,4,128,estimada,mickeymouseracingamericanchallengeeuroedition
31053,LittleElfMouseHomeJourneyVersióndeEE.UU.,LittleElfMouseHomeJourneyUSVersion,4,128,estimada,littleelfmousehomejourney
31054,Patrulladeemergenciaversiónestadounidense,EmergencypatrolUSversion,4,128,estimada,emergencypatrol
31055,RedElf1stGeneration (o2ndGeneration) Versiónalemana,RedElf1stGeneration (or2ndGeneration) GermanVersion,8,128,estimada,redelf1stgenerationgermanversion
31056,RedElf2ndGeneration (o1stGeneration) Versiónalemana,RedElf2ndGeneration (or1stGeneration) GermanVersion,8,128,estimada,redelf2ndgenerationgermanversion
31058,NASCAR2000EdiciónEuro,NASCAR2000EuroEdition,4,128,estimada,nascar2000euroedition
31059,EdicióneuropeadecarrerasdeNuevaYork,NewYorkRacingEuropeanEdition,4,128,estimada,newyorkracing
31060,TorneodetenisRolandEdicióneuropea,RolandTennisTournamentEuropeanEdition,4,128,estimada,rolandtennistournament
31062,BatalladeRhodeIslandHeroicKnightBiografíaEdiciónjaponesa,BattleofRhodeIslandHeroicKnightBiographyJapaneseEdition,8,128,estimada,battleofrhodeislandheroicknightbiography
31063,EdiciónRollao,RollaoEdition,4,128,estimada,rollaoedition
31064,VersióneuropeadelaconspiracióndeRoswell,Roswell'sConspiracyEuropeanVersion,4,128,estimada,roswellsconspiracy
31065,FútbolRonaldo,RonaldoFootballAmericanVersion,4,128,estimada,ronaldofootball
31066,Luchalibreprofesionalestadounidense,AmericanProfessionalWrestling,4,128,estimada,americanprofessionalwrestling
31068,Laleyendadelviejomaestro,TheLegendofOldMaster,8,128,estimada,thelegendofoldmaster
31070,LeagueFootballStarGame2001EuropeanEdition,LeagueFootballStarGame2001EuropeanEdition,4,128,estimada,leaguefootballstargame2001
31071,Leyendadelaespadasagrada,LegendoftheHolySword,8,128,estimada,legendoftheholysword
31072,HolyBeastStoryLeyendadeShenlong,HolyBeastStoryLegendofShenlong,8,128,estimada,holybeaststorylegendofshenlong
31073,KengroveBaseballversiónestadounidense,KengroveBaseballUSVersion,4,128,estimada,kengrovebaseball
31075,Impulsoenergético,Energyimpulse,8,128,estimada,energyimpulse
31076,VersiónestadounidensedeElidoladAdventure,EldoradAdventuresUSVersion,4,128,estimada,eldoradadventures
31077,VersiónamericanaalamodadeBarbie,BarbieFashionableAmericanVersion,4,128,estimada,barbiefashionable
31078,BarbieOceanAdventureversiónestadounidense,BarbieOceanAdventureUSVersion,4,128,estimada,barbieoceanadventure
31079,BarbieMagicFairyversiónestadounidense,BarbieMagicFairyUSVersion,4,128,estimada,barbiemagicfairy
31080,Versiónamericanadelesquí,Americanversionofskiing,4,128,estimada,americanversionofskiing
31081,DesertIslandAdventure1stGenerationVersióndeEE.UU.,DesertIslandAdventure1stGenerationUSVersion,4,128,estimada,desertislandadventure1stgeneration
31082,WildernessTunaTalkversiónestadounidense,WildernessTunaTalkUSVersion,4,128,estimada,wildernesstunatalk
31083,EdiciónalemanadeMohanJade,MohanJadeGermanEdition,8,128,estimada,mohanjadegermanedition
31084,CalabashWarriorversiónjaponesa,CalabashWarriorJapaneseVersion,8,128,estimada,calabashwarrior
31085,EdiciónMaskedManZoroo,MaskedManZorooEdition,4,128,estimada,maskedmanzorooedition
31087,Versiónestadounidensedelrompecabezasazul,BluepuzzleUSversion,4,128,estimada,bluepuzzle
31088,AntRacingversiónestadounidense,AntRacingUSVersion,4,128,estimada,antracing
31089,EarthwormWarrior2Versióneuropea,EarthwormWarrior2EuropeanVersion,4,128,estimada,earthwormwarrior2
31090,Guerrerolombrizdetierra,EarthwormWarrior,8,128,estimada,earthwormwarrior
31091,CreyónShinChan1,CrayonShinChan1,8,128,estimada,crayonshinchan1
31094,PlanetaryAdventureEdicióneuropea,PlanetaryAdventureEuropeanEdition,4,128,estimada,planetaryadventure
31095,carreracallejera,Streetracing,8,128,estimada,streetracing
31096,MysterySolvingVictoryVersiónjaponesa,MysterySolvingVictoryDay,8,128,estimada,mysterysolvingvictoryday
31097,LouisSportsCompetitionversiónestadounidense,LouisSportsCompetitionUSVersion,4,128,estimada,louissportscompetition
31098,BoomingCommandoJapaneseEdition,BoomingCommandoJapaneseEdition,8,128,estimada,boomingcommando
31100,ConfuseAdventureVersióneuropea,ConfuseAdventureEuropeanVersion,4,128,estimada,confuseadventure
31101,Viajeperdido,Lostjourney,8,128,estimada,lostjourney
31102,Versióneuropeadelbloquelógico,LogicBlockEuropeanVersion,8,128,estimada,logicblock
31104,VersióneuropeaCoolBrick,CoolBrickEuropeanVersion,4,128,estimada,coolbrick
31105,CanaryAdventuresversióneuropea,CanaryAdventuresEuropeanVersion,4,128,estimada,canaryadventures
31106,KingKongWarriorsTimeForceversiónestadounidense,KingKongWarriorsTimeForceUSVersion,4,128,estimada,kingkongwarriorstimeforce
31107,KingKongWarriorsQuickRescueVersióndeEE.UU.,KingKongWarriorsQuickRescueUSVersion,4,128,estimada,kingkongwarriorsquickrescue
31108,EdiciónjaponesadeMetalKid,MetalKidJapaneseEdition,8,128,estimada,metalkid
31109,MetalRobotCardBattleGoldenDayEdition,MetalRobotCardBattleGoldenDayEdition,8,128,estimada,metalrobotcardbattlegoldendayedition
31110,MetalRobotCardBattleSilverDayEdition,MetalRobotCardBattleSilverDayEdition,8,128,estimada,metalrobotcardbattlesilverdayedition
31111,MetalRobotWar2EdicióndecoleccionistaEdiciónjaponesa,MetalRobotWar2Collector'sEditionJapaneseEdition,8,128,estimada,metalrobotwar2collectorsedition
31112,EdicióndeMetalRobotWar2GoldenDay,MetalRobotWar2GoldenDayEdition,8,128,estimada,metalrobotwar2goldendayedition
31113,MetalRobotWar2EdiciónSilverDay,MetalRobotWar2SilverDayEdition,8,128,estimada,metalrobotwar2silverdayedition
31114,MetalRobotWar3EdicióndecoleccionistaEdiciónjaponesa,MetalRobotWar3Collector'sEditionJapaneseEdition,8,128,estimada,metalrobotwar3collectorsedition
31115,MetalRobotWar3rdGenerationGoldenDayEdition,MetalRobotWar3rdGenerationGoldenDayEdition,8,128,estimada,metalrobotwar3rdgenerationgoldendayedition
31116,MetalRobotWar3EdiciónSilverDay,MetalRobotWar3SilverDayEdition,8,128,estimada,metalrobotwar3silverdayedition
31117,MetalRobotWar4thGenerationGoldenDayEdition,MetalRobotWar4thGenerationGoldenDayEdition,8,128,estimada,metalrobotwar4thgenerationgoldendayedition
31118,MetalRobotWar4thGenerationSilverDayEdition,MetalRobotWar4thGenerationSilverDayEdition,8,128,estimada,metalrobotwar4thgenerationsilverdayedition
31119,MetalRobotWars5thGenerationGoldenDayEdition,MetalRobotWars5thGenerationGoldenDayEdition,8,128,estimada,metalrobotwars5thgenerationgoldendayedition
31120,MetalRobotWars5thGenerationSilverDayEdition,MetalRobotWars5thGenerationSilverDayEdition,8,128,estimada,metalrobotwars5thgenerationsilverdayedition
31121,LaleyendadeloshéroesdeJinYong,TheLegendofJinYong'sHeroes,8,128,estimada,thelegendofjinyongsheroes
31122,SuzukiMotoVelaEdición,SuzukiMotorcycleSailEdition,4,128,estimada,suzukimotorcyclesailedition
31123,Laversióneuropeadelasesinobrillante,TheShiningKillerEuropeanVersion,4,128,estimada,theshiningkiller
31124,SpyHunterMoonlightPatrolVersiónestadounidense,SpyHunterMoonlightPatrolUSVersion,4,128,estimada,spyhuntermoonlightpatrol
31126,VersióneuropeadeAfred'sAdventure,Afred'sAdventureEuropeanVersion,4,128,estimada,afredsadventure
31128,BirdGradeStudentCosplayHeavenVersiónjaponesa,BirdGradeStudentCosplayHeavenJapaneseVersion,8,128,estimada,birdgradestudentcosplayheaven
31130,Rayo,Thunderbolt,8,128,estimada,thunderbolt
31131,Lehmanversióneuropeadeprimerageneración,Lehman1stgenerationEuropeanversion,8,128,estimada,lehman1stgeneration
31133,Raymond24HorasExtremeRacingEdicióneuropea,Raymond24HoursExtremeRacingEuropeanEdition,4,128,estimada,raymond24hoursextremeracing
31134,EdicióneuropeaThunderbird,ThunderbirdEuropeanEdition,4,128,estimada,thunderbird
31135,PerakCoolCat1stGenerationVersiónjaponesa,PerakCoolCat1stGenerationJapaneseVersion,8,128,estimada,perakcoolcat1stgeneration
31136,FrogCrossing1stGenerationEuropeanVersion,FrogCrossing1stGenerationEuropeanVersion,4,128,estimada,frogcrossing1stgeneration
31137,FrogCrossing2ndGenerationEuropeanVersion,FrogCrossing2ndGenerationEuropeanVersion,4,128,estimada,frogcrossing2ndgeneration
31138,Batalladelosterritorios,BattleoftheTerritories,4,128,estimada,battleoftheterritories
31139,EdicióndeldíadecarrerasdecarreteradeCapitalHeights,CapitalHeightsRoadRacingDayEdition,8,128,estimada,capitalheightsroadracingdayedition
31140,BirdWarriorversióneuropea,BirdWarriorEuropeanVersion,4,128,estimada,birdwarrior
31141,Casaencantadaysombra:nuevaversióneuropeadepesadilla,HauntedHouseandShadowNewNightmareEuropeanVersion,8,128,estimada,hauntedhouseandshadownewnightmare
31144,EdicióndeldíadelosjuegosdelaescuelaprimariaCardinalSakuraTomoe,CardinalSakuraTomoeElementarySchoolGamesDayEdition,8,128,estimada,cardinalsakuratomoeelementaryschoolgamesdayedition
31145,BrujatuiteóGoGo,WitchtweetedGoGo,8,128,estimada,witchtweetedgogo
31147,Elseñordelosanillos3mundoimperfecto,Lordoftherings3imperfectworld,4,128,estimada,lordoftherings3imperfectworld
31148,MagoMerlínO,MagicianMerlinO,4,128,estimada,magicianmerlino
31149,MagicBallversióneuropea,MagicBallEuropeanVersion,12,128,estimada,magicball
31150,MagicWarriorEdicióneuropea,MagicWarriorEuropeanEdition,4,128,estimada,magicwarrior
31151,MagicBubble4thEdition,MagicBubble4thEdition,8,128,estimada,magicbubble4thedition
31152,MagicBubbleGaidenversiónjaponesa,MagicBubbleGaidenJapaneseVersion,8,128,estimada,magicbubblegaiden
31153,EdiciónMagicBubbleAdventureDay,MagicBubbleAdventureDayEdition,8,128,estimada,magicbubbleadventuredayedition
31156,MagicMickeyMouseTetrisVersióneuropea,MagicMickeyMouseTetrisEuropeanVersion,4,128,estimada,magicmickeymousetetris
31157,Barbiemágica,MagicBarbie,8,128,estimada,magicbarbie
31158,MagicPursuitVersiónjaponesa,MagicPursuitJapaneseVersion,8,128,estimada,magicpursuit
31159,HeroesofMightandMagic1versióneuropea,HeroesofMightandMagic1EuropeanVersion,6,128,estimada,heroesofmightandmagic1
31161,Torredemonstruos,TowerofMonsters,8,128,estimada,towerofmonsters
31162,WorldofWarcraftDiosdelaguerra,WorldofWarcraftGodofWar,7,128,estimada,worldofwarcraftgodofwar
31163,DevilWrestlingversióneuropea,DevilWrestlingEuropeanVersion,4,128,estimada,devilwrestling
31165,MagicClockTowerEdicióneuropea,MagicClockTowerEuropeanEdition,4,128,estimada,magicclocktower
31166,ArreglodeaventurasdeRuppyEdiciónFoxy,Rupp'sAdventuresFixandFoxyEdition,4,128,estimada,ruppsadventuresfixandfoxyedition
31167,BassFishingMasterVersióneuropea,BassFishingMasterEuropeanVersion,4,128,estimada,bassfishingmaster
31168,Bassfishingblackbassversióneuropea,BassfishingblackbassEuropeanversion,4,128,estimada,bassfishingblackbass
31169,ElkKillerversióneuropea,ElkKillerEuropeanVersion,4,128,estimada,elkkiller
31170,EdiciónjaponesadeMcDonald'sStory,McDonald'sStoryJapaneseEdition,8,128,estimada,mcdonaldsstory
31171,MaddenRugby2000EdiciónEE.UU.,MaddenRugby2000USEdition,4,128,estimada,maddenrugby2000
31172,MaddenRugby2001EdiciónEE.UU.,MaddenRugby2001USEdition,4,128,estimada,maddenrugby2001
31173,MaddenRugby2002EdiciónEE.UU.,MaddenRugby2002USEdition,4,128,estimada,maddenrugby2002
31174,EdiciónMahjongQueenDay,MahjongQueenDayEdition,8,128,estimada,mahjongqueendayedition
31175,MahjongProvingGroundVersiónjaponesa,MahjongProvingGroundJapaneseVersion,8,128,estimada,mahjongprovingground
31176,Granproblemaversióneuropea,BigtroubleEuropeanversion,4,128,estimada,bigtrouble
31177,Alquimiaantiguaselladaporelsoldorado,GoldenSunSealedAncientAlchemy,7,128,estimada,goldensunsealedancientalchemy
31178,GoldenGoalkeeperEuropeanEdition,GoldenGoalkeeperEuropeanEdition,4,128,estimada,goldengoalkeeper
31179,GoldenRatClub1ageneraciónversiónjaponesa,GoldenRatClub1stGenerationJapaneseVersion,8,128,estimada,goldenratclub1stgeneration
31180,Ediciónjaponesade2.ageneracióndeGoldenRatClub,GoldenRatClub2ndGenerationJapaneseEdition,8,128,estimada,goldenratclub2ndgeneration
31181,EdiciónjaponesaGoldenMouseSquare,GoldenMouseSquareJapaneseEdition,8,128,estimada,goldenmousesquare
31182,Ratóngángster,GangsterMouse,4,128,estimada,gangstermouse
31184,Othello2000Ediciónjaponesa,Othello2000JapaneseEdition,8,128,estimada,othello2000
31185,Hombredenegro,Maninblack,7,128,estimada,maninblack
31189,ReyMonoReyMono,MonkeyKingMonkeyKing,7,128,estimada,monkeykingmonkeyking
31190,EdicióneuropeadefútboldeZidane,ZidaneFootballEuropeanEdition,4,128,estimada,zidanefootball
31192,Leyendadeldragón,Dragonlegend,11,128,estimada,dragonlegend
31196,DragonDancePinballversiónestadounidense,DragonDancePinballUSVersion,4,128,estimada,dragondancepinball
31348,Pequeñabrujadealgodón,LittleCottonWitch,7,128,estimada,littlecottonwitch
31666,CrashWolf2,CrashWolf2,4,128,estimada,crashwolf2
33555,TimeandSpaceWarriors (JapaneseEdition),TimeandSpaceWarriors (JapaneseEdition),8,128,estimada,timeandspacewarriors
33805,DJBoys (AmericanEdition),DJBoys (AmericanEdition),5,128,estimada,djboys
33806,Díadelescuadróndelamuerte,Bugcatcherday,4,128,estimada,bugcatcherday
33807,F117DeathTornado (EuropeanEdition),F117DeathTornado (EuropeanEdition),4,128,estimada,f117deathtornado
33808,F1WorldChampionships (US),F1WorldChampionships (US),5,128,estimada,f1worldchampionships
33810,M1TankWar (USandEurope),M1TankWar (USandEurope),4,128,estimada,m1tankwar
33811,MLBPASportsBaseball (Americanversion),MLBPASportsBaseball (Americanversion),5,128,estimada,mlbpasportsbaseball
33812,NBAdunk94 (USversion),NBAdunk94 (USversion),5,128,estimada,nbadunk94
33813,AgasTennis (Americanversion),AgasTennis (Americanversion),5,128,estimada,agastennis
33818,SuperMotorcycle (WorldEdition),SuperMotorcycle (WorldEdition),9,128,estimada,supermotorcycle
33820,Feilong2 (Europeanversion),Feilong2 (Europeanversion),4,128,estimada,feilong2
33821,DuffyDuckinHollywood (Europeanedition),DuffyDuckinHollywood (Europeanedition),4,128,estimada,duffyduckinhollywood
33823,DevilCityNewAge (EuropeanEdition),DevilCityNewAge (EuropeanEdition),4,128,estimada,devilcitynewage
33824,AntiBattleWisdomMultiStar (USEdition),AntiBattleWisdomMultiStar (USEdition),5,128,estimada,antibattlewisdommultistar
33825,Frank'sGreatAdventure (Europeanedition),Frank'sGreatAdventure (Europeanedition),4,128,estimada,franksgreatadventure
33826,Thebladeofrevenge (Americanversion),Thebladeofrevenge (Americanversion),5,128,estimada,thebladeofrevenge
33827,HighSpeedRaceBoat (USEdition),HighSpeedRaceBoat (USEdition),5,128,estimada,highspeedraceboat
33828,CuttingThroatIsland (Americanversion),CuttingThroatIsland (Americanversion),5,128,estimada,cuttingthroatisland
33829,Granda'sWarRecords (AmericanEdition),Granda'sWarRecords (AmericanEdition),5,128,estimada,grandaswarrecords
33830,BullsVSLakers (Americanversion),BullsVSLakers (Americanversion),5,128,estimada,bullsvslakers
33831,GoofyDog (Americanversion),GoofyDog (Americanversion),5,128,estimada,goofydog
33832,IslandAdventure (USEdition),IslandAdventure (USEdition),5,128,estimada,islandadventure
33833,BeachBaby (JapaneseEdition),BeachBaby (JapaneseEdition),8,128,estimada,beachbaby
33834,Holocaust (Europeanedition),Holocaust (Europeanedition),4,128,estimada,holocaust
33836,Shakingballgame (Japaneseversion),Shakingballgame (Japaneseversion),8,128,estimada,shakingballgame
33837,SoulDouLuotiexueCorps,SoulDouLuotiexueCorps,9,128,estimada,souldouluotiexuecorps
33838,RocketKnight (Americanversion),RocketKnight (Americanversion),5,128,estimada,rocketknight
33839,GunHeroes (USEdition),GunHeroes (USEdition),5,128,estimada,gunheroes
33840,StreetRollerSkating (Americanversion),StreetRollerSkating (Americanversion),5,128,estimada,streetrollerskating
33841,OperationRayfox (USedition),OperationRayfox (USedition),5,128,estimada,operationrayfox
33842,ParticleWarrior2 (USversion),ParticleWarrior2 (USversion),5,128,estimada,particlewarrior2
33843,Lotusracingcarspeedingchallenge (USversion),Lotusracingcarspeedingchallenge (USversion),5,128,estimada,lotusracingcarspeedingchallenge
33844,"LegendofBruceLee,theheirofDragon (Americanversion)","LegendofBruceLee,theheirofDragon (Americanversion)",5,128,estimada,legendofbruceleetheheirofdragon
33845,SunsetKnight (Americanversion),SunsetKnight (Americanversion),7,128,estimada,sunsetknight
33847,MajikanuGreatAdventure (JapaneseEdition),MajikanuGreatAdventure (JapaneseEdition),8,128,estimada,majikanugreatadventure
33848,IronFistofAnger2 (Americanversion),IronFistofAnger2 (Americanversion),14,128,estimada,ironfistofanger2
33849,MickeyMouseIncredibleCircus (USversion),MickeyMouseIncredibleCircus (USversion),5,128,estimada,mickeymouseincrediblecircus
33850,MickeyMouse'sFantasyCastle (Americanversion),MickeyMouse'sFantasyCastle (Americanversion),5,128,estimada,mickeymousesfantasycastle
33851,CottonLittleDevil (JapaneseEdition),CottonLittleDevil (JapaneseEdition),8,128,estimada,cottonlittledevil
33852,IronFistofAnger (WorldEdition),IronFistofAnger (WorldEdition),9,128,estimada,ironfistofanger
33854,Puñodehierrodeira3,IronFistofAnger3,9,128,estimada,ironfistofanger3
33857,WorldBaseballSeries95 (USedition),WorldBaseballSeries95 (USedition),9,128,estimada,worldbaseballseries95
33858,WorldBaseballSeries96 (USedition),WorldBaseballSeries96 (USedition),9,128,estimada,worldbaseballseries96
33859,WorldclassGolfCompetition (Americanversion),WorldclassGolfCompetition (Americanversion),9,128,estimada,worldclassgolfcompetition
33860,TresReinos2,AnnalsoftheThreeKingdoms2,4,128,estimada,annalsofthethreekingdoms2
33861,TresReinos2belleza,ThreeKingdoms2beauty,4,128,estimada,threekingdoms2beauty
33862,3demarzo,AnnalsoftheThreeKingdoms3,4,128,estimada,annalsofthethreekingdoms3
33863,Labellezadeldestinodelostresdragones,ThefateoftheThreeKingdoms3Dragons,4,128,estimada,thefateofthethreekingdoms3dragons
33864,TresReinos5,AnnalsoftheThreeKingdoms5,9,128,estimada,annalsofthethreekingdoms5
33865,Biografíadelostresreinos,BiographiesoftheThreeKingdoms,9,128,estimada,biographiesofthethreekingdoms
33866,Trescrónicasdelostresreinos,BiographyoftheannalsoftheThreeKingdoms,4,128,estimada,biographyoftheannalsofthethreekingdoms
33867,Trestermitas,3horseants,9,128,estimada,3horseants
33868,Losjugadoresdefútbolpasan,Footballplayerspass,9,128,estimada,footballplayerspass
33870,Maestroatrapafantasmas,Ghostcatchingmaster,9,128,estimada,ghostcatchingmaster
33878,Escaneoenvivo,Realpersonscanningclearance,9,128,estimada,realpersonscanningclearance
33879,Tomahawk3,Tomahawk3,18,128,estimada,tomahawk3
33880,Tomahawk2,Tomahawk2,18,128,estimada,tomahawk2
33881,Tomahawk1,Tomahawk1,9,128,estimada,tomahawk1
33882,Ardilladecombate,Battlesquirrel,9,128,estimada,battlesquirrel
33883,Lobosdelcampodebatalla,BattlefieldWolf,9,128,estimada,battlefieldwolf
33885,Niñodelbosqueprimitivo,Virginforestboy,9,128,estimada,virginforestboy
33886,Guerrero3,Warrior3,9,128,estimada,warrior3
33887,Indiana,Indiana,9,128,estimada,indiana
33888,SoldadoAlienígena,AlienWarrior,17,128,estimada,alienwarrior
33890,Mujerdemonio,Demonwoman,9,128,estimada,demonwoman
33891,AdaliGames2,YadaliGame2,9,128,estimada,yadaligame2
33892,Avióngiratorio,Rotatingaircraft,9,128,estimada,rotatingaircraft
33893,Gorilaescupebalas,Bulletspit,9,128,estimada,bulletspit
33894,Elchicotieneunarmadebarro.,Thelittleboytookamudgun,9,128,estimada,thelittleboytookamudgun
33895,SacrificiodeganadoOccidental,Westerncattleslaughter,9,128,estimada,westerncattleslaughter
33896,LafantasíadelPríncipe,Princefantasy,9,128,estimada,princefantasy
33898,Devorarserpientes,Devoursnake,9,128,estimada,devoursnake
33899,Conejoviejo1,OldRabbit1,9,128,estimada,oldrabbit1
33900,Conejobebé2,Babyrabbit2,9,128,estimada,babyrabbit2
33901,Conejobebé1,Babyrabbit1,9,128,estimada,babyrabbit1
33902,Chicodelapelota,Theballpickingboypassedthetest,9,128,estimada,theballpickingboypassedthetest
33904,JayTang1,TangLaoya1,9,128,estimada,tanglaoya1
33905,Pasodetanques,Tankclearance,9,128,estimada,tankclearance
33906,SpaceHarryShooting2,"Spacelaunch""2""",9,128,estimada,spacelaunch2
33915,Newspaper2,Newspaperboy2,9,128,estimada,newspaperboy2
33916,Newspaper1,Newspaperboy1,9,128,estimada,newspaperboy1
33918,Dobleinterceptor3,Doubleinterceptor3,9,128,estimada,doubleinterceptor3
33919,Dobleinterceptor2,Doubleinterceptor2,9,128,estimada,doubleinterceptor2
33920,Dobledragóntruncado,Doubleinterceptor,9,128,estimada,doubleinterceptor
33923,WrestlingOverlord (Europeanedition),WrestlingOverlord (Europeanedition),9,128,estimada,wrestlingoverlord
33924,RevengeofDoublecutDragon2 (USedition),RevengeofDoublecutDragon2 (USedition),5,128,estimada,revengeofdoublecutdragon2
33925,DoublecutDragon (Americanversion),DoublecutDragon (Americanversion),5,128,estimada,doublecutdragon
33926,DoublecutDragon3RosettaStone (Americanversion),DoublecutDragon3RosettaStone (Americanversion),5,128,estimada,doublecutdragon3rosettastone
33927,TheLostShadowofDoubleDragon5 (USEdition),TheLostShadowofDoubleDragon5 (USEdition),5,128,estimada,thelostshadowofdoubledragon5
33930,Crystalpony (Americanversion),Crystalpony (Americanversion),5,128,estimada,crystalpony
33931,MDofDeathPinballPlatform (JapaneseEdition),MDofDeathPinballPlatform (JapaneseEdition),8,128,estimada,mdofdeathpinballplatform
33932,TheLabyrinthofDeath (JapaneseVersion),TheLabyrinthofDeath (JapaneseVersion),8,128,estimada,thelabyrinthofdeath
33933,FourDaysKing (Americanversion),FourDaysKing (Americanversion),5,128,estimada,fourdaysking
33936,SpaceHarry2,SpaceHarry2,5,128,estimada,spaceharry2
33937,SpaceAntWarriors (JapaneseEdition),SpaceAntWarriors (JapaneseEdition),8,128,estimada,spaceantwarriors
33939,SpaceAggressor91 (USEdition),SpaceAggressor91 (USEdition),5,128,estimada,spaceaggressor91
33943,LegendofMountTai (Americanversion),LegendofMountTai (Americanversion),5,128,estimada,legendofmounttai
33944,TheAdventuresofDonaldDuck (WorldEdition),TheAdventuresofDonaldDuck (WorldEdition),5,128,estimada,theadventuresofdonaldduck
33945,SpecialPoliceJudgesMovieEdition (WorldEdition),SpecialPoliceJudgesMovieEdition (WorldEdition),9,128,estimada,specialpolicejudgesmovieedition
33947,KickSuperman (Americanversion),KickSuperman (Americanversion),5,128,estimada,kicksuperman
33949,IronCoverStrikes (USEdition),IronCoverStrikes (USEdition),6,128,estimada,ironcoverstrikes
33950,Tiequan3 (SpecialEdition),Tiequan3 (SpecialEdition),9,128,estimada,tiequan3
33951,IronWristSoldier4 (USversion),IronWristSoldier4 (USversion),5,128,estimada,ironwristsoldier4
33953,Raidfighter2222 (Japaneseversion),Raidfighter2222 (Japaneseversion),8,128,estimada,raidfighter2222
33954,HeroicBiographyofTulong (JapaneseEdition),HeroicBiographyofTulong (JapaneseEdition),8,128,estimada,heroicbiographyoftulong
33955,BiographyofDragonTuHeroes2 (JapaneseEdition),BiographyofDragonTuHeroes2 (JapaneseEdition),8,128,estimada,biographyofdragontuheroes2
33956,BabyRabbitAdventure3 (USversion),BabyRabbitAdventure3 (USversion),8,128,estimada,babyrabbitadventure3
33957,BabyRabbitGames (USA),BabyRabbitGames (USA),5,128,estimada,babyrabbitgames
33959,TogerandEarl (Americanversion),TogerandEarl (Americanversion),9,128,estimada,togerandearl
33960,TogetherandEarl'sPacificAdventures (USEdition),TogetherandEarl'sPacificAdventures (USEdition),9,128,estimada,togetherandearlspacificadventures
33961,AlienCommander (Europeanedition),AlienCommander (Europeanedition),8,128,estimada,aliencommander
33962,NaughtyLeopardHollywoodAdventures (USEdition),NaughtyLeopardHollywoodAdventures (USEdition),4,128,estimada,naughtyleopardhollywoodadventures
33963,MicroMachine96 (EuropeanEdition),MicroMachine96 (EuropeanEdition),5,128,estimada,micromachine96
33964,MilitaryVersionofMicroMachines (EuropeanVersion),MilitaryVersionofMicroMachines (EuropeanVersion),9,128,estimada,militaryversionofmicromachines
33965,FutureSoldiers (USEdition),FutureSoldiers (USEdition),5,128,estimada,futuresoldiers
33967,Nowaytoescape (Americanversion),Nowaytoescape (Americanversion),5,128,estimada,nowaytoescape
33968,WeaponMaster (Americanversion),WeaponMaster (Americanversion),9,128,estimada,weaponmaster
33969,SamuraiSoul (Europeanedition),SamuraiSoul (Europeanedition),9,128,estimada,samuraisoul
33971,Warriorfighter (USversion),Warriorfighter (USversion),5,128,estimada,warriorfighter
33972,ArmedHelicopter (Europeanversion),ArmedHelicopter (Europeanversion),5,128,estimada,armedhelicopter
33973,ArmedSquadron (Europeanversion),ArmedSquadron (Europeanversion),4,128,estimada,armedsquadron
33975,Chafford (AmericaandEurope),Chafford (AmericaandEurope),4,128,estimada,chafford
33977,TrapMayaAdventure (USEdition),TrapMayaAdventure (USEdition),5,128,estimada,trapmayaadventure
33979,RubberGun (Americanversion),RubberGun (Americanversion),5,128,estimada,rubbergun
33980,Playtimeofdolphinsaftertideebb (USversion),Playtimeofdolphinsaftertideebb (USversion),5,128,estimada,playtimeofdolphinsaftertideebb
33981,LittleDevil (Americanversion),LittleDevil (Americanversion),5,128,estimada,littledevil
33982,LittlePenguinAdventure (JapaneseEdition),LittlePenguinAdventure (JapaneseEdition),8,128,estimada,littlepenguinadventure
33983,Carracing (Europeanversion),Carracing (Europeanversion),4,128,estimada,carracing
33984,TheAdventuresofLittleElephantLulu (AmericaandEurope),TheAdventuresofLittleElephantLulu (AmericaandEurope),4,128,estimada,theadventuresoflittleelephantlulu
33985,LittlePrimitiveMan (AmericanEdition),LittlePrimitiveMan (AmericanEdition),5,128,estimada,littleprimitiveman
33986,LittlePrimitiveMan2 (AmericanEdition),LittlePrimitiveMan2 (AmericanEdition),5,128,estimada,littleprimitiveman2
33987,ThenightmareoftheSimpsonfamilyhegemony (Americanversion),ThenightmareoftheSimpsonfamilyhegemony (Americanversion),4,128,estimada,thenightmareofthesimpsonfamilyhegemony
33988,SimpsonFamilySuperHappyHouse (AmericaandEurope),SimpsonFamilySuperHappyHouse (AmericaandEurope),9,128,estimada,simpsonfamilysuperhappyhouse
33993,NewZealandIslandLegend (JapaneseEdition),NewZealandIslandLegend (JapaneseEdition),8,128,estimada,newzealandislandlegend
33996,ThuraGate (JapaneseEdition),ThuraGate (JapaneseEdition),5,128,estimada,thuragate
33998,SublifeWar (JapaneseEdition),SublifeWar (JapaneseEdition),8,128,estimada,sublifewar
33999,Rockracingcar (Americanversion),Rockracingcar (Americanversion),8,128,estimada,rockracingcar
34000,WildSnakeSquare (USversion),WildSnakeSquare (USversion),9,128,estimada,wildsnakesquare
34002,NoReflectiononJustice (USEdition),NoReflectiononJustice (USEdition),5,128,estimada,noreflectiononjustice
34003,WarriorsoftheAliens (JapaneseEdition),WarriorsoftheAliens (JapaneseEdition),9,128,estimada,warriorsofthealiens
34004,Heteromorphic3 (Europeanedition),Heteromorphic3 (Europeanedition),9,128,estimada,heteromorphic3
34005,HeteromorphicMercenaries (Europeanedition),HeteromorphicMercenaries (Europeanedition),9,128,estimada,heteromorphicmercenaries
34006,ItalianWorldCup'90 (Europeanedition),ItalianWorldCup'90 (Europeanedition),4,128,estimada,italianworldcup90
34009,TheSecretofNinjaMovieWarrior (WorldEdition),TheSecretofNinjaMovieWarrior (WorldEdition),9,128,estimada,thesecretofninjamoviewarrior
34010,ReturnofThreeMastersofMovieWarriors (USEdition),ReturnofThreeMastersofMovieWarriors (USEdition),5,128,estimada,returnofthreemastersofmoviewarriors
34011,HardBaseball (Americanversion),HardBaseball (Americanversion),5,128,estimada,hardbaseball
34012,HardBaseball3 (Europeanedition),HardBaseball3 (Europeanedition),4,128,estimada,hardbaseball3
34013,HardBaseball94 (Europeanedition),HardBaseball94 (Europeanedition),4,128,estimada,hardbaseball94
34014,TheCrownofEternity (Americanedition),TheCrownofEternity (Americanedition),5,128,estimada,thecrownofeternity
34015,ForeverBatman (WorldEdition),ForeverBatman (WorldEdition),9,128,estimada,foreverbatman
34017,TheOutgoingBiographyofYouyouWhiteBook (JapaneseEdition),TheOutgoingBiographyofYouyouWhiteBook (JapaneseEdition),4,128,estimada,theoutgoingbiographyofyouyouwhitebook
34018,Cosmosfighter (Europeanversion),Cosmosfighter (Europeanversion),5,128,estimada,cosmosfighter
34019,ElementalDominator (USEdition),ElementalDominator (USEdition),4,128,estimada,elementaldominator
34020,PrimitiveAnimalCrazyFighting (JapaneseEdition),PrimitiveAnimalCrazyFighting (JapaneseEdition),5,128,estimada,primitiveanimalcrazyfighting
34021,PrimitiveSword (JapaneseEdition),PrimitiveSword (JapaneseEdition),8,128,estimada,primitivesword
34022,AtomicMachineBoy (AmericanEdition),AtomicMachineBoy (AmericanEdition),5,128,estimada,atomicmachineboy
34023,JohnMartonAmericanFootball93Championship (USedition),JohnMartonAmericanFootball93Championship (USedition),5,128,estimada,johnmartonamericanfootball93championship
34024,JohnMartonAmericanFootball98 (AmericanVersion),JohnMartonAmericanFootball98 (AmericanVersion),4,128,estimada,johnmartonamericanfootball98
34025,JohnMaddenRugby95 (Americanedition),JohnMaddenRugby95 (Americanedition),5,128,estimada,johnmaddenrugby95
34026,JohnMaddenRugby97 (Americanedition),JohnMaddenRugby97 (Americanedition),5,128,estimada,johnmaddenrugby97
34028,ClayWorld (AmericanEdition),ClayWorld (AmericanEdition),5,128,estimada,clayworld
34029,JamesBondDuel007 (JapaneseEdition),JamesBondDuel007 (JapaneseEdition),8,128,estimada,jamesbondduel007
34030,BiographyofCuttingDemons (AmericanEdition),BiographyofCuttingDemons (AmericanEdition),5,128,estimada,biographyofcuttingdemons
34031,DanceMusicofChoppingtheNightFork (JapaneseEdition),DanceMusicofChoppingtheNightFork (JapaneseEdition),8,128,estimada,dancemusicofchoppingthenightfork
34032,WolfoftheBattlefield (WorldEdition),WolfoftheBattlefield (WorldEdition),9,128,estimada,wolfofthebattlefield
34033,BattleLegend (JapaneseEdition),BattleLegend (JapaneseEdition),8,128,estimada,battlelegend
34034,BattleMaria (Americanversion),BattleMaria (Americanversion),8,128,estimada,battlemaria
34036,BattleFrogandDoubleCyclops (USversion),BattleFrogandDoubleCyclops (USversion),5,128,estimada,battlefroganddoublecyclops
34039,"RealMonster4 (Japan,AmericaandEurope)","RealMonster4 (Japan,AmericaandEurope)",4,128,estimada,realmonster4
34040,JusticeAllianceSuperpersonalityFighting (WorldEdition),JusticeAllianceSuperpersonalityFighting (WorldEdition),9,128,estimada,justicealliancesuperpersonalityfighting
34041,SesameStreetCafe (Americanversion),SesameStreetCafe (Americanversion),5,128,estimada,sesamestreetcafe
34044,ProfessionalGolfTournament3 (Americanversion),ProfessionalGolfTournament3 (Americanversion),9,128,estimada,professionalgolftournament3
34045,LethalFight (AmericaandEurope),LethalFight (AmericaandEurope),5,128,estimada,lethalfight
34046,NakajimaF1Hero (JapaneseEdition),NakajimaF1Hero (JapaneseEdition),5,128,estimada,nakajimaf1hero
34048,Heavymetalmarbles (Japaneseedition),Heavymetalmarbles (Japaneseedition),8,128,estimada,heavymetalmarbles
34049,ReloadingNova (Americanversion),ReloadingNova (Americanversion),5,128,estimada,reloadingnova
34050,TheLostWorldofJurassicPark2 (USA),TheLostWorldofJurassicPark2 (USA),4,128,estimada,thelostworldofjurassicpark2
34051,MainViewRacing (Americanversion),MainViewRacing (Americanversion),5,128,estimada,mainviewracing
34055,HeroesofCatchingInsects (JapaneseEdition),HeroesofCatchingInsects (JapaneseEdition),8,128,estimada,heroesofcatchinginsects
34056,StronginFreeStruggle (JapaneseVersion),StronginFreeStruggle (JapaneseVersion),8,128,estimada,stronginfreestruggle
34058,FinalQix (JapaneseEdition),FinalQix (JapaneseEdition),8,128,estimada,finalqix
34059,FinalFootball (EuropeanVersion),FinalFootball (EuropeanVersion),8,128,estimada,finalfootball
34060,ATPChampionshipTennisMatch (USversion),ATPChampionshipTennisMatch (USversion),5,128,estimada,atpchampionshiptennismatch
34061,BBBirdsandBigWolves (EuropeanEdition),BBBirdsandBigWolves (EuropeanEdition),4,128,estimada,bbbirdsandbigwolves
34062,ELWinter (Japaneseedition),ELWinter (Japaneseedition),8,128,estimada,elwinter
34063,F15FalconAction2 (Europeanedition),F15FalconAction2 (Europeanedition),4,128,estimada,f15falconaction2
34064,F1WorldChampionshipEnhancedEdition (EuropeanEdition),F1WorldChampionshipEnhancedEdition (EuropeanEdition),4,128,estimada,f1worldchampionshipenhancededition
34066,NBASuperBasketballMatchBullsvsLakers (Japaneseversion),NBASuperBasketballMatchBullsvsLakers (Japaneseversion),8,128,estimada,nbasuperbasketballmatchbullsvslakers
34067,NBATwotoTwoBullfighting (USversion),NBATwotoTwoBullfighting (USversion),5,128,estimada,nbatwototwobullfighting
34068,NBABullsVsPioneers (USEdition),NBABullsVsPioneers (USEdition),5,128,estimada,nbabullsvspioneers
34069,NBABlueDrawing (EuropeanEdition),NBABlueDrawing (EuropeanEdition),4,128,estimada,nbabluedrawing
34070,NBALakersvsCeltics (US),NBALakersvsCeltics (US),5,128,estimada,nbalakersvsceltics
34072,NBABasketball94 (JapaneseEdition),NBABasketball94 (JapaneseEdition),8,128,estimada,nbabasketball94
34073,NBALeague96 (USedition),NBALeague96 (USedition),5,128,estimada,nbaleague96
34074,NBALeague97 (USedition),NBALeague97 (USedition),5,128,estimada,nbaleague97
34075,NBALeague98 (USedition),NBALeague98 (USedition),5,128,estimada,nbaleague98
34078,NHLHockey93 (USversion),NHLHockey93 (USversion),5,128,estimada,nhlhockey93
34080,QVersionSuperGirl (USVersion),QVersionSuperGirl (USVersion),5,128,estimada,qversionsupergirl
34082,SEGASports3in1 (Europeanedition),SEGASports3in1 (Europeanedition),4,128,estimada,segasports3in1
34084,WWFSuperWrestling (WorldEdition),WWFSuperWrestling (WorldEdition),9,128,estimada,wwfsuperwrestling
34085,WWFCrazyWrestling (USEdition),WWFCrazyWrestling (USEdition),9,128,estimada,wwfcrazywrestling
34086,AdamsFamily (EuropeanEdition),AdamsFamily (EuropeanEdition),4,128,estimada,adamsfamily
34087,ArcasAdventure (USEdition),ArcasAdventure (USEdition),5,128,estimada,arcasadventure
34088,ArnoldGolfChampionship (Europeanedition),ArnoldGolfChampionship (Europeanedition),4,128,estimada,arnoldgolfchampionship
34089,Barney'sTreasureSearch (USEdition),Barney'sTreasureSearch (USEdition),5,128,estimada,barneystreasuresearch
34090,BassFishingClassicEdition (AmericanEdition),BassFishingClassicEdition (AmericanEdition),5,128,estimada,bassfishingclassicedition
34091,BussFishingProfessionalEdition (USEdition),BussFishingProfessionalEdition (USEdition),5,128,estimada,bussfishingprofessionaledition
34092,BonkaCatAdventure (Europeanedition),BonkaCatAdventure (Europeanedition),4,128,estimada,bonkacatadventure
34094,GemstoneBlock (WorldEdition),GemstoneBlock (WorldEdition),9,128,estimada,gemstoneblock
34095,GemstoneBlock3 (Americanedition),GemstoneBlock3 (Americanedition),5,128,estimada,gemstoneblock3
34097,Stormfighter (Japaneseversion),Stormfighter (Japaneseversion),8,128,estimada,stormfighter
34098,RaceStuntFight!Motos,RaceStuntFight!Motorcycles,9,128,estimada,racestuntfightmotorcycles
34099,BurstWarfare (USEdition),BurstWarfare (USEdition),5,128,estimada,burstwarfare
34101,BaileyWorldFootballChampionship (USedition),BaileyWorldFootballChampionship (USedition),5,128,estimada,baileyworldfootballchampionship
34102,BillWoothughFootball (Americanedition),BillWoothughFootball (Americanedition),5,128,estimada,billwoothughfootball
34104,ThefinaltrialofBuickroger (Americanversion),ThefinaltrialofBuickroger (Americanversion),5,128,estimada,thefinaltrialofbuickroger
34105,ThehiddentreasureofthegreatadventureoftheBennyRabbit (Americanversion),ThehiddentreasureofthegreatadventureoftheBennyRabbit (Amer,5,128,estimada,thehiddentreasureofthegreatadventureofthebennyrabbit
34106,BinnyRabbitCrisisridden (Americanversion),BinnyRabbitCrisisridden (Americanversion),5,128,estimada,binnyrabbitcrisisridden
34107,SowMotanSumo (JapaneseVersion),SowMotanSumo (JapaneseVersion),8,128,estimada,sowmotansumo
34108,BubbaandStick (Americanedition),BubbaandStick (Americanedition),5,128,estimada,bubbaandstick
34109,BrianCricket (Europeanedition),BrianCricket (Europeanedition),4,128,estimada,briancricket
34110,Tribe2 (Europeanedition),Tribe2 (Europeanedition),4,128,estimada,tribe2
34112,WarehouseFan (JapaneseEdition),WarehouseFan (JapaneseEdition),9,128,estimada,warehousefan
34114,SuperBarbieModels (USEdition),SuperBarbieModels (USEdition),5,128,estimada,superbarbiemodels
34115,SuperBaseballLeague (Japaneseversion),SuperBaseballLeague (Japaneseversion),8,128,estimada,superbaseballleague
34116,SuperBaseballLeague91 (Japaneseedition),SuperBaseballLeague91 (Japaneseedition),8,128,estimada,superbaseballleague91
34118,SuperHyde (Japaneseversion),SuperHyde (Japaneseversion),8,128,estimada,superhyde
34119,SuperRocketVehicle (Europeanversion),SuperRocketVehicle (Europeanversion),4,128,estimada,superrocketvehicle
34120,SuperMonacoGrandPrix (WorldEdition),SuperMonacoGrandPrix (WorldEdition),9,128,estimada,supermonacograndprix
34122,SuperLiveBasketball (Europeanedition),SuperLiveBasketball (Europeanedition),4,128,estimada,superlivebasketball
34123,SuperHelicopter (USEdition),SuperHelicopter (USEdition),5,128,estimada,superhelicopter
34124,SuperFootball (WorldEdition),SuperFootball (WorldEdition),9,128,estimada,superfootball
34125,SuperpowerBallMatch (Americanedition),SuperpowerBallMatch (Americanedition),5,128,estimada,superpowerballmatch
34126,Hypersphere (Japaneseedition),Hypersphere (Japaneseedition),8,128,estimada,hypersphere
34130,InsectandInsectWarfare (EuropeanEdition),InsectandInsectWarfare (EuropeanEdition),4,128,estimada,insectandinsectwarfare
34131,AttacktheDragon (Americanversion),AttacktheDragon (Americanversion),5,128,estimada,attackthedragon
34132,GenesisWarrior (Americanversion),GenesisWarrior (Americanversion),5,128,estimada,genesiswarrior
34133,JungleAttacks (USandEurope),JungleAttacks (USandEurope),4,128,estimada,jungleattacks
34134,CuiDiandBigBenCat (Americanversion),CuiDiandBigBenCat (Americanversion),5,128,estimada,cuidiandbigbencat
34135,QuestionandAnswerCompetition (JapaneseVersion),QuestionandAnswerCompetition (JapaneseVersion),8,128,estimada,questionandanswercompetition
34136,Playbaseball3 (Americanversion),Playbaseball3 (Americanversion),5,128,estimada,playbaseball3
34137,Playbaseball4 (Americanversion),Playbaseball4 (Americanversion),5,128,estimada,playbaseball4
34138,Playbaseball93 (Americanversion),Playbaseball93 (Americanversion),5,128,estimada,playbaseball93
34139,Fightagainstfootball (Europeanedition),Fightagainstfootball (Europeanedition),4,128,estimada,fightagainstfootball
34140,HammerDinosaurs (JapaneseEdition),HammerDinosaurs (JapaneseEdition),8,128,estimada,hammerdinosaurs
34144,GreatScuffle (JapaneseVersion),GreatScuffle (JapaneseVersion),8,128,estimada,greatscuffle
34145,DariusFighter2 (Japaneseversion),DariusFighter2 (Japaneseversion),8,128,estimada,dariusfighter2
34146,BigMagicVillage (Europeanedition),BigMagicVillage (Europeanedition),4,128,estimada,bigmagicvillage
34147,DavidCupTennisMatch,DavidCupTennisMatch,5,128,estimada,davidcuptennismatch
34148,GreatTornado (JapanandEurope),GreatTornado (JapanandEurope),4,128,estimada,greattornado
34149,UniversityAmericanFootballChampionship2 (Americanversion),UniversityAmericanFootballChampionship2 (Americanversion),4,128,estimada,universityamericanfootballchampionship2
34152,Biliarymice (Americanversion),Biliarymice (Americanversion),5,128,estimada,biliarymice
34154,WorldWarII (USedition),WorldWarII (USedition),9,128,estimada,worldwarii
34155,KinematicBowling (JapaneseVersion),KinematicBowling (JapaneseVersion),8,128,estimada,kinematicbowling
34156,Powerracingcar (Japaneseversion),Powerracingcar (Japaneseversion),8,128,estimada,powerracingcar
34157,Action52in1 (Europeanversion),Action52in1 (Europeanversion),4,128,estimada,action52in1
34158,DogfightKing (JapaneseEdition),DogfightKing (JapaneseEdition),8,128,estimada,dogfightking
34159,DemonPinball (Americanversion),DemonPinball (Americanversion),5,128,estimada,demonpinball
34160,FlightAdventure (JapaneseEdition),FlightAdventure (JapaneseEdition),8,128,estimada,flightadventure
34161,Aircraft (Japaneseversion),Aircraft (Japaneseversion),8,128,estimada,aircraft
34162,PegasusKnight (Americanversion),PegasusKnight (Americanversion),5,128,estimada,pegasusknight
34163,FlyingBats (Americanversion),FlyingBats (Americanversion),5,128,estimada,flyingbats
34164,FlyingBat2 (Americanversion),FlyingBat2 (Americanversion),5,128,estimada,flyingbat2
34166,SingularityintheWind (AmericanEdition),SingularityintheWind (AmericanEdition),5,128,estimada,singularityinthewind
34168,CrazyMickeyMouse (Europeanversion),CrazyMickeyMouse (Europeanversion),4,128,estimada,crazymickeymouse
34171,Monsterwrestling (Americanversion),Monsterwrestling (Americanversion),5,128,estimada,monsterwrestling
34173,BowlingintheChampionsLeague,BowlingintheChampionsLeague,5,128,estimada,bowlinginthechampionsleague
34175,GloriousLegend (JapaneseEdition),GloriousLegend (JapaneseEdition),8,128,estimada,gloriouslegend
34176,BrightPower (USEdition),BrightPower (USEdition),5,128,estimada,brightpower
34177,Poderdeluz2,LightPower2,9,128,estimada,lightpower2
34179,LightandDarkness (Koreanversion),LightandDarkness (Koreanversion),9,128,estimada,lightanddarkness
34180,LightShock (JapaneseEdition),LightShock (JapaneseEdition),8,128,estimada,lightshock
34181,OutdoorGreatSpeedRacingFutureEditionof2019 (USEdition),OutdoorGreatSpeedRacingFutureEditionof2019 (USEdition),14,128,estimada,outdoorgreatspeedracingfutureeditionof2019
34183,GhostHouse2 (Americanversion),GhostHouse2 (Americanversion),5,128,estimada,ghosthouse2
34184,GhostHouse3 (Americanversion),GhostHouse3 (Americanversion),5,128,estimada,ghosthouse3
34186,Pirate'sTreasure (AmericanVersion),Pirate'sTreasure (AmericanVersion),5,128,estimada,piratestreasure
34187,Dolphins (Japaneseedition),Dolphins (Japaneseedition),8,128,estimada,dolphins
34188,LegendoftheSea (Europeanedition),LegendoftheSea (Europeanedition),4,128,estimada,legendofthesea
34189,AviationHegemony (JapaneseEdition),AviationHegemony (JapaneseEdition),8,128,estimada,aviationhegemony
34190,HaoXueTemple (Japaneseversion),HaoXueTemple (Japaneseversion),8,128,estimada,haoxuetemple
34197,Fancybilliards (Europeanversion),Fancybilliards (Europeanversion),4,128,estimada,fancybilliards
34198,FunnyGolf (Americanversion),FunnyGolf (Americanversion),5,128,estimada,funnygolf
34200,RapidRingRunning (USEdition),RapidRingRunning (USEdition),5,128,estimada,rapidringrunning
34201,FantasyLegend (AmericanVersion),FantasyLegend (AmericanVersion),5,128,estimada,fantasylegend
34202,PhantomWonderman2040 (USversion),PhantomWonderman2040 (USversion),5,128,estimada,phantomwonderman2040
34204,Royaldescent (Americanversion),Royaldescent (Americanversion),5,128,estimada,royaldescent
34205,BacktotheFuture3 (USEdition),BacktotheFuture3 (USEdition),5,128,estimada,backtothefuture3
34206,DestroytheDuke (WorldEdition),DestroytheDuke (WorldEdition),9,128,estimada,destroytheduke
34207,DestructionWarrior (Europeanedition),DestructionWarrior (Europeanedition),4,128,estimada,destructionwarrior
34208,ChaoticLocomotive (Europeanversion),ChaoticLocomotive (Europeanversion),4,128,estimada,chaoticlocomotive
34209,Matchremotecontrolvehicle (Americanversion),Matchremotecontrolvehicle (Americanversion),5,128,estimada,matchremotecontrolvehicle
34211,RobotPolice (USversion),RobotPolice (USversion),5,128,estimada,robotpolice
34212,RobotFighting (JapaneseEdition),RobotFighting (JapaneseEdition),8,128,estimada,robotfighting
34213,MachineWarrior (Americanversion),MachineWarrior (Americanversion),5,128,estimada,machinewarrior
34214,MachineWarfarePolice3 (USandEurope),MachineWarfarePolice3 (USandEurope),4,128,estimada,machinewarfarepolice3
34215,RobotOperationsPolicevsTerminator (Europeanversion),RobotOperationsPolicevsTerminator (Europeanversion),9,128,estimada,robotoperationspolicevsterminator
34216,RobotWarfarePolicevsTerminator (USversion),RobotWarfarePolicevsTerminator (USversion),5,128,estimada,robotwarfarepolicevsterminator
34217,MechanicalWarriorReynolds (Japaneseversion),MechanicalWarriorReynolds (Japaneseversion),8,128,estimada,mechanicalwarriorreynolds
34218,HurricaneRacing (Japaneseedition),HurricaneRacing (Japaneseedition),8,128,estimada,hurricaneracing
34219,Windmill2 (Americanversion),Windmill2 (Americanversion),9,128,estimada,windmill2
34220,Galefighter (USversion),Galefighter (USversion),5,128,estimada,galefighter
34221,FamilyCompetition (AmericanEdition),FamilyCompetition (AmericanEdition),5,128,estimada,familycompetition
34222,CountofZombies (Europeanedition),CountofZombies (Europeanedition),4,128,estimada,countofzombies
34223,Squid!Squid!Squid! (Americanversion),Squid!Squid!Squid! (Americanversion),5,128,estimada,squidsquidsquid
34224,Streetracingcar (Europeanversion),Streetracingcar (Europeanversion),4,128,estimada,streetracingcar
34227,AntiDrugGuards (USEdition),AntiDrugGuards (USEdition),5,128,estimada,antidrugguards
34228,GradeTiger (JapaneseEdition),GradeTiger (JapaneseEdition),8,128,estimada,gradetiger
34229,CampingAdventuresofCurlyBears (USEdition),CampingAdventuresofCurlyBears (USEdition),5,128,estimada,campingadventuresofcurlybears
34230,Karlov (Japaneseedition),Karlov (Japaneseedition),8,128,estimada,karlov
34232,ScienceFictionAdvance (JapaneseEdition),ScienceFictionAdvance (JapaneseEdition),8,128,estimada,sciencefictionadvance
34233,Karate (Americanversion),Karate (Americanversion),5,128,estimada,karate
34234,Emptyteeth (Americanversion),Emptyteeth (Americanversion),5,128,estimada,emptyteeth
34236,AirController (USversion),AirController (USversion),5,128,estimada,aircontroller
34237,AirCombatPolice (USversion),AirCombatPolice (USversion),5,128,estimada,aircombatpolice
34238,PeacockKing2 (JapaneseEdition),PeacockKing2 (JapaneseEdition),9,128,estimada,peacockking2
34239,PeacockKing2SecretGuardian (WorldEdition),PeacockKing2SecretGuardian (WorldEdition),9,128,estimada,peacockking2secretguardian
34241,DinosaurBrothers (JapaneseEdition),DinosaurBrothers (JapaneseEdition),8,128,estimada,dinosaurbrothers
34243,DinosaurTeamMovieEdition (USEdition),DinosaurTeamMovieEdition (USEdition),5,128,estimada,dinosaurteammovieedition
34244,QueerinHollywood,QueerinHollywood,5,128,estimada,queerinhollywood
34245,CrayonXiaoxin (JapaneseEdition),CrayonXiaoxin (JapaneseEdition),8,128,estimada,crayonxiaoxin
34247,BlueAge (JapaneseEdition),BlueAge (JapaneseEdition),8,128,estimada,blueage
34249,WolfBoy (Americanversion),WolfBoy (Americanversion),9,128,estimada,wolfboy
34250,LightningandLightning (AmericanandJapaneseEdition),LightningandLightning (AmericanandJapaneseEdition),8,128,estimada,lightningandlightning
34251,RexrothAdventure (Europeanedition),RexrothAdventure (Europeanedition),4,128,estimada,rexrothadventure
34253,RichardHappyCity (Americanversion),RichardHappyCity (Americanversion),5,128,estimada,richardhappycity
34255,StrengthPlayer (JapaneseVersion),StrengthPlayer (JapaneseVersion),8,128,estimada,strengthplayer
34256,StereoBox (WorldEdition),StereoBox (WorldEdition),9,128,estimada,stereobox
34257,ParticleWarrior (USandEurope),ParticleWarrior (USandEurope),4,128,estimada,particlewarrior
34258,Lotusracingcar2 (USAandEurope),Lotusracingcar2 (USAandEurope),4,128,estimada,lotusracingcar2
34259,Submarinehunting (USversion),Submarinehunting (USversion),5,128,estimada,submarinehunting
34260,Neighboursarenothuman.,Neighboursarenothuman.,5,128,estimada,neighboursarenothuman
34266,DragonandPhoenixSteal (Americanversion),DragonandPhoenixSteal (Americanversion),5,128,estimada,dragonandphoenixsteal
34267,DragonKnight (Americanversion),DragonKnight (Americanversion),5,128,estimada,dragonknight
34268,SolarWarriorsofDragonandDungeon (EuropeandAmerica),SolarWarriorsofDragonandDungeon (EuropeandAmerica),4,128,estimada,solarwarriorsofdragonanddungeon
34269,TheRevolutionaryEditionofDragon'sPinballPlatform (AmericanEdition),TheRevolutionaryEditionofDragon'sPinballPlatform (AmericanEdi,5,128,estimada,therevolutionaryeditionofdragonspinballplatform
34270,Dragon'sPinballPlatform (Americanversion),Dragon'sPinballPlatform (Americanversion),5,128,estimada,dragonspinballplatform
34271,LegendofDragonPearlZWuyong (JapaneseEdition),LegendofDragonPearlZWuyong (JapaneseEdition),8,128,estimada,legendofdragonpearlzwuyong
34272,RogerKleinStarBaseball (Americanversion),RogerKleinStarBaseball (Americanversion),5,128,estimada,rogerkleinstarbaseball
34273,RomanDefenseWar (Americanversion),RomanDefenseWar (Americanversion),5,128,estimada,romandefensewar
34274,Romanfighters (Americanversion),Romanfighters (Americanversion),5,128,estimada,romanfighters
34275,RomanWarrior2 (Europeanedition),RomanWarrior2 (Europeanedition),4,128,estimada,romanwarrior2
34276,Mobilizationoflemmings (Europeanedition),Mobilizationoflemmings (Europeanedition),4,128,estimada,mobilizationoflemmings
34277,Mobilizationoflemmings2 (Americanedition),Mobilizationoflemmings2 (Americanedition),5,128,estimada,mobilizationoflemmings2
34278,MahjongLongbaiwolf'sOutlook (JapaneseEdition),MahjongLongbaiwolf'sOutlook (JapaneseEdition),8,128,estimada,mahjonglongbaiwolfsoutlook
34280,Marco'sMagicFootball,Marco'sMagicFootball,5,128,estimada,marcosmagicfootball
34281,PulseSuperman (Japaneseversion),PulseSuperman (Japaneseversion),8,128,estimada,pulsesuperman
34283,AmericanCollegeBasketball (Americanversion),AmericanCollegeBasketball (Americanversion),5,128,estimada,americancollegebasketball
34284,AmericanProfessionalBaseballThreeKills96 (USEdition),AmericanProfessionalBaseballThreeKills96 (USEdition),5,128,estimada,americanprofessionalbaseballthreekills96
34285,BeautyandBeastBeautySearch (USEdition),BeautyandBeastBeautySearch (USEdition),5,128,estimada,beautyandbeastbeautysearch
34286,BeautyandtheBeastTheWrathoftheBeast (USEdition),BeautyandtheBeastTheWrathoftheBeast (USEdition),5,128,estimada,beautyandthebeastthewrathofthebeast
34288,AmericanGirlSoldier (JapaneseEdition),AmericanGirlSoldier (JapaneseEdition),8,128,estimada,americangirlsoldier
34289,AmericanCollegeFootball97 (AmericanVersion),AmericanCollegeFootball97 (AmericanVersion),5,128,estimada,americancollegefootball97
34290,AmericanFootball98 (AmericanVersion),AmericanFootball98 (AmericanVersion),5,128,estimada,americanfootball98
34291,AlliedDeathCorps (SinicizedVersion),AlliedDeathCorps (SinicizedVersion),9,128,estimada,allieddeathcorps
34292,DreamSimulatedWarfare (USEdition),DreamSimulatedWarfare (USEdition),5,128,estimada,dreamsimulatedwarfare
34293,Sueñoguerrasimulada2,DreamSimulatedWarfare2,9,128,estimada,dreamsimulatedwarfare2
34295,FantasyStar2Annie'sAdventures (JapaneseEdition),FantasyStar2Annie'sAdventures (JapaneseEdition),8,128,estimada,fantasystar2anniesadventures
34296,FantasyStar2Kendez'sAdventures (JapaneseEdition),FantasyStar2Kendez'sAdventures (JapaneseEdition),8,128,estimada,fantasystar2kendezsadventures
34297,Dreamstar2Hilka'sAdventures (JapaneseEdition),Dreamstar2Hilka'sAdventures (JapaneseEdition),8,128,estimada,dreamstar2hilkasadventures
34298,Dreamstar2Huey'sAdventures (JapaneseEdition),Dreamstar2Huey'sAdventures (JapaneseEdition),8,128,estimada,dreamstar2hueysadventures
34299,FantasyStar3 (JapaneseEdition),FantasyStar3 (JapaneseEdition),8,128,estimada,fantasystar3
34302,MickeyMouseUltimateChallenge (USEdition),MickeyMouseUltimateChallenge (USEdition),5,128,estimada,mickeymouseultimatechallenge
34303,SecretWorldMagicTreasure (USEdition),SecretWorldMagicTreasure (USEdition),5,128,estimada,secretworldmagictreasure
34304,FatbilliardsinMinnesota (Japaneseversion),FatbilliardsinMinnesota (Japaneseversion),8,128,estimada,fatbilliardsinminnesota
34305,MonacoGPracingcar2 (USversion),MonacoGPracingcar2 (USversion),5,128,estimada,monacogpracingcar2
34307,MagicGate3 (Americanversion),MagicGate3 (Americanversion),5,128,estimada,magicgate3
34309,MagicBubble2 (DailyEdition),MagicBubble2 (DailyEdition),8,128,estimada,magicbubble2
34310,MagicBubbleSpread (USEdition),MagicBubbleSpread (USEdition),5,128,estimada,magicbubblespread
34311,TheAdventuresofMagicBoys (JapaneseEdition),TheAdventuresofMagicBoys (JapaneseEdition),8,128,estimada,theadventuresofmagicboys
34312,DevilNemesis (Europeanedition),DevilNemesis (Europeanedition),4,128,estimada,devilnemesis
34313,MorioftheDevilWorld (Americanedition),MorioftheDevilWorld (Americanedition),5,128,estimada,moriofthedevilworld
34314,MagicRings,MagicRings,5,128,estimada,magicrings
34315,TheCreationandDestructionofMagicHeaven (JapaneseEdition),TheCreationandDestructionofMagicHeaven (JapaneseEdition),4,128,estimada,thecreationanddestructionofmagicheaven
34316,MummyAmericanFootball (AmericanVersion),MummyAmericanFootball (AmericanVersion),5,128,estimada,mummyamericanfootball
34317,Mummyhockey (Americanversion),Mummyhockey (Americanversion),5,128,estimada,mummyhockey
34318,TheAdventuresofPuppets (AmericanEdition),TheAdventuresofPuppets (AmericanEdition),5,128,estimada,theadventuresofpuppets
34319,GrindingStorm (USEdition),GrindingStorm (USEdition),5,128,estimada,grindingstorm
34320,Birdmanfighter (Japaneseversion),Birdmanfighter (Japaneseversion),8,128,estimada,birdmanfighter
34321,TheBirthofGoddess (JapaneseVersion),TheBirthofGoddess (JapaneseVersion),8,128,estimada,thebirthofgoddess
34322,EuropeanFootballClub (Europeanedition),EuropeanFootballClub (Europeanedition),4,128,estimada,europeanfootballclub
34323,Roaringlikethunder (Americanversion),Roaringlikethunder (Americanversion),5,128,estimada,roaringlikethunder
34324,BubblesandSweek'sAdventures (AmericanEdition),BubblesandSweek'sAdventures (AmericanEdition),5,128,estimada,bubblesandsweeksadventures
34325,WorldWarriorsShuanglin (USA),WorldWarriorsShuanglin (USA),9,128,estimada,worldwarriorsshuanglin
34326,CannonAshBlastingForward (EuropeanEdition),CannonAshBlastingForward (EuropeanEdition),4,128,estimada,cannonashblastingforward
34327,PeiberCoastGolfCourse (USversion),PeiberCoastGolfCourse (USversion),5,128,estimada,peibercoastgolfcourse
34328,Pick'sRapidAdventure (USEdition),Pick'sRapidAdventure (USEdition),5,128,estimada,picksrapidadventure
34329,PeteSamprasTennis96 (Europeanedition),PeteSamprasTennis96 (Europeanedition),4,128,estimada,petesamprastennis96
34330,SevenHappyKids (AmericanEdition),SevenHappyKids (AmericanEdition),5,128,estimada,sevenhappykids
34331,KnightLegend (JapaneseEdition),KnightLegend (JapaneseEdition),8,128,estimada,knightlegend
34332,Assaultfighter (Japaneseversion),Assaultfighter (Japaneseversion),8,128,estimada,assaultfighter
34333,Jordanvs.BirdSuperOnetoOne (Japaneseversion),Jordanvs.BirdSuperOnetoOne (Japaneseversion),8,128,estimada,jordanvsbirdsuperonetoone
34334,ChesterLeopard (Americanversion),ChesterLeopard (Americanversion),5,128,estimada,chesterleopard
34336,Hockey (Europeanversion),Hockey (Europeanversion),4,128,estimada,hockey
34337,Hockey95 (Americanversion),Hockey95 (Americanversion),5,128,estimada,hockey95
34338,Hockey96 (USedition),Hockey96 (USedition),5,128,estimada,hockey96
34339,Hockey97 (AmericaandEurope),Hockey97 (AmericaandEurope),4,128,estimada,hockey97
34340,Hockey98 (USedition),Hockey98 (USedition),5,128,estimada,hockey98
34341,InterestingSquare (AmericanEdition),InterestingSquare (AmericanEdition),5,128,estimada,interestingsquare
34342,AllStarHockey95 (USversion),AllStarHockey95 (USversion),5,128,estimada,allstarhockey95
34345,BurningTeam (USEdition),BurningTeam (USEdition),5,128,estimada,burningteam
34346,NinjaTurtleShredd'sReturn (USEdition),NinjaTurtleShredd'sReturn (USEdition),5,128,estimada,ninjaturtleshreddsreturn
34348,NinjaExternalBiography (JapaneseEdition),NinjaExternalBiography (JapaneseEdition),8,128,estimada,ninjaexternalbiography
34351,LightningStrike2 (USEdition),LightningStrike2 (USEdition),5,128,estimada,lightningstrike2
34352,LightningStrike3 (DailyEdition),LightningStrike3 (DailyEdition),8,128,estimada,lightningstrike3
34353,Lightningstrike4 (Europeanversion),Lightningstrike4 (Europeanversion),4,128,estimada,lightningstrike4
34354,ThePursuitofLightningReturn (JapaneseEdition),ThePursuitofLightningReturn (JapaneseEdition),8,128,estimada,thepursuitoflightningreturn
34356,MysteriousPyramid (JapaneseVersion),MysteriousPyramid (JapaneseVersion),8,128,estimada,mysteriouspyramid
34357,MysteriousPyramid2 (JapaneseVersion),MysteriousPyramid2 (JapaneseVersion),8,128,estimada,mysteriouspyramid2
34358,MysteriousPyramid3 (JapaneseVersion),MysteriousPyramid3 (JapaneseVersion),8,128,estimada,mysteriouspyramid3
34359,MagicBoy3Monster'sNest (JapanandEurope),MagicBoy3Monster'sNest (JapanandEurope),4,128,estimada,magicboy3monstersnest
34360,Biochemicalfighter (Europeanversion),Biochemicalfighter (Europeanversion),4,128,estimada,biochemicalfighter
34362,Stallone (Americanedition),Stallone (Americanedition),5,128,estimada,stallone
34363,WorldSeriesofBaseball (USA),WorldSeriesofBaseball (USA),9,128,estimada,worldseriesofbaseball
34364,WorldBaseballSeries'98 (USversion),WorldBaseballSeries'98 (USversion),9,128,estimada,worldbaseballseries98
34366,WorldFootballChampionship (USedition),WorldFootballChampionship (USedition),9,128,estimada,worldfootballchampionship
34367,ChiefManager97 (Europeanedition),ChiefManager97 (Europeanedition),4,128,estimada,chiefmanager97
34469,Violenthockey (Americanversion),Violenthockey (Americanversion),8,128,estimada,violenthockey
35445,ClayWarriors (USEdition),ClayWarriors (USEdition),4,128,estimada,claywarriors
35694,BeidouShenquan (Americanversion),BeidouShenquan (Americanversion),4,128,estimada,beidoushenquan
22596,3DFrenomalvado64,3DCarmageddo3D (USA) -- 3D,1,120,estimada,carmageddo3d
23606,"GBA""LagranmisadeNaruto,elninjamásfuerte2""","GBA""""""TheGreatMassofNaruto,theMostStrongNinja2""""""",1,119,estimada,athegreatmassofnarutothemoststrongninja2
23787,GBAXLegendsPolicíadeGuerradeClaseRestringida,GBAxXx,2,119,estimada,axxx
24027,GBABlastGyro2002LuchaCapítulodelDragónAmarillo,GBABakutenShootBeyblade2002Gekisen!TeamBattle!!Kouryuuno,1,118,estimada,bakutenshootbeyblade2002gekisenteambattlekouryuuno
24028,GBABlastGyro2002FightCapítulodelDragónAzul,GBABakutenShootBeyblade2002Gekisen!TeamBattle!!Seiryuuno,1,118,estimada,bakutenshootbeyblade2002gekisenteambattleseiryuuno
24100,GBAAlalargarev1,GBAWhistle!Dai37KaiTokyotoChuugakkouSougouTaiikuSoccerTa,1,118,estimada,whistledai37kaitokyotochuugakkousougoutaiikusoccerta
24115,GBADisneyPiggyJuegorev1,GBAKoukouJukenAdvanceSeriesEijukugoHen650PhrasesShuurok,1,118,estimada,koukoujukenadvanceserieseijukugohen650phrasesshuurok
24165,GBAElúltimohombredelacarneElcaminoalossuperhéroes,GBAUltimateMuscleTheKinnikumanLegacyThePathoftheSuperhe,1,118,estimada,ultimatemusclethekinnikumanlegacythepathofthesuperhe
24190,GBAAnimalCompanionSerie4LindoPerrito,GBANakayoshiPetAdvanceSeries4KawaiiKoinuMiniWankotoAsob,1,118,estimada,nakayoshipetadvanceseries4kawaiikoinuminiwankotoasob
24268,GBCGB2DesertDevilCityenXilin,GBCGB2DesertDevilCityinXilin,1,118,estimada,gb2desertdevilcityinxilin
24281,GBCVersión 3DPinballEE.UU.,GBC3DPinballUSversion,1,118,estimada,3dpinball
24311,GBCTombRaider,GBCtombRaider,1,118,estimada,ctombraider
1756,WarmBloodStory,WarmBloodStory,18,103,estimada,warmbloodstory
1757,WarmBloodMarch,WarmBloodMarch,18,103,estimada,warmbloodmarch
1777,QuickStrikeofTortoise,QuickStrikeofTortoise,18,103,estimada,quickstrikeoftortoise
1794,Formula1racingcar (Chineseversion),Formula1racingcar (Chineseversion),12,103,estimada,formula1racingcar
1795,FCOrigin (ChineseVersion),FCOrigin (ChineseVersion),8,103,estimada,origin
1796,SDHeroes'FinalBattleOverthrowstheEvilLegion (Chineseversion),SDHeroes'FinalBattleOverthrowstheEvilLegion (Chineseversion),6,103,estimada,sdheroesfinalbattleoverthrowstheevillegion
1799,Argosfighters (Chineseversion),Argosfighters (Chineseversion),12,103,estimada,argosfighters
1802,Love'sCabin (ChineseVersion),Love'sCabin (ChineseVersion),12,103,estimada,lovescabin
1813,TheGreatAdventureofTeaPills (ChineseVersion),TheGreatAdventureofTeaPills (ChineseVersion),12,103,estimada,thegreatadventureofteapills
1819,SuperSoul (Chineseversion),SuperSoul (Chineseversion),12,103,estimada,supersoul
1822,SuperSoulofWar (Chineseversion),SuperSoulofWar (Chineseversion),12,103,estimada,supersoulofwar
1823,SuperChineseBoxing (JapaneseVersion),SuperChineseBoxing (JapaneseVersion),12,103,estimada,superchineseboxing
1824,SuperChineseBoxing2 (Americanversion),SuperChineseBoxing2 (Americanversion),12,103,estimada,superchineseboxing2
1825,SuperChineseBoxing3 (JapaneseVersion),SuperChineseBoxing3 (JapaneseVersion),12,103,estimada,superchineseboxing3
1831,PetJade (ChineseVersion),PetJade (ChineseVersion),12,103,estimada,petjade
1832,PetRed (Chineseversion),PetRed (Chineseversion),12,103,estimada,petred
1833,PetTall (ChineseEdition),PetTall (ChineseEdition),12,103,estimada,pettall
1834,Airbeating (Chineseversion),Airbeating (Chineseversion),12,103,estimada,airbeating
2758,NinjaDragonSwordBiography3 (AmericanEdition),NinjaDragonSwordBiography3 (AmericanEdition),18,103,estimada,ninjadragonswordbiography3
1843,PinballPlatform (ChineseVersion),PinballPlatform (ChineseVersion),12,102,estimada,pinballplatform
1846,PirateShuai (Chineseversion),PirateShuai (Chineseversion),12,102,estimada,pirateshuai
1847,TunnelWarfare (ChineseVersion),TunnelWarfare (ChineseVersion),12,102,estimada,tunnelwarfare
1851,"Tianya3,SecondRobotWar (ChineseVersion)","Tianya3,SecondRobotWar (ChineseVersion)",12,102,estimada,tianya3secondrobotwar
1855,Pharaoh (Chineseversion),Pharaoh (Chineseversion),12,102,estimada,pharaoh
1861,FlyingSoldier (Chineseversion),FlyingSoldier (Chineseversion),12,102,estimada,flyingsoldier
1866,ThreePrincesofVoldemort (Chineseversion),ThreePrincesofVoldemort (Chineseversion),12,102,estimada,threeprincesofvoldemort
1867,FengshenList (ChineseVersion),FengshenList (ChineseVersion),12,102,estimada,fengshenlist
1874,TakahashiCelebrity'sAdventureIsland4 (ChineseVersion),TakahashiCelebrity'sAdventureIsland4 (ChineseVersion),12,102,estimada,takahashicelebritysadventureisland4
1876,Roadracingcar (Chineseversion),Roadracingcar (Chineseversion),12,102,estimada,roadracingcar
1878,MonsterMaker1 (Chineseversion),MonsterMaker1 (Chineseversion),12,102,estimada,monstermaker1
1879,MythofLightAngelIslandLegend (Chineseversion),MythofLightAngelIslandLegend (Chineseversion),12,102,estimada,mythoflightangelislandlegend
1880,LegendofHarry (Chineseversion),LegendofHarry (Chineseversion),12,102,estimada,legendofharry
1883,BlackandWhiteChess (Chineseversion),BlackandWhiteChess (Chineseversion),12,102,estimada,blackandwhitechess
1884,KingofHeaven (Chineseversion),KingofHeaven (Chineseversion),12,102,estimada,kingofheaven
1886,TigerCaveAction (Chineseversion),TigerCaveAction (Chineseversion),12,102,estimada,tigercaveaction
1887,FancyNineBalls (ChineseVersion),FancyNineBalls (ChineseVersion),12,102,estimada,fancynineballs
1889,PhantomRecord (ChineseVersion),PhantomRecord (ChineseVersion),12,102,estimada,phantomrecord
1900,Mechatron (Chineseversion),Mechatron (Chineseversion),12,102,estimada,mechatron
1901,RobotCat (ChineseVersion),RobotCat (ChineseVersion),12,102,estimada,robotcat
1904,MachineWarfareNotes (ChineseVersion),MachineWarfareNotes (ChineseVersion),12,102,estimada,machinewarfarenotes
1909,MonteCristo'sEnmity (Chineseversion),MonteCristo'sEnmity (Chineseversion),12,102,estimada,montecristosenmity
1912,FightingSaints (Chineseversion),FightingSaints (Chineseversion),12,102,estimada,fightingsaints
1921,AFengyun (Chineseversion),AFengyun (Chineseversion),12,102,estimada,afengyun
1924,ShadowoftheFakeNinja (Chineseversion),ShadowoftheFakeNinja (Chineseversion),12,102,estimada,shadowofthefakeninja
1928,Tendermanwrestlingcontest (Chineseversion),Tendermanwrestlingcontest (Chineseversion),12,102,estimada,tendermanwrestlingcontest
1932,UnrivalledDoublePride (ChineseVersion),UnrivalledDoublePride (ChineseVersion),12,102,estimada,unrivalleddoublepride
1933,OutstandingHeroes (ChineseVersion),OutstandingHeroes (ChineseVersion),12,102,estimada,outstandingheroes
1934,KingofSportsDance (Chineseversion),KingofSportsDance (Chineseversion),12,102,estimada,kingofsportsdance
1935,PocketElfGold (Chineseversion),PocketElfGold (Chineseversion),12,102,estimada,pocketelfgold
1936,PocketElfCrystal (Chineseversion),PocketElfCrystal (Chineseversion),12,102,estimada,pocketelfcrystal
1937,TheDevilinthePocket (Chineseversion),TheDevilinthePocket (Chineseversion),12,102,estimada,thedevilinthepocket
1938,QuickTypingLegend4 (ChineseVersion),QuickTypingLegend4 (ChineseVersion),12,102,estimada,quicktypinglegend4
1939,QuickJieYangGunPill2MachineLandAdventure (Chineseversion),QuickJieYangGunPill2MachineLandAdventure (Chineseversion),6,102,estimada,quickjieyanggunpill2machinelandadventure
1940,QuickJieYangGunPill3vsLingXuan (Chineseversion),QuickJieYangGunPill3vsLingXuan (Chineseversion),12,102,estimada,quickjieyanggunpill3vslingxuan
1941,"LegendofPikachu,EmperorofLightning (ChineseVersion)","LegendofPikachu,EmperorofLightning (ChineseVersion)",12,102,estimada,legendofpikachuemperoroflightning
1943,ThunderMission (Chineseversion),ThunderMission (Chineseversion),12,102,estimada,thundermission
1945,NewLegendofDragonSoul (ChineseVersion),NewLegendofDragonSoul (ChineseVersion),12,102,estimada,newlegendofdragonsoul
1949,LongzhuZSuperFightingBiography2 (ChineseVersion),LongzhuZSuperFightingBiography2 (ChineseVersion),12,102,estimada,longzhuzsuperfightingbiography2
1951,ChaoticThreeKingdoms (ChineseVersion),ChaoticThreeKingdoms (ChineseVersion),12,102,estimada,chaoticthreekingdoms
1955,"TheDoomsdayofDr.Willie,Lockheed3 (Chineseversion)","TheDoomsdayofDr.Willie,Lockheed3 (Chineseversion)",7,102,estimada,thedoomsdayofdrwillielockheed3
1962,Sparrow (Chineseversion),Sparrow (Chineseversion),12,102,estimada,sparrow
1970,FantasyStar4 (Chineseversion),FantasyStar4 (Chineseversion),12,102,estimada,fantasystar4
1971,KingofDreams (Chineseversion),KingofDreams (Chineseversion),12,102,estimada,kingofdreams
1972,LabyrinthSeal (ChineseVersion),LabyrinthSeal (ChineseVersion),12,102,estimada,labyrinthseal
1977,MoaiJun (Chineseversion),MoaiJun (Chineseversion),12,102,estimada,moaijun
1982,MagicWorld (JapaneseEdition),MagicWorld (JapaneseEdition),24,102,estimada,magicworld
1983,MagicMobilization (ChineseVersion),MagicMobilization (ChineseVersion),12,102,estimada,magicmobilization
1985,TashioftheMagicWorld (ChineseversionofNanjingScienceandTechnology),TashioftheMagicWorld (ChineseversionofNanjingScienceandTech,12,102,estimada,tashiofthemagicworld
1988,MagicMage (Chineseversion),MagicMage (Chineseversion),12,102,estimada,magicmage
1989,WorldofWarcraftDevilHunter (Chineseversion),WorldofWarcraftDevilHunter (Chineseversion),12,102,estimada,worldofwarcraftdevilhunter
1991,LegendofNazha (Chineseversion),LegendofNazha (Chineseversion),12,102,estimada,legendofnazha
1992,NaitoJiuduan'sChessSecretBiography (ChineseVersion),NaitoJiuduan'sChessSecretBiography (ChineseVersion),12,102,estimada,naitojiuduanschesssecretbiography
1994,NewYorkBigBoxingCat (Chineseversion),NewYorkBigBoxingCat (Chineseversion),12,102,estimada,newyorkbigboxingcat
1996,FairyFairy (Chineseversion),FairyFairy (Chineseversion),12,102,estimada,fairyfairy
2000,Paopaolong2 (Chineseversion),Paopaolong2 (Chineseversion),12,102,estimada,paopaolong2
2003,PingchengBTImperialWar (Chineseversion),PingchengBTImperialWar (Chineseversion),12,102,estimada,pingchengbtimperialwar
2007,Mr.Penguin'sAdventureJourney (ChineseVersion),Mr.Penguin'sAdventureJourney (ChineseVersion),12,102,estimada,mrpenguinsadventurejourney
2009,Frontlinebattle (Chineseversion),Frontlinebattle (Chineseversion),12,102,estimada,frontlinebattle
2012,HotBloodAvoidanceBalls (ChineseVersion),HotBloodAvoidanceBalls (ChineseVersion),12,102,estimada,hotbloodavoidanceballs
2013,Newrecordofhotbloodhack (Chineseversion),Newrecordofhotbloodhack (Chineseversion),12,102,estimada,newrecordofhotbloodhack
2014,ChapterofNinjaAsura (Chineseversion),ChapterofNinjaAsura (Chineseversion),12,102,estimada,chapterofninjaasura
2015,NinjaAsura (Chineseversion),NinjaAsura (Chineseversion),12,102,estimada,ninjaasura
2017,NinjaTeaPills (Chineseversion),NinjaTeaPills (Chineseversion),12,102,estimada,ninjateapills
2018,NinjaTurtle2 (Chineseversion),NinjaTurtle2 (Chineseversion),12,102,estimada,ninjaturtle2
2027,NinjaSpecialTraining (ChineseVersion),NinjaSpecialTraining (ChineseVersion),12,102,estimada,ninjaspecialtraining
2030,LegendofChivalrousHeroesofSerbia (ChineseVersion),LegendofChivalrousHeroesofSerbia (ChineseVersion),12,102,estimada,legendofchivalrousheroesofserbia
2032,BiographyoftheThreeKingdoms (ChineseVersion),BiographyoftheThreeKingdoms (ChineseVersion),12,102,estimada,biographyofthethreekingdoms
2033,TheBiographyoftheGreatGeneraloftheThreeKingdoms (ChineseVersion),TheBiographyoftheGreatGeneraloftheThreeKingdoms (ChineseVe,12,102,estimada,thebiographyofthegreatgeneralofthethreekingdoms
2034,TheThreeKingdomswilldominatetheworld (Chineseversion),TheThreeKingdomswilldominatetheworld (Chineseversion),12,102,estimada,thethreekingdomswilldominatetheworld
2036,TheMainland (ChineseVersion) of\OverlordofThreeKingdoms2\,TheMainland (ChineseVersion) of\OverlordofThreeKingdoms2\,6,102,estimada,themainlandofoverlordofthreekingdoms2
2037,ThreeKingdomsChronicle2 (ChineseVersion),ThreeKingdomsChronicle2 (ChineseVersion),12,102,estimada,threekingdomschronicle2
2038,BiographyofCaoCaooftheThreeKingdoms (Chineseversion),BiographyofCaoCaooftheThreeKingdoms (Chineseversion),12,102,estimada,biographyofcaocaoofthethreekingdoms
2040,ThreeKingdomsStruggleforHegemony (ChineseVersion),ThreeKingdomsStruggleforHegemony (ChineseVersion),12,102,estimada,threekingdomsstruggleforhegemony
2041,TheHeroesofThreeKingdoms (ChineseVersion),TheHeroesofThreeKingdoms (ChineseVersion),12,102,estimada,theheroesofthreekingdoms
2042,ZhonglieBiographyoftheThreeKingdoms (ChineseVersion),ZhonglieBiographyoftheThreeKingdoms (ChineseVersion),12,102,estimada,zhongliebiographyofthethreekingdoms
2045,ThreePiglets (ChineseVersion),ThreePiglets (ChineseVersion),12,102,estimada,threepiglets
2050,BiochemicalCrisis (ChineseVersion),BiochemicalCrisis (ChineseVersion),12,102,estimada,biochemicalcrisis
2051,MiracleofLifeSuperBaby (Chineseversion),MiracleofLifeSuperBaby (Chineseversion),12,102,estimada,miracleoflifesuperbaby
2052,TheEndofSaintWarrior'sStarSagittariusGoldLegend (ChineseEdition),TheEndofSaintWarrior'sStarSagittariusGoldLegend (ChineseEditio,12,102,estimada,theendofsaintwarriorsstarsagittariusgoldlegend
2053,TheComingofSaintSagittarius (ChineseVersion),TheComingofSaintSagittarius (ChineseVersion),12,102,estimada,thecomingofsaintsagittarius
2054,BiographyoftheHolyFire (ChineseVersion),BiographyoftheHolyFire (ChineseVersion),12,102,estimada,biographyoftheholyfire
2057,LegendoftheLionKing (Chineseversion),LegendoftheLionKing (Chineseversion),12,102,estimada,legendofthelionking
2058,TimeandSpaceWarrior (Chineseversion),TimeandSpaceWarrior (Chineseversion),12,102,estimada,timeandspacewarrior
2065,DigitalTyrannosaurus4CrystalEdition (ChineseEdition),DigitalTyrannosaurus4CrystalEdition (ChineseEdition),12,102,estimada,digitaltyrannosaurus4crystaledition
2066,Shuangjielong2hack (Chineseversion),Shuangjielong2hack (Chineseversion),12,102,estimada,shuangjielong2hack
2068,BiwingedMan (ChineseVersion),BiwingedMan (ChineseVersion),12,102,estimada,biwingedman
2070,WaterMarginGodBeast (ChineseEdition),WaterMarginGodBeast (ChineseEdition),12,102,estimada,watermargingodbeast
2071,SichuanMahjong (Chineseversion),SichuanMahjong (Chineseversion),12,102,estimada,sichuanmahjong
2077,TankWarRevampV2.36 (ChineseVersion),TankWarRevampV2.36 (ChineseVersion),12,102,estimada,tankwarrevampv236
2079,TankStorm (ChineseVersion),TankStorm (ChineseVersion),12,102,estimada,tankstorm
2080,TomandJerryandTaffy (Chineseversion),TomandJerryandTaffy (Chineseversion),12,102,estimada,tomandjerryandtaffy
2082,TheWorldofNaughtyChefFood (ChineseVersion),TheWorldofNaughtyChefFood (ChineseVersion),12,102,estimada,theworldofnaughtycheffood
2083,SpecialRescueDirective (ChineseVersion),SpecialRescueDirective (ChineseVersion),12,102,estimada,specialrescuedirective
2084,TurkumoWorldCupFootballMatch (Chineseversion),TurkumoWorldCupFootballMatch (Chineseversion),12,102,estimada,turkumoworldcupfootballmatch
2085,SwordofGod (Chineseversion),SwordofGod (Chineseversion),12,102,estimada,swordofgod
2086,AngelWing2 (FootballJunior2) (ChineseVersion),AngelWing2 (FootballJunior2) (ChineseVersion),12,102,estimada,angelwing2
2087,BiographyoftheKingofHeaven'sFallingDemons (ChineseVersion),BiographyoftheKingofHeaven'sFallingDemons (ChineseVersion),6,102,estimada,biographyofthekingofheavensfallingdemons
2089,SuddenlyJun (Chineseversion),SuddenlyJun (Chineseversion),12,102,estimada,suddenlyjun
2090,TuLongJi4 (Chineseversion),TuLongJi4 (Chineseversion),12,102,estimada,tulongji4
2093,AdventuresofBabyRabbit2 (Chineseversion),AdventuresofBabyRabbit2 (Chineseversion),12,102,estimada,adventuresofbabyrabbit2
2094,TheFinalEditionofBalancedTreasureSearch (ChineseEdition),TheFinalEditionofBalancedTreasureSearch (ChineseEdition),12,102,estimada,thefinaleditionofbalancedtreasuresearch
2095,Minedigging (Chineseversion),Minedigging (Chineseversion),12,102,estimada,minedigging
2096,AlienWarriors (ChineseVersion),AlienWarriors (ChineseVersion),12,102,estimada,alienwarriors
2097,AlienWarrior2 (Chineseversion),AlienWarrior2 (Chineseversion),12,102,estimada,alienwarrior2
2100,Nokingisequal (Chineseversion),Nokingisequal (Chineseversion),12,102,estimada,nokingisequal
2101,ThePrince'sRevenge (ChineseVersion),ThePrince'sRevenge (ChineseVersion),12,102,estimada,theprincesrevenge
2102,WarriorsFightDragons2 (ChineseVersion),WarriorsFightDragons2 (ChineseVersion),12,102,estimada,warriorsfightdragons2
2110,WulinExternalBiography (ChineseVersion),WulinExternalBiography (ChineseVersion),12,102,estimada,wulinexternalbiography
2113,FairySwordandChivalrousLegend (ChineseEdition),FairySwordandChivalrousLegend (ChineseEdition),12,102,estimada,fairyswordandchivalrouslegend
2114,FairySwordforLove (ChineseversionofNanjingScienceandTechnology),FairySwordforLove (ChineseversionofNanjingScienceandTechnolo,12,102,estimada,fairyswordforlove
2115,FairyElves (Chineseversion),FairyElves (Chineseversion),12,102,estimada,fairyelves
2124,NewHumanity (ChineseVersion),NewHumanity (ChineseVersion),12,102,estimada,newhumanity
2126,StarFlyingArrow (ChineseVersion),StarFlyingArrow (ChineseVersion),12,102,estimada,starflyingarrow
2128,PrincePanda (Chineseversion),PrincePanda (Chineseversion),12,102,estimada,princepanda
2129,XuanyuanJianfengDance (ChineseVersion),XuanyuanJianfengDance (ChineseVersion),12,102,estimada,xuanyuanjianfengdance
2130,XuanyuanSword'sTrailtoHeaven (ChineseVersion),XuanyuanSword'sTrailtoHeaven (ChineseVersion),12,102,estimada,xuanyuanswordstrailtoheaven
2138,TheMagicEggofYaoqi (ChineseVersion),TheMagicEggofYaoqi (ChineseVersion),12,102,estimada,themagiceggofyaoqi
2139,Yaoxi'sbiscuits (Chineseversion),Yaoxi'sbiscuits (Chineseversion),12,102,estimada,yaoxisbiscuits
2140,NightPearl (ChineseVersion),NightPearl (ChineseVersion),12,102,estimada,nightpearl
2141,OneDao (Chineseversion),OneDao (Chineseversion),12,102,estimada,onedao
2148,AlienSpaceExplorer (ChineseEdition),AlienSpaceExplorer (ChineseEdition),12,102,estimada,alienspaceexplorer
2150,BiographyofHeroesandHeroes (ChineseVersion),BiographyofHeroesandHeroes (ChineseVersion),12,102,estimada,biographyofheroesandheroes
2151,BiographyofHeroes (ChineseVersion),BiographyofHeroes (ChineseVersion),12,102,estimada,biographyofheroes
2152,WarriorsFightDragons3EvilOrigins (ChineseEdition),WarriorsFightDragons3EvilOrigins (ChineseEdition),12,102,estimada,warriorsfightdragons3evilorigins
2153,WarriorsFightDragons4 (ChineseVersion),WarriorsFightDragons4 (ChineseVersion),12,102,estimada,warriorsfightdragons4
2154,TheBraveFighttheDragon8 (ChineseVersion),TheBraveFighttheDragon8 (ChineseVersion),12,102,estimada,thebravefightthedragon8
2155,BraveDarkWorldChaoticWorld (ChineseEdition),BraveDarkWorldChaoticWorld (ChineseEdition),12,102,estimada,bravedarkworldchaoticworld
2157,YouyouBaishu97V (ChineseEdition),YouyouBaishu97V (ChineseEdition),12,102,estimada,youyoubaishu97v
2163,TheStoryoftheMoonWind (SimplifiedChineseVersion),TheStoryoftheMoonWind (SimplifiedChineseVersion),12,102,estimada,thestoryofthemoonwind
2164,MoonPalaceBilliards (Chineseversion),MoonPalaceBilliards (Chineseversion),12,102,estimada,moonpalacebilliards
2167,YueFeiChuan (Chineseversion),YueFeiChuan (Chineseversion),12,102,estimada,yuefeichuan
2172,TheWarringStatesPeriodisNoParallel (ChineseVersion),TheWarringStatesPeriodisNoParallel (ChineseVersion),12,102,estimada,thewarringstatesperiodisnoparallel
2173,RealJourneytotheWest (Chineseversion),RealJourneytotheWest (Chineseversion),12,102,estimada,realjourneytothewest
2174,TrueandFakeMonkeyKing (ChineseVersion),TrueandFakeMonkeyKing (ChineseVersion),12,102,estimada,trueandfakemonkeyking
2175,ZhentaTenWarriors (Chineseversion),ZhentaTenWarriors (Chineseversion),12,102,estimada,zhentatenwarriors
2176,WisdomBlock (Chineseversion),WisdomBlock (Chineseversion),12,102,estimada,wisdomblock
2177,SuperHackHighlyDifficultVersionofReloadedAirmen (ChineseVersion),SuperHackHighlyDifficultVersionofReloadedAirmen (ChineseVers,12,102,estimada,superhackhighlydifficultversionofreloadedairmen
2182,TangSanzang (ChineseVersion),TangSanzang (ChineseVersion),12,102,estimada,tangsanzang
2241,Granediciónchinainmortalinvencible,ChineseGreatImmortalInvincibleEdition,14,102,estimada,chinesegreatimmortalinvincibleedition
2265,EdiciónmejoradadeGreenCorpsChineseWeapons,GreenCorpsChineseWeaponsEnhancedEdition,9,102,estimada,greencorpschineseweaponsenhancededition
2289,BattleofTanks2008versiónchinaacelerada,BattleofTanks2008acceleratedChineseversion,12,102,estimada,battleoftanks2008accelerated
2322,Versióninvenciblechina,Chineseinvincibleversion,11,102,estimada,chineseinvincibleversion
2338,EdiciónsúperperfectadeldragónchinodeJackieChan,JackieChan'sDragonChineseSuperPerfectEdition,9,102,estimada,jackiechansdragonchinesesuperperfectedition
2402,Versiónchinadelaleyendadelaluchaasangrecaliente,HotbloodedFightingLegendChineseVersion,12,102,estimada,hotbloodedfightinglegend
2405,BloodFootball3Versiónenchinoincompleta,BloodFootball3IncompleteChineseVersion,12,102,estimada,bloodfootball3incomplete
2436,RedDeadRedemptionChineseInvincibleEdition,RedDeadRedemptionChineseInvincibleEdition,11,102,estimada,reddeadredemptionchineseinvincibleedition
2437,RedDeadRedemptionVersióncompletamentechina,RedDeadRedemptionFullyChineseVersion,12,102,estimada,reddeadredemptionfully
2492,SuperSoulFightingEnemyEdition (ChineseEdition),SuperSoulFightingEnemyEdition (ChineseEdition),9,102,estimada,supersoulfightingenemyedition
2494,AirSpiritFighting (ChineseVersion),AirSpiritFighting (ChineseVersion),7,102,estimada,airspiritfighting
2514,QversionofSalomansnake (Chineseversion),QversionofSalomansnake (Chineseversion),11,102,estimada,qversionofsalomansnake
2562,PopeyeSailor (Chineseversion),PopeyeSailor (Chineseversion),11,102,estimada,popeyesailor
2680,Lockheed (Chineseversion),Lockheed (Chineseversion),11,102,estimada,lockheed
2700,WarriorsofDreams (ChineseVersion),WarriorsofDreams (ChineseVersion),11,102,estimada,warriorsofdreams
2733,ThunderboltSoldier (ChineseVersion),ThunderboltSoldier (ChineseVersion),11,102,estimada,thunderboltsoldier
2806,Shuangjielong3 (Chineseversion),Shuangjielong3 (Chineseversion),11,101,estimada,shuangjielong3
2815,SpaceShootingWarfare (ChineseVersion),SpaceShootingWarfare (ChineseVersion),11,101,estimada,spaceshootingwarfare
30604,InnocentLandlordandPrettyTenantEdicióndebolsilloEdiciónjaponesa,InnocentLandlordandPrettyTenantPocketEditionJapaneseEdition,5,101,estimada,innocentlandlordandprettytenantpocketedition
30912,Jack'sAdventureTheGreatDevil'sCounterattackVersiónjaponesa,Jack'sAdventureTheGreatDevil'sCounterattackJapaneseVersion,5,101,estimada,jacksadventurethegreatdevilscounterattack
1704,BatalladelasestrellasHuangFeihong,BattleofStarsHuangFeihong,1,98,estimada,battleofstarshuangfeihong
1719,lndianBattle,lndianBattle,1,98,estimada,lndianbattle
1726,TheGameParadiseMasterofShooting!,TheGameParadiseMasterofShooting!,1,98,estimada,thegameparadisemasterofshooting
1739,TengaiWorld,TengaiWorld,1,98,estimada,tengaiworld
1748,KodureOokami,KodureOokami,1,98,estimada,kodureookami
1780,Slamander,slamander,3,98,estimada,slamander
1782,ardillahacerbatalla,squirreldobattle,3,98,estimada,squirreldobattle
2031,TheSpringandAutumnPeriodoftheThreeKingdomsinSichuanProvince (ChineseVers,TheSpringandAutumnPeriodoftheThreeKingdomsinSichuanProvin,8,97,estimada,thespringandautumnperiodofthethreekingdomsinsichuanprovin
2035,TheMainlandSuperEdition (JapaneseEdition) oftheOverlordofThreeKingdoms2,TheMainlandSuperEdition (JapaneseEdition) oftheOverlordofThre,8,97,estimada,themainlandsupereditionoftheoverlordofthre
2321,NinjaDragonSword3rdGenerationJapaneseEditionEdiciónmejorada,NinjaDragonSword3rdGenerationJapaneseEditionEnhancedEditio,7,97,estimada,ninjadragonsword3rdgenerationjapaneseeditionenhancededitio
2346,motocicleta,motorcycle,8,97,estimada,motorcycle
2420,primeragotadesangre,firstdropofblood,8,97,estimada,firstdropofblood
6541,ChineseKungFuBruceLee (USversion),ChineseKungFuBruceLee (USversion),12,97,estimada,chinesekungfubrucelee
2889,TheFinalChapteroftheLostIsuAncientKingdom (JapaneseEdition) rev1,TheFinalChapteroftheLostIsuAncientKingdom (JapaneseEdition) r,5,96,estimada,thefinalchapterofthelostisuancientkingdomr
8144,WhiteNightConcertoofDevilCity (ChineseversionofShiKeyu'ssimplifiedbody),WhiteNightConcertoofDevilCity (ChineseversionofShiKeyu'ssimpl,6,96,estimada,whitenightconcertoofdevilcity
8150,PrincessLeague (Chineseversion),PrincessLeague (Chineseversion),6,96,estimada,princessleague
8157,PirateKingPirateBaseball (PgcgSimplifiedChineseVersion),PirateKingPirateBaseball (PgcgSimplifiedChineseVersion),12,96,estimada,piratekingpiratebaseball
8159,MechanizedArmy (Jaychou001SimplifiedChineseVersion),MechanizedArmy (Jaychou001SimplifiedChineseVersion),12,96,estimada,mechanizedarmy
8161,MonsterGuardian (simplifiedChineseversionofPgcg),MonsterGuardian (simplifiedChineseversionofPgcg),12,96,estimada,monsterguardian
14097,GBAMobileSoldierGoestotheBattlefieldwithyouashighasSEED (Chineseversion) [v1,GBAMobileSoldierGoestotheBattlefieldwithyouashighasSEED (Ch,6,96,estimada,mobilesoldiergoestothebattlefieldwithyouashighasseed
36673,Equipodeataqueespecialdelgrupo04P,Group0SpecialAttackTeam4P,3,95,estimada,group0specialattackteam
36679,DragonKingWarriorUSVersion3P,DragonKingWarriorUSVersion3P,3,95,estimada,dragonkingwarrior
36688,Versiónestadounidensedebaloncestopunk,PunkBasketballUSVersion,3,95,estimada,punkbasketball
36717,AlienStormUSVersión3P,AlienStormUSVersion3P,2,95,estimada,alienstorm
36746,Pokémon4en1versiónestadounidense,PocketMonsters4-in-1USEdition,2,95,estimada,pocketmonsters4in1
331,Dragónchinohermosaoportunidad,Chinesedragonbeautifulopportunity,1,94,estimada,chinesedragonbeautifulopportunity
398,FengBaoAngerLeaderFeng2 (VersiónChina),FengBaoAngerLeaderFeng2 (ChinaVersion),1,94,estimada,fengbaoangerleaderfeng2
6534,trueno,thunder,8,92,estimada,thunder
6798,BishoujoSenshiSailorMoonSuperS¡¡ZeninSanka!!ShuyakuSoudatsusen (Japón),BishoujoSenshiSailorMoonSuperSZeninSanka!!ShuyakuSoudatsus,5,92,estimada,bishoujosenshisailormoonsuperszeninsankashuyakusoudatsus
7289,¡GranIchigeki!PachiSlotDaikouryaku2ColecciónUniversal (Japón) rev1,BigIchigeki!PachiSlotDaikouryaku2UniversalCollection (Japan) rev,2,92,estimada,bigichigekipachislotdaikouryaku2universalcollectionrev
8203,"""LagranmisadeNaruto,elninjamásfuerte2""","""""""TheGreatMassofNaruto,theMostStrongNinja2""""""",11,91,estimada,thegreatmassofnarutothemoststrongninja2
21737,FCFCOrigin (ChineseVersion),FCFCOrigin (ChineseVersion),4,91,estimada,fcorigin
8624,BlastGyro2002LuchaCapítulodelDragónAmarillo,BakutenShootBeyblade2002Gekisen!TeamBattle!!KouryuunoSho,8,90,estimada,bakutenshootbeyblade2002gekisenteambattlekouryuunosho
8625,BlastGyro2002FightCapítulodelDragónAzul,BakutenShootBeyblade2002Gekisen!TeamBattle!!SeiryuunoShou,8,90,estimada,bakutenshootbeyblade2002gekisenteambattleseiryuunoshou
8787,AnimalCompanionSerie4LindoPerrito,NakayoshiPetAdvanceSeries4KawaiiKoinuMiniWankotoAsobou!!,8,90,estimada,nakayoshipetadvanceseries4kawaiikoinuminiwankotoasobou
22265,FCversiónchina,FCChineseversion,4,90,estimada,fc
9400,Alalargarev3,Whistle!Dai37KaiTokyotoChuugakkouSougouTaiikuSoccerTaikair,6,89,estimada,whistledai37kaitokyotochuugakkousougoutaiikusoccertaikair
9415,DisneyPiggyJuegorev3,KoukouJukenAdvanceSeriesEijukugoHen650PhrasesShuurokurev,6,89,estimada,koukoujukenadvanceserieseijukugohen650phrasesshuurokurev
9464,ElúltimohombredelacarneElcaminoalossuperhéroesrev1,UltimateMuscleTheKinnikumanLegacyThePathoftheSuperherorev,6,89,estimada,ultimatemusclethekinnikumanlegacythepathofthesuperherorev
10063,SpeedTopdealtacalidad-PorscheTour,NeedforSpeed-PorscheJourney,3,89,estimada,needforspeedporschejourney
10065,SpeedTopdealtacalidad-huracánsubterráneo2,NeedforSpeed-UndergroundSpeed2,3,89,estimada,needforspeedundergroundspeed2
10066,SpeedTopmyCitykabenCanyon,"NeedforSpeed:MyCity,KarbenCanyon",3,89,estimada,needforspeedmycitykarbencanyon
30485,DoraemonChineseCharacterLearningversiónjaponesa,DoraemonChineseCharacterLearningJapaneseVersion,9,89,estimada,doraemonchinesecharacterlearning
30637,EdiciónjaponesaSuperChineseEX,SuperChineseEXJapaneseEdition,8,89,estimada,superchineseex
30941,Kanjiadivinandocaractereschinosatravésdelaversiónjaponesa,KanjiGuessingChineseCharactersThroughJapaneseVersion,8,89,estimada,kanjiguessingchinesecharactersthrough
36585,LifeQuick3 (Americanversion),LifeQuick3 (Americanversion),13,89,estimada,lifequick3
36586,LiveCallSix (EnglishVersion),LiveCallSix (EnglishVersion),4,89,estimada,livecallsix
33835,Spades2 (Chineseversion),Spades2 (Chineseversion),9,88,estimada,spades2
33929,OutlawsoftheMarsh (Chineseversion),OutlawsoftheMarsh (Chineseversion),6,88,estimada,outlawsofthemarsh
33935,TaigeZhizhuan (Chineseversion),TaigeZhizhuan (Chineseversion),6,88,estimada,taigezhizhuan
33942,TaipingJi (Chineseversion),TaipingJi (Chineseversion),9,88,estimada,taipingji
33946,SpecialForces357 (ChineseVersion),SpecialForces357 (ChineseVersion),6,88,estimada,specialforces357
33948,Thehegemonyofunifiedworldandchaotictimes (Chineseversion),Thehegemonyofunifiedworldandchaotictimes (Chineseversion),4,88,estimada,thehegemonyofunifiedworldandchaotictimes
33974,EatingTiandi3 (SimplifiedChineseVersion),EatingTiandi3 (SimplifiedChineseVersion),6,88,estimada,eatingtiandi3
33989,NewGenesis (ChineseVersion),NewGenesis (ChineseVersion),6,88,estimada,newgenesis
33990,NewLightandDarkness3 (Chineseversion),NewLightandDarkness3 (Chineseversion),9,88,estimada,newlightanddarkness3
33991,NewBeggarPrince (Chineseversion),NewBeggarPrince (Chineseversion),6,88,estimada,newbeggarprince
33992,NeolithicZhongjian (Chineseversion),NeolithicZhongjian (Chineseversion),9,88,estimada,neolithiczhongjian
33994,ShinChang'sBiographyoftheHonorableOverlord (ChineseVersion),ShinChang'sBiographyoftheHonorableOverlord (ChineseVersion),6,88,estimada,shinchangsbiographyofthehonorableoverlord
34001,AHeroicYangJiajiang (ChineseVersion),AHeroicYangJiajiang (ChineseVersion),6,88,estimada,aheroicyangjiajiang
34008,LegendofHeroes2 (Chineseversionofmenu),LegendofHeroes2 (Chineseversionofmenu),9,88,estimada,legendofheroes2
34117,SuperRich (Chineseversion),SuperRich (Chineseversion),6,88,estimada,superrich
34121,SuperNinja2 (Chineseversion),SuperNinja2 (Chineseversion),6,88,estimada,superninja2
34142,AgeofGreatNavigation1 (ChineseVersion),AgeofGreatNavigation1 (ChineseVersion),6,88,estimada,ageofgreatnavigation1
34143,AgeofGreatNavigation2 (ChineseVersion),AgeofGreatNavigation2 (ChineseVersion),6,88,estimada,ageofgreatnavigation2
34151,BrightCrusade (Chineseversion),BrightCrusade (Chineseversion),18,88,estimada,brightcrusade
34167,CrazydrummerPikachu (Chineseversion),CrazydrummerPikachu (Chineseversion),6,88,estimada,crazydrummerpikachu
34169,CrazyPeachBlossomSource (ChineseEdition),CrazyPeachBlossomSource (ChineseEdition),6,88,estimada,crazypeachblossomsource
34174,FrontaldunkDunkers (Chineseversion),FrontaldunkDunkers (Chineseversion),6,88,estimada,frontaldunkdunkers
34192,TheHeritageoftheGodsofLight (ChineseVersion),TheHeritageoftheGodsofLight (ChineseVersion),6,88,estimada,theheritageofthegodsoflight
34199,HappyNaughtyMouse (Chineseversion),HappyNaughtyMouse (Chineseversion),9,88,estimada,happynaughtymouse
34203,Emperor'sTreasureSecretLandMagicTreasure (ChineseVersion),Emperor'sTreasureSecretLandMagicTreasure (ChineseVersion),4,88,estimada,emperorstreasuresecretlandmagictreasure
34210,AncientSealofBrightPower2 (ChineseVersion),AncientSealofBrightPower2 (ChineseVersion),6,88,estimada,ancientsealofbrightpower2
34231,Caesar'sAmbition (ChineseVersion),Caesar'sAmbition (ChineseVersion),6,88,estimada,caesarsambition
34240,PeacockKing2PhantomCity (Chineseversion),PeacockKing2PhantomCity (Chineseversion),9,88,estimada,peacockking2phantomcity
34252,LegendofRaytheonSuccessorofLight (Chineseversion),LegendofRaytheonSuccessorofLight (Chineseversion),6,88,estimada,legendofraytheonsuccessoroflight
34261,PhantomTaoist (Chineseversion),PhantomTaoist (Chineseversion),6,88,estimada,phantomtaoist
34262,ZeroWindfighter (Chineseversion),ZeroWindfighter (Chineseversion),9,88,estimada,zerowindfighter
34279,SparrowDemonTower (Chineseversion),SparrowDemonTower (Chineseversion),6,88,estimada,sparrowdemontower
34282,AdventureBoys (ChineseVersion),AdventureBoys (ChineseVersion),6,88,estimada,adventureboys
34300,"TheEndofFantasyStar4,000Years (ChineseVersion)","TheEndofFantasyStar4,000Years (ChineseVersion)",9,88,estimada,theendoffantasystar4000years
34306,MagicguidedStories (ChineseVersion),MagicguidedStories (ChineseVersion),9,88,estimada,magicguidedstories
34344,DetectiveStoriesoftheSparrow (ChineseVersion),DetectiveStoriesoftheSparrow (ChineseVersion),6,88,estimada,detectivestoriesofthesparrow
34349,LegendofNinjaWulei (Chineseversion),LegendofNinjaWulei (Chineseversion),6,88,estimada,legendofninjawulei
34350,TheBattleofChibiintheRomanceoftheThreeKingdoms (ChineseVersion),TheBattleofChibiintheRomanceoftheThreeKingdoms (ChineseVer,6,88,estimada,thebattleofchibiintheromanceofthethreekingdoms
34361,Mujahideen (Chineseversion),Mujahideen (Chineseversion),6,88,estimada,mujahideen
34365,WorldBaseballBattle (ChineseVersion),WorldBaseballBattle (ChineseVersion),9,88,estimada,worldbaseballbattle
21722,FCSlamander,FCslamander,4,86,estimada,fcslamander
21724,FCardillahacerbatalla,FCsquirreldobattle,4,86,estimada,fcsquirreldobattle
22288,FCmotocicleta,FCmotorcycle,4,85,estimada,fcmotorcycle
22362,FCprimeragotadesangre,FCfirstdropofblood,4,85,estimada,fcfirstdropofblood
22485,FCcirco,FCcircus,4,85,estimada,fccircus
22498,PCEtrueno,PCEthunder,4,85,estimada,pcethunder
27409,MDyuyuhakosyo,MDyuyuhakosyo,3,83,estimada,mdyuyuhakosyo
22676,ViajealOeste4P,JourneytotheWest4P,2,75,estimada,journeytothewest
22677,ThreeKingdomsWar2Heroescompitenporlahegemonía4P,ThreeKingdomsWar2HeroesContendforHegemony4P,2,75,estimada,threekingdomswar2heroescontendforhegemony
22678,RomancedelosTresReinos2012EdiciónGodofWar4P,RomanceoftheThreeKingdoms2012GodofWarEdition4P,2,75,estimada,romanceofthethreekingdoms2012godofwaredition
22679,Romancedelostresreinos2012Ráfagarealmenteincomparable4P,RomanceoftheThreeKingdoms2012ReallyUnparalleledFlurry4P,2,75,estimada,romanceofthethreekingdoms2012reallyunparalleledflurry
22680,ThreeKingdomsWar2020EnhancedEditionEdicióndejuegogratuito4P,ThreeKingdomsWar2020EnhancedEditionFreePlayEdition4P,2,75,estimada,threekingdomswar2020enhancededitionfreeplayedition
22681,ThreeKingdomsWar2020WarriorsEdiciónmejorada4P,ThreeKingdomsWar2020WarriorsEnhancedEdition4P,2,75,estimada,threekingdomswar2020warriorsenhancededition
22682,ThreeKingdomsWar2020WarriorsEdiciónauténtica4P,ThreeKingdomsWar2020WarriorsAuthenticEdition4P,2,75,estimada,threekingdomswar2020warriorsauthenticedition
22683,Seacercalapesadilladeguerradelostresreinos4P,ThreeKingdomsWarNightmareComing4P,2,75,estimada,threekingdomswarnightmarecoming
22684,Tresreinosperfectos1194P,ThreeKingdomsPerfect1194P,2,75,estimada,threekingdomsperfect119
22685,UnificacióndelosTresReinos4P,UnificationoftheThreeKingdoms4P,2,75,estimada,unificationofthethreekingdoms
22686,"LaGuerradelosTresReinosUnificalasLlanurasCentrales,elreydelostiemposdifíciles,la","TheThreeKingdomsWarUnifytheCentralPlains,thekingofthetroubl",2,75,estimada,thethreekingdomswarunifythecentralplainsthekingofthetroubl
22687,UnificacióndelosTresReinosCentralPlainsWushuangHeavenlyKingEditionFlyingSno,ThreeKingdomsUnificationCentralPlainsWushuangHeavenlyKingE,2,75,estimada,threekingdomsunificationcentralplainswushuangheavenlyking
22688,Guerradelostresreinos24P,ThreeKingdomsWar24P,4,75,estimada,threekingdomswar2
22692,CapcomSports,CapcomSports,2,75,estimada,capcomsports
22750,SuperStreeFighterII:NewC,SuperStreeFighterII:NewC,2,75,estimada,superstreefighteriinewc
22751,SuperStreeFighterII:Turbo,SuperStreeFighterII:Turbo,2,75,estimada,superstreefighteriiturbo
22762,RealBout4,RealBout4,2,75,estimada,realbout4
22765,TokonMatrimelee,TokonMatrimelee,2,75,estimada,tokonmatrimelee
22766,SamuraiShodownH,SamuraiShodownH,2,75,estimada,samuraishodownh
22772,Jojo'sVenture370PowerInstinct2,Jojo'sVenture370PowerInstinct2,2,75,estimada,jojosventure370powerinstinct2
22775,Lairadelosdragones2,RageoftheDragons2,2,75,estimada,rageofthedragons2
22778,KombatOscuro,DarkKombat,2,75,estimada,darkkombat
36588,ChesterLeopard2SeekingWildness (USEdition),ChesterLeopard2SeekingWildness (USEdition),3,75,estimada,chesterleopard2seekingwildness
28135,TheFinalChapteroftheLostIsuAncientKingdom (JapaneseEdition) p.d,TheFinalChapteroftheLostIsuAncientKingdom (JapaneseEdition) p,1,69,estimada,thefinalchapterofthelostisuancientkingdomp
29398,PirateKingTheGreatSecretoftheSevenIslands (JapaneseEdition) p.d,PirateKingTheGreatSecretoftheSevenIslands (JapaneseEdition) p.,1,68,estimada,piratekingthegreatsecretofthesevenislandsp
29943,Alalargap.drev1,Whistle!Dai37KaiTokyotoChuugakkouSougouTaiikuSoccerTaikaip,1,67,estimada,whistledai37kaitokyotochuugakkousougoutaiikusoccertaikaip
30234,MIBStarWars2GenerationBlackMan2GenerationVersióneuropeap.d,MIBStarWars2GenerationBlackMan2GenerationEuropeanVersio,2,67,estimada,mibstarwars2generationblackman2generationeuropeanversio
30235,MIBStarWars2ndGenerationMeninBlack2ndGenerationVersiónestadounidensep.,MIBStarWars2ndGenerationMeninBlack2ndGenerationUSVersio,2,67,estimada,mibstarwars2ndgenerationmeninblack2ndgenerationusversio
30308,BanditGoemon1stGenerationTheTenguParty'sCounterattackJapaneseVersionp.d,BanditGoemon1stGenerationTheTenguParty'sCounterattackJapa,6,67,estimada,banditgoemon1stgenerationthetengupartyscounterattackjapa
30343,MonsterDemolition2ndGenerationJourneytotheUniverseVersióndeEE.UU.p.d,MonsterDemolition2ndGenerationJourneytotheUniverseUSVersi,2,67,estimada,monsterdemolition2ndgenerationjourneytotheuniverseusversi
30474,叱咤依林日版,叱咤依林日版,2,67,estimada,叱咤依林日版
30369,CuatrojugadoresjugandoMahjongenestaversiónjaponesadeestiloMahjongKingp.d,FourpeopleplayingmahjonginthisstyleMahjongKingJapaneseVersi,6,66,estimada,fourpeopleplayingmahjonginthisstylemahjongkingjapaneseversi
30718,¡adelante!AnpanmanIncredibleAlbumversiónjaponesa,goahead!AnpanmanIncredibleAlbumJapaneseVersion,5,66,estimada,goaheadanpanmanincrediblealbum
30719,¡adelante!AnpanmanKingofFiveTowersEdiciónjaponesa,goahead!AnpanmanKingofFiveTowersJapaneseEdition,5,66,estimada,goaheadanpanmankingoffivetowers
30720,¡adelante!EdiciónjaponesaAnpanmanKingdomofLightandDarkness,goahead!AnpanmanKingdomofLightandDarknessJapaneseEdition,5,66,estimada,goaheadanpanmankingdomoflightanddarkness
30788,DetectiveConanTheLegendofQiyanIslandSecretTreasureVersiónjaponesa,DetectiveConanTheLegendofQiyanIslandSecretTreasureJapanese,5,66,estimada,detectiveconanthelegendofqiyanislandsecrettreasurejapanese
30960,RevistaLuoPaiIntelligence:PensaryresolverelproblemainauguralEdiciónjaponesa,LuoPaiIntelligenceMagazineThinkingandSolvingInauguralIssueJap,5,66,estimada,luopaiintelligencemagazinethinkingandsolvinginauguralissuejap
30961,RevistaLuoPaiIntelligenceThinkingandSolvingNo.2Ediciónjaponesa,LuoPaiIntelligenceMagazineThinkingandSolvingNo.2JapaneseEdit,5,66,estimada,luopaiintelligencemagazinethinkingandsolvingno2japaneseedit
30962,RevistaLuoPaiIntelligenceThinkingandSolvingNo.3Ediciónjaponesa,LuoPaiIntelligenceMagazineThinkingandSolvingNo.3JapaneseEdit,5,66,estimada,luopaiintelligencemagazinethinkingandsolvingno3japaneseedit
30963,RevistaLuoPaiIntelligenceEdicióninauguraldeInspirationSolvingMysteryEdiciónjap,LuoPaiIntelligenceMagazineInauguralIssueofInspirationSolvingM,5,66,estimada,luopaiintelligencemagazineinauguralissueofinspirationsolvingm
30964,RevistaLuoPaiIntelligenceInspirationSolvingNo.2Ediciónjaponesa,LuoPaiIntelligenceMagazineInspirationSolvingNo.2JapaneseEditio,5,66,estimada,luopaiintelligencemagazineinspirationsolvingno2japaneseeditio
30965,RevistaLuoPaiIntelligenceInspirationSolvingNo.3Ediciónjaponesa,LuoPaiIntelligenceMagazineInspirationSolvingNo.3JapaneseEditio,5,66,estimada,luopaiintelligencemagazineinspirationsolvingno3japaneseeditio
30973,Elemblemadelfuegodifundelareencarnacióndelaluzylaoscuridad,TheEmblemofFireSpreadstheReincarnationofLightandDarkness,1,66,estimada,theemblemoffirespreadsthereincarnationoflightanddarkness
31074,TheLegendofWinnerTheLegendofTetsuyaAwakensversiónjaponesa,TheLegendofWinnerTheLegendofTetsuyaAwakensJapaneseVersio,5,66,estimada,thelegendofwinnerthelegendoftetsuyaawakensjapaneseversio
31362,Elemblemadelfuegodifundelareencarnacióndelaluzylaoscuridadrev1,TheEmblemofFireSpreadstheReincarnationofLightandDarknessre,4,65,estimada,theemblemoffirespreadsthereincarnationoflightanddarknessre
31857,叱咤依林日版rev1,叱咤依林日本,1,65,estimada,叱咤依林日本
32146,叱咤依林日版rev2,叱咤依林JP,1,65,estimada,叱咤依林jp
32438,叱咤依林日版rev3,叱咤依林世界版,1,64,estimada,叱咤依林世界版
32938,叱咤依林日版rev4,叱咤依林亚洲版,1,64,estimada,叱咤依林亚洲版
34043,yuyuhakosyo,yuyuhakosyo,5,62,estimada,yuyuhakosyo
34128,GenghisKhan2:TheWolfandtheWhiteDeerintheSecretHistoryoftheYuanDynasty (C,GenghisKhan2:TheWolfandtheWhiteDeerintheSecretHistoryofthe,3,62,estimada,genghiskhan2thewolfandthewhitedeerinthesecrethistoryofthe
34798,TheOutgoingBiographyofYouyouWhiteBook (JapaneseEdition) rev1,TheOutgoingBiographyofYouyouWhiteBook (JapaneseEdition) re,4,62,estimada,theoutgoingbiographyofyouyouwhitebookre
34863,TheCreationandDestructionofMagicHeaven (JapaneseEdition) rev1,TheCreationandDestructionofMagicHeaven (JapaneseEdition) rev,4,62,estimada,thecreationanddestructionofmagicheavenrev
35428,ThenightmareoftheSimpsonfamilyhegemony (Americanversion) rev1,ThenightmareoftheSimpsonfamilyhegemony (Americanversion) r,1,61,estimada,thenightmareofthesimpsonfamilyhegemonyr
36577,Ganryu,Ganryu,1,60,estimada,ganryu
36581,RealBout1,RealBout1,1,60,estimada,realbout1
36582,RealBout2,RealBout2,1,60,estimada,realbout2
36583,RealBout3,RealBout3,1,60,estimada,realbout3
36584,Quickfightforrealpeople (AmericaandEurope),Quickfightforrealpeople (AmericaandEurope),1,60,estimada,quickfightforrealpeople
36587,HeavyArmyPressure (JapaneseEdition),HeavyArmyPressure (JapaneseEdition),1,60,estimada,heavyarmypressure
36648,XSuperman4P,XSuperman4P,1,60,estimada,xsuperman
36650,Criminalviolento (versiónmundial),ViolentCriminal (WorldVersion),1,60,estimada,violentcriminal
36655,Cambiaformas4P,Shapeshifter4P,1,60,estimada,shapeshifter
36659,Ediciónmundialdelafuerzaantidisturbios,AntiviolenceForceWorldEdition,2,60,estimada,antiviolenceforce
36660,Fuerzasantidisturbiosversión4PdeEE.UU.,AntiriotforcesUSversion4P,2,60,estimada,antiriotforces
36663,Tropasantidisturbios4P,Antiriottroops4P,1,60,estimada,antiriottroops
36664,HellHeroPinballGate3P,HellHeroPinballGate3P,1,60,estimada,hellheropinballgate
36665,FightingGodGlory4P (LuchacontralagloriadeDios4P),FightingGodGlory4P,1,60,estimada,fightinggodglory
36666,Festivalcoloridodeminijuegos,ColorfulMiniGameFestival,1,60,estimada,colorfulminigamefestival
36667,"Guerrerodelavenganza (versiónmundial,versiónTpara4jugadores)","VengeanceWarrior (WorldVersion,4PlayerVersionT)",1,60,estimada,vengeancewarrior
36668,PartidodefútboldelaLigadeCampeones (EdiciónMundial) 4P,ChampionsLeagueFootballGame (WorldEdition) 4P,1,60,estimada,championsleaguefootballgame
36669,Boladefuego4P,Fireball4P,1,60,estimada,fireball
36670,MuscleBlastDuoFinalBattle,MuscleBlastDuoFinalBattle,1,60,estimada,muscleblastduofinalbattle
36671,Bombarderomuscular4P,Musclebomber4P,1,60,estimada,musclebomber
36672,Fútbolcallejero4P,StreetFootball4P,1,60,estimada,streetfootball
36676,SeleccióndeFuerzasEspecialesdelGrupoCeroEdición4P,GroupZeroSpecialForcesSelectionEdition4P,1,60,estimada,groupzerospecialforcesselectionedition
36677,Ataqueespecialdelgrupoceroversióncoreana4P,ZerogroupspecialattackKoreanversion4P,1,60,estimada,zerogroupspecialattack
36681,Mazmorrasydragones:sombraoscura,DungeonsandDragonsDarkShadow,1,60,estimada,dungeonsanddragonsdarkshadow
36683,Caballerodelatardecer24P,SunsetKnight24P,1,60,estimada,sunsetknight2
36685,VaquerosdeMommesa3P,Mommesa'sCowboys3P,1,60,estimada,mommesascowboys
36686,EdiciónmundialdefútboldelaCopadeEuropa,EuropeanCupFootballWorldEdition,1,60,estimada,europeancupfootball
36690,ForestGuardian4P,ForestGuardian4P,1,60,estimada,forestguardian
36692,RugidoThunderWorldEdition4P,RoaringThunderWorldEdition4P,2,60,estimada,roaringthunder
36693,Eventoprincipaldeboxeo (versiónYpara4jugadores),BoxingMainEvent (4playerversionY),1,60,estimada,boxingmainevent
36698,"DesertBurst (Ediciónmundial,FD10943170196)","DesertBurst (WorldEdition,FD10943170196)",1,60,estimada,desertburst
36699,MysteriousWarriorRageNinja (versiónestadounidense) 4P,MysteriousWarriorRageNinja (USVersion) 4P,4,60,estimada,mysteriouswarriorrageninja
36703,Ninjaenojado4P,AngryNinja4P,1,60,estimada,angryninja
36704,HolyArmorII4P,HolyArmorII4P,1,60,estimada,holyarmorii
36705,CuatroKingKong4P,FourKingKong4P,1,60,estimada,fourkingkong
36707,"Universiadadeviajesfueradelínea (versiónasiática,versiónpara4jugadores)","OffLineTravelUniversiade (AsianVersion,4PlayersVersion)",1,60,estimada,offlinetraveluniversiade
36708,AlienWarlordUSVersion4P,AlienWarlordUSVersion4P,2,60,estimada,alienwarlord
36710,AlienGeneralsJapaneseVersion4P,AlienGeneralsJapaneseVersion4P,1,60,estimada,aliengenerals
36711,StarWarsCuádruple4P,StarWarsQuadruple4P,1,60,estimada,starwarsquadruple
36712,VizSuperman (versiónjaponesa) 4P,VizSuperman (JapaneseVersion) 4P,1,60,estimada,vizsuperman
36713,LafamiliaSimpson4P,TheSimpsonsFamily4P,1,60,estimada,thesimpsonsfamily
36715,CuartetodeStarWars4P,StarWarsQuartet4P,1,60,estimada,starwarsquartet
36716,AliencontraUltimateWarrior3P,Alienvs.UltimateWarrior3P,1,60,estimada,alienvsultimatewarrior
36725,WolfofBattlefield23P,WolfofBattlefield23P,2,60,estimada,wolfofbattlefield2
36734,PowerKid,PowerKid,1,60,estimada,powerkid
36735,Reinstalacióndeaviones2,HeavyMachineTroops2,1,60,estimada,heavymachinetroops2
36736,Ceciliacambiaal96,Ceciliachangesto96,1,60,estimada,ceciliachangesto96
36737,CeciliaEdiciónEspecial,CeciliaSpecialEdition,1,60,estimada,ceciliaspecialedition
36738,Espejomágicofueradelcieloch1,HeavenlyMagicMirrorch,1,60,estimada,heavenlymagicmirrorch
36739,Elcaminodelaguerraaérea,TheRoadofAirCombat,1,60,estimada,theroadofaircombat
36740,Torbellinodetruenos,Thunderwhirlwind,1,60,estimada,thunderwhirlwind
36741,Operaciónserpientevenenosa,SnakeOperation,1,60,estimada,snakeoperation
36749,Carrerasdecaballos,horserace,1,60,estimada,horserace
36750,AjedrezycartasdeArcade-romancefinal2 (controlremoto),ArcadeChessandCardGame-FinalRomance2 (RemoteControl),1,60,estimada,arcadechessandcardgamefinalromance2
36751,Ajedrezycartasdelamáquinacallejera-seismásunodealegría (lamáquinacallejeraluc,"ArcadeChessandCardGame-JoyfulSixPlusOne (ArcadeLandlord,In",1,60,estimada,arcadechessandcardgamejoyfulsixplusone
36752,AjedrezycartasdeArcade-Mahjongcaijing (controldebalanceo),ArcadeChessandCardGame-CaijingMahjong (JoystickControl),1,60,estimada,arcadechessandcardgamecaijingmahjong
36753,BattleTribe (versiónestadounidense),BattleTribe (USVersion),3,60,estimada,battletribe
36756,Ediciónmundialdelguerreroculpable,GuiltyWarriorWorldEdition,2,60,estimada,guiltywarrior
36757,Guerreroculpable24P,GuiltyWarrior24P,1,60,estimada,guiltywarrior2
2323,versiónchina,Chineseversion,1,57,estimada,id2323
2515,SDHeroes'FinalBattleOverthrowstheEvilLegion (Chineseversion) rev1,SDHeroes'FinalBattleOverthrowstheEvilLegion (Chineseversion) r,5,57,estimada,sdheroesfinalbattleoverthrowstheevillegionr
2666,QuickJieYangGunPill2MachineLandAdventure (Chineseversion) rev1,QuickJieYangGunPill2MachineLandAdventure (Chineseversion) re,5,57,estimada,quickjieyanggunpill2machinelandadventurere
2774,TheMainland (ChineseVersion) of\OverlordofThreeKingdoms2\rev1,TheMainland (ChineseVersion) of\OverlordofThreeKingdoms2\re,5,56,estimada,themainlandofoverlordofthreekingdoms2re
2829,BiographyoftheKingofHeaven'sFallingDemons (ChineseVersion) rev1,BiographyoftheKingofHeaven'sFallingDemons (ChineseVersion) r,5,56,estimada,biographyofthekingofheavensfallingdemonsr
5043,versiónchinarev1,Chineseversionrev1,1,54,estimada,id5043
5050,versiónchinarev2,Chineseversionrev2,1,54,estimada,id5050
25469,versiónchina[v1.5ARCADE],Chineseversion[v1.5ARCADE],1,32,estimada,id25469
27787,SDHeroes'FinalBattleOverthrowstheEvilLegion (Chineseversion) p.d,SDHeroes'FinalBattleOverthrowstheEvilLegion (Chineseversion) p,1,29,estimada,sdheroesfinalbattleoverthrowstheevillegionp
27930,QuickJieYangGunPill2MachineLandAdventure (Chineseversion) p.d,QuickJieYangGunPill2MachineLandAdventure (Chineseversion) p,1,29,estimada,quickjieyanggunpill2machinelandadventurep
28027,TheMainland (ChineseVersion) of\OverlordofThreeKingdoms2\p.d,TheMainland (ChineseVersion) of\OverlordofThreeKingdoms2\p.,1,29,estimada,themainlandofoverlordofthreekingdoms2p
28078,BiographyoftheKingofHeaven'sFallingDemons (ChineseVersion) p.d,BiographyoftheKingofHeaven'sFallingDemons (ChineseVersion) p,1,29,estimada,biographyofthekingofheavensfallingdemonsp
28314,versiónchinap.d,Chineseversionp.d,1,29,estimada,id28314
34993,Emperor'sTreasureSecretLandMagicTreasure (ChineseVersion) rev1,Emperor'sTreasureSecretLandMagicTreasure (ChineseVersion) re,2,21,estimada,emperorstreasuresecretlandmagictreasurere
36714,"NuevoequipodeataqueespecialdelGrupoCero,versión4PdeChina",NewZeroGroupSpecialAttackTeamChinaVersion4P,1,20,estimada,newzerogroupspecialattackteamchinaversion
36747,PokémonGold (Chineseversion),PocketMonstersGold (Chineseversion),1,20,estimada,pocketmonstersgold
36748,PokémonCrystal (Chineseversion),PocketMonstersCrystal (Chineseversion),1,20,estimada,pocketmonsterscrystal
